player_id,player_name,position,season,team_name,team_id,status,height,weight,age,draft_year,draft_round,draft_selection,games_played,last_week_played,total_fantasy_points,ppg,ppg_stddev,ppg_last4,pass_att,pass_cmp,pass_yds,pass_td,pass_int,yds_per_att,completion_pct,pass_td_rate,rush_att,rush_yds,rush_td,yds_per_carry,rush_td_rate,total_targets,total_receptions,rec_yds,rec_td,catch_rate,yds_per_target,yds_per_reception,total_fumbles,total_fumbles_lost,team_plays_pg,team_yards_per_play,team_drives_pg,team_rz_conv_rate,team_possession_secs,team_turnovers_pg,target_share,rush_share,prior_season_ppg,prior_season_games,two_seasons_ago_ppg,ppg_trend_1yr,career_games_to_date,seasons_played_to_date,is_rookie_season,career_ppg_to_date,adp
5529,Philip Rivers,Quarterback,2025,Colts,11,Inactive,77.0,228.0,44,2004.0,1.0,4.0,3,17,39.65999984741211,13.21999994913737,5.572241,13.21999994913737,92,58,544,4,3,5.913043478260869,0.6304347826086957,0.0434782608695652,2,-1,0,-0.5,0.0,0,0,0,0,,,,2,0,57.0,4.300000031789144,10.333333333333334,0.8333333333333334,1713.6666666666667,1.6666666666666667,0.0,0.027777777777777776,17.872500002384186,16.0,17.468749910593033,-4.652500053246817,247,18,0,17.026250030155538,
8439,Aaron Rodgers,Quarterback,2025,Steelers,23,Active,74.0,223.0,42,2005.0,1.0,24.0,16,18,273.079998254776,17.0674998909235,7.9931383,16.395000100135803,498,327,3322,24,7,6.670682730923695,0.6566265060240963,0.0481927710843373,21,61,1,2.9047619047619047,0.0476190476190476,1,1,-9,0,1.0,-9.0,-9.0,4,1,57.4375,5.23750002682209,10.4375,0.5625,1687.4375,0.8125,0.0019267822736030828,0.05660377358490566,18.15176472769064,17.0,0.0,-1.0842648367671401,264,21,0,19.55375994333117,
11252,Joe Flacco,Quarterback,2025,Bengals,4,Active,78.0,245.0,41,2008.0,1.0,18.0,13,18,172.65999983251095,13.281538448654688,12.149909,3.2849999628961086,416,251,2479,15,10,5.959134615384615,0.6033653846153846,0.0360576923076923,21,35,1,1.6666666666666667,0.0476190476190476,0,0,0,0,,,,3,3,65.23076923076923,5.369230765562791,10.76923076923077,0.7142857142857143,1862.2307692307693,1.2307692307692308,0.0,0.07,17.577142919812882,7.0,24.96800003051758,-4.295604471158194,208,18,0,16.0428156710823,
12483,Matthew Stafford,Quarterback,2025,Rams,14,Active,75.0,214.0,38,2009.0,1.0,1.0,17,18,442.3800058364868,26.022353284499225,8.637163,28.30500030517578,597,388,4707,46,8,7.884422110552764,0.6499162479061976,0.0770519262981574,29,1,0,0.0344827586206896,0.0,0,0,0,0,,,,7,3,63.88235294117647,6.147058795480167,10.647058823529411,0.631578947368421,1845.764705882353,0.8823529411764706,0.0,0.06236559139784946,15.911249816417694,16.0,19.13999983469645,10.11110346808153,239,17,0,20.196465878540657,
14012,Andy Dalton,Quarterback,2025,Panthers,29,Active,74.0,220.0,38,2011.0,2.0,35.0,4,8,11.519999764859676,2.879999941214919,3.2444108,2.879999941214919,37,25,293,1,1,7.918918918918919,0.6756756756756757,0.027027027027027,5,-2,0,-0.4,0.0,0,0,0,0,,,,2,2,62.25,4.375,10.5,0.6,1931.25,1.0,0.0,0.040983606557377046,12.160000128671529,6.0,13.82000045850873,-9.28000018745661,178,15,0,15.91243555409945,
14163,Tyrod Taylor,Quarterback,2025,Jets,20,Active,73.0,217.0,36,2011.0,6.0,180.0,6,14,69.46000099182129,11.576666831970217,9.115434,9.610000133514404,134,80,779,5,5,5.813432835820896,0.5970149253731343,0.0373134328358208,27,143,1,5.296296296296297,0.037037037037037,0,0,0,0,,,,1,1,57.833333333333336,4.0,11.166666666666666,0.4615384615384615,1535.6666666666667,1.6666666666666667,0.0,0.2,12.03000020980835,2.0,9.734000009298324,-0.453333377838133,90,15,0,9.42904133039098,
14880,Kirk Cousins,Quarterback,2025,Falcons,1,Active,75.0,209.0,37,2012.0,4.0,102.0,10,18,123.5399967432022,12.35399967432022,9.550576,19.20999956130981,269,166,1721,10,5,6.397769516728625,0.6171003717472119,0.037174721189591,14,7,1,0.5,0.0714285714285714,0,0,0,0,,,,3,1,61.0,5.280000019073486,10.9,0.6538461538461539,1754.2,1.4,0.0,0.050724637681159424,15.165714400155204,14.0,23.21750032901764,-2.8117147258349853,174,14,0,18.64918828840111,
14881,Russell Wilson,Quarterback,2025,Giants,19,Free Agent,71.0,206.0,37,2012.0,3.0,75.0,6,10,55.83999902009964,9.30666650334994,12.62783,2.1049999743700027,119,69,831,3,3,6.983193277310924,0.5798319327731093,0.0252100840336134,18,106,0,5.888888888888889,0.0,0,0,0,0,,,,3,0,65.66666666666667,5.233333309491475,10.333333333333334,0.3636363636363636,1891.0,0.6666666666666666,0.0,0.0989010989010989,18.616363872181285,11.0,20.32666645050049,-9.309697368831346,205,14,0,21.06136101689708,
15795,DeAndre Hopkins,Wide Receiver,2025,Ravens,33,Free Agent,73.0,210.0,34,2013.0,1.0,27.0,17,18,66.99999952316284,3.941176442538991,4.043304,3.075000047683716,0,0,0,0,0,,,,0,0,0,,,39,22,330,2,0.5641025641025641,8.461538461538462,15.0,0,0,57.294117647058826,5.917647081262925,10.470588235294118,0.4745762711864407,1751.1764705882354,1.3529411764705883,0.0924170616113744,0.0,9.187499981373549,16.0,13.152941086713003,-5.246323538834558,195,13,0,14.728897977599386,
15818,Keenan Allen,Wide Receiver,2025,Chargers,24,Free Agent,74.0,211.0,34,2013.0,3.0,76.0,17,18,182.6999990940094,10.747058770235848,6.6026835,7.825000107288361,0,0,0,0,0,,,,0,0,0,,,122,81,777,4,0.6639344262295082,6.368852459016393,9.592592592592592,2,0,64.41176470588235,5.188235310947194,10.352941176470589,0.4736842105263157,1964.8235294117649,1.2352941176470589,0.21441124780316345,0.0,12.293333435058594,15.0,21.60461535820594,-1.5462746648227466,170,13,0,15.767972197954922,
15835,Zach Ertz,Tight End,2025,Commanders,28,Free Agent,77.0,250.0,35,2013.0,2.0,35.0,13,14,124.39999914169312,9.569230703207165,5.9641733,10.074999928474426,0,0,0,0,0,,,,0,0,0,,,72,50,504,4,0.6944444444444444,7.0,10.08,1,0,59.76923076923077,5.5,9.615384615384617,0.6571428571428571,1733.4615384615386,1.3846153846153846,0.18848167539267016,0.0,10.20000007573296,17.0,7.385714394705636,-0.6307693725257959,179,13,0,11.01074767023442,
15847,Travis Kelce,Tight End,2025,Chiefs,12,Active,77.0,250.0,36,2013.0,3.0,63.0,17,18,191.20000064373016,11.247058861395892,6.2084484,7.10000005364418,0,0,0,0,0,,,,1,1,0,1.0,0.0,108,76,851,5,0.7037037037037037,7.87962962962963,11.197368421052632,1,0,62.41176470588236,5.052941154031193,10.0,0.576271186440678,1809.2941176470588,0.8823529411764706,0.18493150684931506,0.002325581395348837,12.212499909102917,16.0,14.626666831970216,-0.9654410477070243,191,12,0,15.005913360723676,
15864,Geno Smith,Quarterback,2025,Raiders,13,Active,74.0,221.0,35,2013.0,2.0,39.0,15,17,209.89999914169312,13.993333276112876,8.82272,13.55500030517578,448,302,3025,19,17,6.752232142857143,0.6741071428571429,0.0424107142857142,41,109,0,2.658536585365854,0.0,0,0,0,0,,,,4,1,56.333333333333336,4.593333371480306,10.666666666666666,0.5294117647058824,1702.0,1.3333333333333333,0.0,0.12654320987654322,18.11764700272504,17.0,17.550666729609173,-4.124313726612163,108,12,0,12.416347860737966,
16460,Adam Thielen,Wide Receiver,2025,Steelers,23,Inactive,74.0,195.0,35,,,,14,18,37.59999966621399,2.685714261872428,2.648681,5.324999988079071,0,0,0,0,0,,,,0,0,0,,,35,19,186,0,0.5428571428571428,5.314285714285714,9.789473684210526,0,0,58.5,5.185714295932224,10.571428571428571,0.4883720930232558,1722.7857142857142,1.3571428571428572,0.07526881720430108,0.0,13.950000047683716,10.0,13.470588193220252,-11.264285785811287,159,12,0,11.582292555473762,
16728,Teddy Bridgewater,Quarterback,2025,Buccaneers,27,Active,74.0,212.0,33,2014.0,1.0,32.0,3,12,2.8799999207258224,0.959999973575274,1.4990664,0.959999973575274,15,8,62,0,0,4.133333333333334,0.5333333333333333,0.0,3,4,0,1.3333333333333333,0.0,0,0,0,0,,,,0,0,67.0,4.033333381017049,12.666666666666666,0.375,1905.3333333333333,2.0,0.0,0.0375,-0.2000000029802322,1.0,9.203999900817871,1.1599999765555062,81,10,0,8.669247879934918,
16731,Brandin Cooks,Wide Receiver,2025,Bills,2,Free Agent,70.0,189.0,32,2014.0,1.0,20.0,13,17,51.89999961853027,3.992307662963867,3.4991124,4.100000083446503,0,0,0,0,0,,,,0,0,0,,,36,24,279,0,0.6666666666666666,7.75,11.625,0,0,62.46153846153846,4.8692307472229,10.153846153846152,0.525,1739.5384615384614,1.3076923076923077,0.08571428571428572,0.0,6.960000038146973,10.0,10.700000002980232,-2.9676923751831055,169,12,0,12.276055401010536,
16737,Mike Evans,Wide Receiver,2025,Buccaneers,27,Active,77.0,231.0,32,2014.0,1.0,7.0,8,18,84.80000257492065,10.600000321865082,5.424481,12.700000405311584,0,0,0,0,0,,,,0,0,0,,,61,30,368,3,0.4918032786885246,6.032786885245901,12.266666666666667,0,0,63.625,5.037499994039536,10.375,0.5454545454545454,1910.625,1.0,0.22181818181818183,0.0,17.171428663390024,14.0,16.617647100897397,-6.571428341524943,176,12,0,15.785296934368619,
16760,Jimmy Garoppolo,Quarterback,2025,Rams,14,Free Agent,74.0,225.0,34,2014.0,2.0,62.0,3,18,-1.0000000298023224,-0.3333333432674408,0.04714043,-0.3333333432674408,0,0,0,0,0,,,,9,-10,0,-1.1111111111111112,0.0,0,0,0,0,,,,0,0,67.0,5.933333396911621,11.0,0.75,1980.3333333333333,0.0,0.0,0.09375,23.86000061035156,1.0,10.871428625924247,-24.193333953619,83,12,0,12.282001640968977,
16800,Davante Adams,Wide Receiver,2025,Rams,14,Active,73.0,204.0,33,2014.0,2.0,53.0,14,15,222.9000029563904,15.921428782599312,6.5905914,15.75000011920929,0,0,0,0,0,,,,0,0,0,,,114,60,789,14,0.5263157894736842,6.921052631578948,13.15,0,0,61.785714285714285,6.171428544180734,10.428571428571429,0.6666666666666666,1799.928571428571,0.8571428571428571,0.24203821656050956,0.0,17.09285695212228,14.0,15.611764788627625,-1.171428169522967,176,12,0,16.772818815258706,
2310331,Tyler Johnson,Wide Receiver,2025,Jets,20,Active,73.0,208.0,27,2020.0,5.0,161.0,9,17,37.69999933242798,4.18888881471422,4.920128,4.599999904632568,0,0,0,0,0,,,,0,0,0,,,18,12,197,1,0.6666666666666666,10.944444444444445,16.416666666666668,0,0,59.11111111111112,4.19999995496538,10.88888888888889,0.45,1695.6666666666667,1.1111111111111112,0.07377049180327869,0.0,5.554545413364064,11.0,8.800000190734863,-1.365656598649844,46,5,0,5.486686871364863,
2468609,Taysom Hill,Quarterback,2025,Saints,18,Free Agent,74.0,221.0,35,,,,13,18,43.77999953180552,3.367692271677347,4.473344,5.929999876767397,6,2,57,1,0,9.5,0.3333333333333333,0.1666666666666666,52,114,1,2.1923076923076925,0.0192307692307692,16,11,91,0,0.6875,5.6875,8.272727272727273,3,1,61.84615384615385,5.230769322468684,10.153846153846152,0.4193548387096774,1706.923076923077,1.6153846153846154,0.03619909502262444,0.16149068322981366,12.792499959468842,8.0,9.094999960623682,-9.424807687791494,110,8,0,8.085685088151457,
2573079,Carson Wentz,Quarterback,2025,Vikings,16,Active,77.0,237.0,33,2016.0,1.0,2.0,5,8,80.34000015258789,16.068000030517577,4.984517,15.255000114440918,169,110,1216,6,5,7.195266272189349,0.650887573964497,0.0355029585798816,11,57,0,5.181818181818182,0.0,0,0,0,0,,,,3,0,61.0,5.259999942779541,10.6,0.5555555555555556,1787.8,1.4,0.0,0.10185185185185185,2.360000044107437,2.0,28.1200008392334,13.70799998641014,101,10,0,18.22491556070738,
2573401,Tyler Higbee,Tight End,2025,Rams,14,Active,78.0,253.0,33,2016.0,4.0,110.0,9,18,71.1000006198883,7.900000068876478,5.759437,10.000000178813934,0,0,0,0,0,,,,0,0,0,,,36,25,281,3,0.6944444444444444,7.805555555555555,11.24,0,0,63.77777777777778,5.633333312140571,10.77777777777778,0.6341463414634146,1837.7777777777776,0.5555555555555556,0.1188118811881188,0.0,8.866666952768961,3.0,7.233333285649618,-0.9666668838924828,126,10,0,7.446722992064719,
2574511,Brandon Allen,Quarterback,2025,Titans,10,Active,74.0,219.0,33,2016.0,6.0,201.0,1,18,0.8799999952316284,0.8799999952316284,0.0,0.8799999952316284,30,17,72,0,1,2.4,0.5666666666666667,0.0,0,0,0,,,0,0,0,0,,,,0,0,53.0,3.700000047683716,10.0,1.0,1617.0,1.0,0.0,0.0,2.7866666788856187,3.0,0.7799999713897705,-1.9066666836539903,18,6,0,5.465333320200443,
2574808,Robbie Chosen,Wide Receiver,2025,Commanders,28,Free Agent,75.0,190.0,33,,,,3,11,10.299999952316284,3.433333317438761,3.1457198,3.433333317438761,0,0,0,0,0,,,,0,0,0,,,9,5,53,0,0.5555555555555556,5.888888888888889,10.6,0,0,59.66666666666666,5.600000063578288,10.0,0.6666666666666666,1773.0,1.3333333333333333,0.10714285714285714,0.0,1.5,1.0,4.520000076293945,1.9333333174387608,114,10,0,7.772896369456076,
2576336,Ameer Abdullah,Running Back,2025,Colts,11,Active,69.0,203.0,32,2015.0,2.0,54.0,12,18,35.89999961853027,2.991666634877523,2.744831,3.7499999403953552,0,0,0,0,0,,,,14,60,1,4.285714285714286,0.0714285714285714,17,16,99,0,0.9411764705882352,5.823529411764706,6.1875,1,1,60.083333333333336,5.558333357175191,10.5,0.7441860465116279,1753.8333333333333,1.6666666666666667,0.042606516290726815,0.04697986577181208,9.630769349061524,13.0,2.562500014901161,-6.639102714184,122,11,0,5.859916610053489,
2576414,Raheem Mostert,Running Back,2025,Raiders,13,Free Agent,70.0,212.0,34,,,,12,16,29.400000423192974,2.4500000352660813,2.1994317,1.225000023841858,0,0,0,0,0,,,,22,104,0,4.727272727272728,0.0,12,12,70,0,1.0,5.833333333333333,5.833333333333333,0,0,53.66666666666666,4.250000019868215,10.5,0.56,1616.8333333333333,1.25,0.0339943342776204,0.08943089430894309,5.908333384742339,12.0,17.84666681289673,-3.458333349476258,90,11,0,6.142386418355233,
2576581,Chris Moore,Wide Receiver,2025,Commanders,28,Free Agent,73.0,200.0,32,2016.0,4.0,107.0,8,17,38.6000007390976,4.825000092387199,4.044054,7.200000166893005,0,0,0,0,0,,,,1,9,0,9.0,0.0,23,11,207,1,0.4782608695652174,9.0,18.818181818181817,0,0,56.75,6.450000047683716,9.75,0.6086956521739131,1673.25,1.25,0.10697674418604651,0.0045045045045045045,4.553333314259847,15.0,7.673333311080933,0.2716667781273525,85,8,0,4.464479171546797,
2576925,Darren Waller,Tight End,2025,Dolphins,15,Free Agent,78.0,238.0,33,2015.0,6.0,204.0,8,17,88.70000004768372,11.087500005960464,8.104388,9.07500010728836,0,0,0,0,0,,,,1,4,0,4.0,0.0,34,24,283,6,0.7058823529411765,8.323529411764707,11.791666666666666,0,0,55.875,5.637499928474426,11.0,0.6956521739130435,1757.375,1.0,0.1559633027522936,0.004694835680751174,9.433333347241083,12.0,10.600000083446504,1.6541666587193813,85,9,0,9.40404045080095,
2576980,Marcus Mariota,Quarterback,2025,Commanders,28,Active,76.0,222.0,32,2015.0,1.0,2.0,10,16,143.49999976158142,14.34999997615814,9.076065,11.400000035762789,227,139,1695,10,7,7.466960352422907,0.6123348017621145,0.0440528634361233,50,297,1,5.94,0.02,0,0,0,0,,,,6,3,57.9,5.430000066757202,9.8,0.6153846153846154,1711.7,1.5,0.0,0.17793594306049823,17.920000431438286,3.0,6.880000233650208,-3.5700004552801463,99,11,0,15.575337701730735,
2577327,Tyler Lockett,Wide Receiver,2025,Raiders,13,Free Agent,70.0,182.0,33,2015.0,3.0,69.0,17,18,67.09999895095825,3.9470587618210735,3.4366739,3.749999910593033,0,0,0,0,0,,,,0,0,0,,,55,32,291,1,0.5818181818181818,5.290909090909091,9.09375,0,0,56.47058823529412,4.005882389405194,10.823529411764708,0.5517241379310345,1629.1764705882354,1.3529411764705883,0.10054844606946983,0.0,7.11764712193433,17.0,11.67058826895321,-3.1705883601132565,177,11,0,11.221552734298815,
2577417,Dak Prescott,Quarterback,2025,Cowboys,6,Active,74.0,238.0,32,2016.0,4.0,135.0,17,18,367.7799975275993,21.63411750162349,10.496,15.625000044703484,600,404,4552,30,10,7.586666666666667,0.6733333333333333,0.05,53,177,2,3.339622641509434,0.0377358490566037,0,0,0,0,,,,6,2,65.88235294117646,5.96470588796279,10.411764705882351,0.5692307692307692,1847.6470588235293,1.2352941176470589,0.0,0.11397849462365592,17.315000027418137,8.0,24.16705902884988,4.319117474205353,139,10,0,22.266375883952076,
2578570,Jacoby Brissett,Quarterback,2025,Cardinals,22,Active,76.0,235.0,33,2016.0,3.0,91.0,14,18,271.4400007277727,19.388571480555196,8.695634,19.8199999332428,485,315,3366,23,8,6.9402061855670105,0.6494845360824743,0.0474226804123711,38,168,1,4.421052631578948,0.0263157894736842,0,0,0,0,,,,5,4,63.21428571428572,5.385714258466448,10.142857142857142,0.5384615384615384,1759.428571428571,1.3571428571428572,0.0,0.1292517006802721,6.748571589589119,7.0,14.43000030517578,12.639999890966077,96,10,0,10.4780623634495,
2580216,DeAndre Carter,Wide Receiver,2025,Browns,5,Free Agent,68.0,190.0,33,,,,1,4,0.0,0.0,0.0,0.0,0,0,0,0,0,,,,0,0,0,,,0,0,0,0,,,,1,0,65.0,3.799999952316284,14.0,0.5,1904.0,3.0,0.0,0.0,2.366666615009308,6.0,1.0777777632077534,-2.366666615009308,66,8,0,3.0297283394528285,
2969939,Jameis Winston,Quarterback,2025,Giants,19,Active,76.0,231.0,32,2015.0,1.0,1.0,3,15,47.280001640319824,15.760000546773275,15.166701,15.760000546773275,66,37,567,2,2,8.590909090909092,0.5606060606060606,0.0303030303030303,7,23,1,3.2857142857142856,0.1428571428571428,1,1,33,1,1.0,33.0,33.0,1,1,71.0,5.766666571299235,11.0,0.5833333333333334,2046.3333333333333,1.3333333333333333,0.009708737864077669,0.0660377358490566,13.558181890709834,11.0,2.660000008841356,2.201818656063441,105,11,0,15.57967060026153,
2971281,Pharaoh Brown,Tight End,2025,Cardinals,22,Free Agent,77.0,246.0,32,,,,1,15,2.0999999046325684,2.0999999046325684,0.0,2.0999999046325684,0,0,0,0,0,,,,0,0,0,,,2,2,1,0,1.0,0.5,0.5,0,0,63.0,4.900000095367432,10.0,0.6666666666666666,1662.0,2.0,0.05,0.0,1.5625000149011612,8.0,4.200000047683716,0.5374998897314072,48,7,0,3.039625844176935,
2972515,Cooper Rush,Quarterback,2025,Ravens,33,Free Agent,75.0,225.0,32,,,,4,6,1.7199998795986176,0.4299999698996544,1.2596428,0.4299999698996544,52,34,303,0,4,5.826923076923077,0.6538461538461539,0.0,4,-4,0,-1.0,0.0,0,0,0,0,,,,1,1,55.25,5.125,10.25,0.4545454545454545,1722.0,2.0,0.0,0.0425531914893617,10.96333334222436,12.0,0.4657143003174236,-10.533333372324705,37,6,0,4.733174653457744,
2973405,Kalif Raymond,Wide Receiver,2025,Lions,8,Active,69.0,160.0,31,,,,12,18,60.799999594688416,5.066666632890701,4.302777,7.2250001430511475,0,0,0,0,0,,,,2,19,0,9.5,0.0,30,24,289,1,0.8,9.633333333333333,12.041666666666666,0,0,64.33333333333333,5.9583333532015486,11.166666666666666,0.5957446808510638,1858.8333333333333,1.0833333333333333,0.06960556844547564,0.006389776357827476,5.049999916553498,10.0,5.729411749278798,0.016666716337203624,92,9,0,4.1858737761719995,
2975674,Robert Tonyan,Tight End,2025,Chiefs,12,Active,77.0,240.0,32,,,,1,11,1.100000023841858,1.100000023841858,0.0,1.100000023841858,0,0,0,0,0,,,,0,0,0,,,1,1,1,0,1.0,1.0,1.0,0,0,62.0,5.0,10.0,0.25,1831.0,1.0,0.022222222222222223,0.0,2.018181800842285,11.0,6.588235259056091,-0.9181817770004272,66,7,0,4.886948433707631,
2975863,Eric Saubert,Tight End,2025,Seahawks,26,Active,77.0,248.0,32,2017.0,5.0,174.0,5,18,7.100000023841858,1.4200000047683716,1.2139193,1.2249999940395355,0,0,0,0,0,,,,0,0,0,,,7,4,31,0,0.5714285714285714,4.428571428571429,7.75,0,0,62.0,5.400000095367432,10.4,0.4736842105263157,1933.8,0.8,0.051470588235294115,0.0,3.3374999314546585,8.0,1.400000015894572,-1.9174999266862869,45,8,0,2.1554342422763377,
2976212,Stefon Diggs,Wide Receiver,2025,Patriots,17,Free Agent,72.0,191.0,32,2015.0,5.0,146.0,17,18,210.3000001907349,12.370588246513815,6.6082625,14.449999928474426,0,0,0,0,0,,,,0,0,0,,,102,85,1013,4,0.8333333333333334,9.931372549019608,11.91764705882353,0,0,61.41176470588236,6.229411770315731,10.294117647058824,0.5714285714285714,1877.7058823529408,0.9411764705882352,0.20318725099601595,0.0,15.240000009536743,8.0,15.988235361435834,-2.869411763022928,161,11,0,15.726266376639702,
2976592,Sterling Shepard,Wide Receiver,2025,Buccaneers,27,Free Agent,70.0,194.0,33,2016.0,2.0,40.0,13,14,81.99999976158142,6.307692289352417,3.4863384,4.325000047683716,0,0,0,0,0,,,,4,19,0,4.75,0.0,53,39,371,1,0.7358490566037735,7.0,9.512820512820513,1,1,62.84615384615385,5.046153875497671,11.153846153846152,0.5,1891.692307692308,0.7692307692307693,0.12268518518518519,0.011142061281337047,6.023076901069055,13.0,2.029999989271164,0.2846153882833624,111,10,0,10.022504917026817,
2977187,Cooper Kupp,Wide Receiver,2025,Seahawks,26,Active,73.0,205.0,32,2017.0,3.0,69.0,16,18,114.30000007152556,7.143750004470348,3.9662592,5.250000149011612,1,0,0,0,1,0.0,0.0,0.0,0,0,0,,,70,47,593,2,0.6714285714285714,8.471428571428572,12.617021276595745,1,1,60.4375,5.806250035762787,11.0625,0.5263157894736842,1823.1875,1.6875,0.15317286652078774,0.0,14.583333412806192,12.0,13.5333331823349,-7.439583408335844,120,9,0,15.874878310238485,
2983509,Dare Ogunbowale,Running Back,2025,Texans,34,Free Agent,70.0,205.0,32,,,,9,18,24.100000023841854,2.677777780426873,2.16527,3.925000011920929,0,0,0,0,0,,,,11,25,1,2.272727272727273,0.0909090909090909,13,10,76,0,0.7692307692307693,5.846153846153846,7.6,1,1,66.0,4.7777778307596845,11.555555555555555,0.3666666666666666,1936.2222222222224,0.4444444444444444,0.04024767801857585,0.043478260869565216,3.733333324889342,15.0,1.2166666636864345,-1.055555544462469,74,7,0,3.7203898741312096,
2991662,Mack Hollins,Wide Receiver,2025,Patriots,17,Active,76.0,221.0,32,2017.0,4.0,118.0,14,16,113.400000333786,8.100000023841858,4.446666,8.075000047683716,0,0,0,0,0,,,,1,4,0,4.0,0.0,65,46,550,2,0.7076923076923077,8.461538461538462,11.956521739130435,1,0,62.142857142857146,6.0428571701049805,10.214285714285714,0.5102040816326531,1902.0,1.0714285714285714,0.15294117647058825,0.0024875621890547263,5.811764703077428,17.0,4.788888838556078,2.2882353207644295,97,8,0,5.481744904404161,
2998565,Mo Alie-Cox,Tight End,2025,Colts,11,Active,77.0,267.0,32,,,,11,18,30.69999957084656,2.7909090518951416,3.0224776,4.949999928474426,0,0,0,0,0,,,,0,0,0,,,20,13,117,1,0.65,5.85,9.0,0,0,62.81818181818182,5.6636363593014805,10.363636363636363,0.6136363636363636,1845.1818181818185,1.7272727272727273,0.053763440860215055,0.0,2.725000023841858,12.0,3.623076927203399,0.06590902805328369,98,8,0,3.671739811557456,
3039707,Mitchell Trubisky,Quarterback,2025,Bills,2,Active,75.0,222.0,31,2017.0,1.0,2.0,4,18,37.12000063061714,9.280000157654284,14.770247,9.280000157654284,35,25,313,4,0,8.942857142857143,0.7142857142857143,0.1142857142857142,9,6,0,0.6666666666666666,0.0,0,0,0,0,,,,0,0,67.0,6.200000047683716,10.25,0.6428571428571429,2124.0,0.75,0.0,0.06293706293706294,2.407499949913472,8.0,10.93600001335144,6.872500207740812,80,9,0,11.504208991309461,
3040151,George Kittle,Tight End,2025,49ers,25,Active,76.0,250.0,32,2017.0,5.0,146.0,11,18,161.5,14.681818181818182,7.8758316,16.47499978542328,0,0,0,0,0,,,,1,-3,0,-3.0,0.0,69,57,628,7,0.8260869565217391,9.101449275362318,11.017543859649123,0,0,61.0,5.345454562794078,9.818181818181818,0.6888888888888889,1829.4545454545453,1.181818181818182,0.20597014925373133,0.003105590062111801,15.77333337465922,15.0,12.70000010728836,-1.0915151928410385,124,9,0,13.926531270159272,
3042519,Aaron Jones Sr.,Running Back,2025,Vikings,16,Active,70.0,208.0,31,2017.0,5.0,182.0,12,17,118.70000004768372,9.89166667064031,4.316916,10.925000071525574,0,0,0,0,0,,,,132,548,2,4.151515151515151,0.0151515151515151,41,28,199,1,0.6829268292682927,4.853658536585366,7.107142857142857,2,1,52.66666666666666,4.4583333532015486,11.0,0.6333333333333333,1600.0,1.9166666666666667,0.13398692810457516,0.46808510638297873,14.21176467222326,17.0,12.263636393980546,-4.32009800158295,124,9,0,14.065645210545778,
3043078,Derrick Henry,Running Back,2025,Ravens,33,Active,74.0,252.0,32,2016.0,2.0,45.0,17,18,279.4999988079071,16.441176400465125,9.704038,22.74999952316284,1,0,0,0,0,0.0,0.0,0.0,307,1595,16,5.195439739413681,0.0521172638436482,21,15,150,0,0.7142857142857143,7.142857142857143,10.0,4,3,57.294117647058826,5.917647081262925,10.470588235294118,0.4745762711864407,1751.1764705882354,1.3529411764705883,0.04976303317535545,0.6055226824457594,19.788235496072208,17.0,14.74470578922945,-3.347059095607083,152,10,0,16.309036748538873,
3043116,Demarcus Robinson,Wide Receiver,2025,49ers,25,Active,73.0,202.0,31,2016.0,4.0,126.0,14,18,56.200000405311584,4.014285743236542,2.9237592,6.575000047683716,0,0,0,0,0,,,,1,6,0,6.0,0.0,35,22,276,1,0.6285714285714286,7.885714285714286,12.545454545454543,0,0,62.85714285714285,5.52142858505249,9.928571428571429,0.6909090909090909,1847.642857142857,1.2857142857142858,0.07625272331154684,0.002506265664160401,7.264705805217519,17.0,10.925000101327896,-3.250420061980977,123,9,0,6.345721278085707,
3043275,Austin Hooper,Tight End,2025,Patriots,17,Active,76.0,254.0,31,2016.0,3.0,81.0,13,18,59.30000162124634,4.561538586249719,2.8266692,5.725000143051148,0,0,0,0,0,,,,0,0,0,,,26,21,263,2,0.8076923076923077,10.115384615384617,12.523809523809524,0,0,62.46153846153846,6.207692293020395,10.384615384615383,0.6086956521739131,1922.3846153846157,1.0769230769230769,0.06770833333333333,0.0,6.38823523942162,17.0,3.0250000208616257,-1.8266966531719016,146,10,0,7.285632126389132,
3044720,Joshua Dobbs,Quarterback,2025,Patriots,17,Free Agent,75.0,220.0,31,2017.0,4.0,135.0,4,18,2.100000038743019,0.5250000096857548,0.5177596,0.5250000096857548,10,7,65,0,0,6.5,0.7,0.0,10,-5,0,-0.5,0.0,0,0,0,0,,,,0,0,57.5,6.924999952316284,10.25,0.8823529411764706,1870.5,0.0,0.0,0.07407407407407407,17.420000076293945,2.0,16.97384610542884,-16.89500006660819,27,6,0,8.263807618856811,
3045147,James Conner,Running Back,2025,Cardinals,22,Active,73.0,233.0,31,2017.0,3.0,105.0,3,3,33.29999923706055,11.09999974568685,3.2383118,11.09999974568685,0,0,0,0,0,,,,32,95,1,2.96875,0.03125,9,8,38,1,0.8888888888888888,4.222222222222222,4.75,1,0,57.66666666666666,4.899999936421712,9.0,0.5,1903.3333333333333,0.3333333333333333,0.10112359550561797,0.4155844155844156,15.612499848008156,16.0,15.5,-4.512500102321306,108,9,0,13.826089677924656,
3045523,Kendrick Bourne,Wide Receiver,2025,49ers,25,Active,73.0,203.0,30,,,,14,18,92.1000018119812,6.578571557998657,6.640158,3.224999964237213,0,0,0,0,0,,,,0,0,0,,,53,37,551,0,0.6981132075471698,10.39622641509434,14.891891891891891,0,0,63.42857142857143,5.557142836706979,9.857142857142858,0.660377358490566,1816.142857142857,1.2142857142857142,0.1101871101871102,0.0,5.425000041723251,12.0,12.49999988079071,1.1535715162754059,123,9,0,7.444040625748552,
3046439,Hunter Henry,Tight End,2025,Patriots,17,Active,77.0,249.0,31,2016.0,2.0,35.0,17,18,178.80000019073486,10.517647070043228,7.0582676,10.699999988079073,0,0,0,0,0,,,,0,0,0,,,87,60,768,7,0.6896551724137931,8.827586206896552,12.8,0,0,61.41176470588236,6.229411770315731,10.294117647058824,0.5714285714285714,1877.7058823529408,0.9411764705882352,0.17330677290836655,0.0,9.087500035762789,16.0,9.223077040452225,1.4301470342804397,129,9,0,9.875434567817956,
3046779,Jared Goff,Quarterback,2025,Lions,8,Active,76.0,217.0,31,2016.0,1.0,1.0,17,18,365.05999755859375,21.47411750344669,9.271844,21.324999809265137,578,393,4564,34,8,7.896193771626297,0.6799307958477508,0.0588235294117647,19,45,0,2.3684210526315788,0.0,0,0,0,0,,,,6,5,62.52941176470589,5.97058824931874,11.0,0.625,1833.235294117647,0.8823529411764706,0.0,0.042986425339366516,23.32117669722613,17.0,20.299999938291663,-1.8470591937794403,151,10,0,19.057770867362954,
3047876,KhaDarel Hodge,Wide Receiver,2025,Falcons,1,Free Agent,74.0,210.0,31,,,,3,11,6.099999904632568,2.033333301544189,2.8755677,2.033333301544189,0,0,0,0,0,,,,0,0,0,,,10,3,31,0,0.3,3.1,10.333333333333334,0,0,59.333333333333336,5.100000063578288,11.0,0.7142857142857143,1699.0,0.6666666666666666,0.0970873786407767,0.0,4.349999944368999,6.0,2.8615384652064395,-2.3166666428248104,58,8,0,2.9379700859096607,
3049698,Anthony Firkser,Tight End,2025,Lions,8,Active,74.0,245.0,31,,,,5,18,13.300000071525574,2.6600000143051146,2.7681038,2.975000023841858,0,0,0,0,0,,,,0,0,0,,,10,8,53,0,0.8,5.3,6.625,0,0,64.4,5.579999923706055,10.6,0.5294117647058824,1846.4,1.4,0.053763440860215055,0.0,2.374999985098839,8.0,4.873333358764649,0.28500002920627576,61,6,0,4.244305552211073,
3050481,Tanner Hudson,Tight End,2025,Bengals,4,Active,77.0,241.0,31,,,,10,17,47.79999887943268,4.779999887943268,2.9885774,3.299999922513962,0,0,0,0,0,,,,0,0,0,,,24,19,168,2,0.7916666666666666,7.0,8.842105263157896,0,0,65.2,5.6,10.4,0.6764705882352942,1887.2,1.1,0.06091370558375635,0.0,4.277777711550395,9.0,6.683333337306976,0.5022221763928734,45,6,0,3.75546294218964,
3051738,Marquez Valdes-Scantling,Wide Receiver,2025,Steelers,23,Active,76.0,206.0,31,2018.0,5.0,174.0,9,18,31.999998927116398,3.555555436346266,3.1521106,5.999999791383743,0,0,0,0,0,,,,0,0,0,,,29,14,120,1,0.4827586206896552,4.137931034482759,8.571428571428571,1,0,66.77777777777777,5.488888899485271,10.22222222222222,0.4482758620689655,1916.6666666666667,0.5555555555555556,0.08146067415730338,0.0,6.500000128379235,13.0,3.5312499552965164,-2.9444446920329694,110,8,0,6.4387132142880725,
3051876,Evan Engram,Tight End,2025,Broncos,7,Active,75.0,240.0,31,2017.0,1.0,23.0,16,18,102.79999923706056,6.424999952316284,3.7873979,5.349999964237213,0,0,0,0,0,,,,1,7,0,7.0,0.0,76,50,461,1,0.6578947368421053,6.065789473684211,9.22,0,0,65.25,5.312500059604645,11.125,0.5818181818181818,1902.0,1.0625,0.1292517006802721,0.0022988505747126436,9.722222434149849,9.0,13.547058750601376,-3.2972224818335647,124,9,0,10.24185367168027,
3052096,Johnny Mundt,Tight End,2025,Jaguars,30,Active,76.0,245.0,31,,,,11,18,20.100000023841854,1.827272729440169,1.3444098,2.324999988079071,0,0,0,0,0,,,,0,0,0,,,19,9,111,0,0.4736842105263157,5.842105263157895,12.333333333333334,0,0,63.54545454545455,5.109090935100209,10.909090909090908,0.5897435897435898,1883.1818181818185,1.181818181818182,0.05263157894736842,0.0,3.4769230622511644,13.0,4.466666605737474,-1.6496503328109955,55,8,0,2.767607808069101,
3052587,Baker Mayfield,Quarterback,2025,Buccaneers,27,Active,73.0,215.0,31,2018.0,1.0,1.0,17,18,319.9199981689453,18.818823421702664,7.1425223,18.13500022888184,543,343,3693,26,11,6.801104972375691,0.6316758747697975,0.0478821362799263,55,382,1,6.945454545454545,0.0181818181818181,0,0,0,0,,,,11,3,62.8235294117647,5.123529434204102,10.764705882352942,0.54,1913.4117647058824,0.9411764705882352,0.0,0.11652542372881355,26.22352947908289,17.0,19.18000005273258,-7.404706057380228,123,8,0,18.425695868162048,
3052897,Durham Smythe,Tight End,2025,Bears,3,Active,77.0,248.0,30,2018.0,4.0,123.0,4,17,6.4999998807907104,1.6249999701976776,0.34910572,1.6249999701976776,0,0,0,0,0,,,,0,0,0,,,6,4,25,0,0.6666666666666666,4.166666666666667,6.25,0,0,66.5,5.325000047683716,10.5,0.5833333333333334,1856.5,0.75,0.041666666666666664,0.0,1.0999999779921312,13.0,5.507692337036133,0.5249999922055464,84,8,0,3.0345753071877435,
3054212,Jonnu Smith,Tight End,2025,Steelers,23,Free Agent,75.0,248.0,30,2017.0,3.0,100.0,17,18,85.20000064373016,5.0117647437488335,3.7995179,5.625000029802322,0,0,0,0,0,,,,9,70,1,7.777777777777778,0.1111111111111111,54,38,222,2,0.7037037037037037,4.111111111111111,5.842105263157895,1,0,58.11764705882353,5.223529437009026,10.411764705882351,0.5882352941176471,1705.1764705882354,0.8823529411764706,0.09818181818181818,0.022113022113022112,13.07647065555348,17.0,8.279999947547912,-8.064705911804648,129,9,0,6.8338413619717295,
3054850,Alvin Kamara,Running Back,2025,Saints,18,Active,70.0,215.0,30,2017.0,3.0,67.0,11,12,100.69999998807909,9.154545453461736,4.669897,6.299999997019768,0,0,0,0,0,,,,131,471,1,3.595419847328244,0.0076335877862595,39,33,186,0,0.8461538461538461,4.769230769230769,5.636363636363637,2,2,63.0,4.818181839856234,10.090909090909092,0.3448275862068966,1668.5454545454545,1.5454545454545454,0.10051546391752578,0.4729241877256318,18.94999987738473,14.0,17.46153835149912,-9.795454423922994,126,9,0,18.156632367349975,
3059722,Zay Jones,Wide Receiver,2025,Cardinals,22,Free Agent,74.0,200.0,31,2017.0,2.0,37.0,6,10,30.29999935626984,5.049999892711639,4.4559884,6.099999845027924,0,0,0,0,0,,,,0,0,0,,,18,12,183,0,0.6666666666666666,10.166666666666666,15.25,0,0,67.0,4.866666555404663,10.333333333333334,0.5384615384615384,1936.6666666666667,1.1666666666666667,0.08144796380090498,0.0,2.733333388964335,6.0,8.677777767181396,2.3166665037473044,107,9,0,6.42630130452081,
3059915,Kareem Hunt,Running Back,2025,Chiefs,12,Free Agent,71.0,216.0,30,2017.0,3.0,86.0,17,18,145.40000076591969,8.552941221524687,5.869776,3.374999988824129,0,0,0,0,0,,,,163,611,8,3.748466257668712,0.0490797546012269,25,18,143,1,0.72,5.72,7.944444444444445,2,1,62.41176470588236,5.052941154031193,10.0,0.576271186440678,1809.2941176470588,0.8823529411764706,0.04280821917808219,0.37906976744186044,11.95384619786189,13.0,7.900000095367432,-3.4009049763372037,121,9,0,12.78601484632717,
3059989,Nick Mullens,Quarterback,2025,Jaguars,30,Active,72.0,210.0,31,,,,4,18,-0.0400000177323818,-0.0100000044330954,0.28442925,-0.0100000044330954,3,3,19,0,0,6.333333333333333,1.0,0.0,12,-8,0,-0.6666666666666666,0.0,0,0,0,0,,,,0,0,59.25,5.825000047683716,11.5,0.75,1821.75,0.5,0.0,0.10909090909090909,0.3299999944865703,4.0,16.14800019264221,-0.3399999989196657,37,8,0,7.9688750243512905,
3061612,Jamal Agnew,Wide Receiver,2025,Falcons,1,Free Agent,70.0,190.0,31,2017.0,5.0,165.0,3,13,-2.0,-0.6666666666666666,0.942809,-0.6666666666666666,0,0,0,0,0,,,,0,0,0,,,0,0,0,0,,,,3,1,63.0,6.200000127156575,11.0,0.8333333333333334,1897.6666666666667,1.0,0.0,0.0,5.037500041536987,8.0,4.878571410796472,-5.704166708203654,57,8,0,2.785502523701935,
3068267,Austin Ekeler,Running Back,2025,Commanders,28,Free Agent,70.0,200.0,31,,,,2,2,13.099999904632568,6.549999952316284,2.1499984,6.549999952316284,0,0,0,0,0,,,,14,43,0,3.071428571428572,0.0,7,5,38,0,0.7142857142857143,5.428571428571429,7.6,0,0,65.0,5.049999952316284,10.5,0.8,1711.0,0.0,0.09722222222222222,0.27450980392156865,11.024999976158142,12.0,13.242857013429914,-4.475000023841858,114,9,0,14.455734025606656,
3115293,Kyle Allen,Quarterback,2025,Lions,8,Active,75.0,210.0,30,,,,2,10,-0.3000000044703483,-0.1500000022351741,0.050000012,-0.1500000022351741,2,0,0,0,0,0.0,0.0,0.0,3,-3,0,-1.0,0.0,0,0,0,0,,,,0,0,62.0,6.450000047683716,11.0,0.7777777777777778,1826.0,0.5,0.0,0.04838709677419355,0.7599999904632568,1.0,-0.216666671137015,-0.9099999926984309,32,8,0,7.512628282074076,
3115306,Josh Reynolds,Wide Receiver,2025,Jets,20,Free Agent,75.0,192.0,31,2017.0,4.0,117.0,5,7,21.100000143051147,4.2200000286102295,2.2480218,4.325000047683716,0,0,0,0,0,,,,0,0,0,,,21,11,101,0,0.5238095238095238,4.809523809523809,9.181818181818182,0,0,61.8,4.759999966621399,11.2,0.5,1827.6,1.4,0.14383561643835616,0.0,4.800000011920929,8.0,8.049999970942736,-0.5799999833106995,102,9,0,6.437971369071742,
3115928,Malik Turner,Wide Receiver,2025,49ers,25,Active,74.0,202.0,30,,,,1,5,0.0,0.0,0.0,0.0,0,0,0,0,0,,,,0,0,0,,,1,0,0,0,0.0,0.0,,0,0,83.0,4.900000095367432,11.0,0.4,2404.0,0.0,0.02040816326530612,0.0,6.414285710879734,7.0,4.5499999761581424,-6.414285710879734,20,4,0,3.24107143666063,
3116164,Mike Gesicki,Tight End,2025,Bengals,4,Active,78.0,245.0,30,2018.0,2.0,42.0,12,18,70.70000040531158,5.891666700442632,5.3429794,6.149999916553497,0,0,0,0,0,,,,0,0,0,,,42,28,307,2,0.6666666666666666,7.309523809523809,10.964285714285714,0,0,61.41666666666666,4.90833334128062,10.666666666666666,0.7297297297297297,1844.1666666666667,1.5833333333333333,0.09836065573770492,0.0,8.843750080559403,16.0,4.360000006357828,-2.952083380116771,121,8,0,7.127277252574925,
3116165,Chris Godwin Jr.,Wide Receiver,2025,Buccaneers,27,Active,73.0,209.0,30,2017.0,3.0,84.0,9,18,80.99999928474426,8.99999992052714,6.206627,11.399999797344208,0,0,0,0,0,,,,0,0,0,,,51,33,360,2,0.6470588235294118,7.0588235294117645,10.909090909090908,0,0,63.333333333333336,5.166666719648573,10.333333333333334,0.5517241379310345,1945.111111111111,1.2222222222222223,0.17525773195876287,0.0,19.685714176722936,7.0,12.18823522679946,-10.685714256195796,119,9,0,14.002237775806805,
3116365,Mark Andrews,Tight End,2025,Ravens,33,Active,77.0,250.0,30,2018.0,3.0,86.0,17,18,131.0,7.705882352941177,6.5835342,4.600000083446503,0,0,0,0,0,,,,10,48,1,4.8,0.1,70,48,422,5,0.6857142857142857,6.0285714285714285,8.791666666666666,1,0,57.294117647058826,5.917647081262925,10.470588235294118,0.4745762711864407,1751.1764705882354,1.3529411764705883,0.16587677725118483,0.01972386587771203,11.105882364160877,17.0,13.53999991416931,-3.4000000112197,121,8,0,11.882279362317686,
3116389,Samaje Perine,Running Back,2025,Bengals,4,Active,71.0,240.0,30,2017.0,4.0,114.0,14,18,77.90000057965517,5.564285755689655,4.5214734,8.475000143051147,0,0,0,0,0,,,,84,382,3,4.547619047619048,0.0357142857142857,21,17,87,0,0.8095238095238095,4.142857142857143,5.117647058823529,3,2,61.92857142857143,5.27142858505249,10.642857142857142,0.6808510638297872,1838.071428571429,1.2857142857142858,0.04061895551257253,0.26332288401253917,4.788235313752118,17.0,7.135294135879068,0.7760504419375369,108,9,0,5.501068105074541,
3116406,Tyreek Hill,Wide Receiver,2025,Dolphins,15,Free Agent,70.0,191.0,32,2016.0,5.0,165.0,4,4,53.49999904632568,13.37499976158142,3.4694185,13.37499976158142,0,0,0,0,0,,,,0,0,0,,,29,21,265,1,0.7241379310344828,9.137931034482758,12.61904761904762,0,0,53.25,5.399999976158142,8.25,0.8,1598.25,1.25,0.23770491803278687,0.0,12.83529403630425,17.0,23.524999916553497,0.5397057252771695,145,10,0,17.37495581238293,
3116407,Mason Rudolph,Quarterback,2025,Steelers,23,Active,77.0,235.0,30,2018.0,3.0,76.0,5,13,18.99999949336052,3.799999898672104,5.359149,4.629999876022339,52,38,310,2,2,5.961538461538462,0.7307692307692307,0.0384615384615384,7,6,0,0.8571428571428571,0.0,0,0,0,0,,,,1,1,57.8,4.980000019073486,9.8,0.6666666666666666,1702.0,1.2,0.0,0.05343511450381679,13.97500005364418,8.0,11.389999894425271,-10.175000154972077,33,6,0,9.737500070314853,
3117251,Christian McCaffrey,Running Back,2025,49ers,25,Active,71.0,210.0,30,2017.0,1.0,8.0,17,18,416.5999975204468,24.505882207085104,7.978901,22.024999618530277,1,0,0,0,0,0.0,0.0,0.0,311,1202,10,3.864951768488746,0.0321543408360128,129,102,924,7,0.7906976744186046,7.162790697674419,9.058823529411764,2,0,63.64705882352941,5.494117652668672,10.058823529411764,0.6515151515151515,1853.5882352941176,1.2941176470588236,0.22473867595818817,0.6465696465696466,11.950000286102297,4.0,24.456249952316284,12.555881920982808,112,9,0,22.019000079711205,
3117256,Dalton Schultz,Tight End,2025,Texans,34,Active,77.0,242.0,29,2018.0,4.0,137.0,17,18,177.6999990940094,10.452941123177023,5.4707913,13.075000166893004,0,0,0,0,0,,,,0,0,0,,,106,82,777,3,0.7735849056603774,7.330188679245283,9.475609756097562,1,0,64.0,5.100000044878791,11.352941176470589,0.4629629629629629,1908.8235294117649,0.7058823529411765,0.18213058419243985,0.0,6.952941193300135,17.0,10.033333404858906,3.4999999298768882,106,8,0,7.805616686380983,
3118892,Justin Watson,Wide Receiver,2025,Texans,34,Active,74.0,215.0,30,2018.0,5.0,144.0,2,2,5.999999761581421,2.9999998807907104,1.6999998,2.9999998807907104,0,0,0,0,0,,,,0,0,0,,,4,3,30,0,0.75,7.5,10.0,0,0,51.5,5.200000047683716,10.0,0.0,1628.0,1.0,0.0784313725490196,0.0,4.1933333079020185,15.0,5.933333253860473,-1.193333427111308,61,7,0,4.240644222815164,
3120303,Ross Dwelley,Tight End,2025,Lions,8,Free Agent,77.0,240.0,31,,,,3,14,2.6999999284744263,0.8999999761581421,0.6377042,0.8999999761581421,0,0,0,0,0,,,,0,0,0,,,5,2,7,0,0.4,1.4,3.5,0,0,61.66666666666666,7.0333333015441895,9.666666666666666,0.7142857142857143,1846.3333333333333,0.0,0.052083333333333336,0.0,1.5,1.0,1.100000023841858,-0.6000000238418579,31,8,0,3.2593750124176344,
3120348,JuJu Smith-Schuster,Wide Receiver,2025,Chiefs,12,Active,73.0,215.0,29,2017.0,2.0,62.0,16,18,73.50000023841858,4.593750014901161,3.9491246,2.524999976158142,0,0,0,0,0,,,,0,0,0,,,45,33,345,1,0.7333333333333333,7.666666666666667,10.454545454545457,0,0,62.4375,5.056249976158142,10.0,0.6,1807.9375,0.875,0.08348794063079777,0.0,4.827272675254128,11.0,5.545454621315002,-0.23352266035296676,116,9,0,10.069412676057215,
3121023,Dallas Goedert,Tight End,2025,Eagles,21,Active,77.0,256.0,31,2018.0,2.0,49.0,15,17,185.09999990463257,12.339999993642172,6.9308796,15.700000047683716,0,0,0,0,0,,,,0,0,0,,,82,60,591,11,0.7317073170731707,7.2073170731707314,9.85,0,0,59.333333333333336,5.393333371480306,10.6,0.6923076923076923,1819.2,0.9333333333333332,0.18850574712643678,0.0,10.360000038146971,10.0,9.735714393002649,1.9799999554952006,106,8,0,10.219334463871919,
3121409,Noah Brown,Wide Receiver,2025,Commanders,28,Free Agent,74.0,225.0,30,2017.0,7.0,239.0,4,15,13.299999833106996,3.3249999582767487,1.0401326,3.3249999582767487,0,0,0,0,0,,,,0,0,0,,,10,5,83,0,0.5,8.3,16.6,0,0,59.25,5.049999952316284,10.0,0.625,1694.5,1.25,0.08695652173913043,0.0,7.845454551956871,11.0,10.16000006198883,-4.520454593680122,70,8,0,4.90249730594467,
3121422,Terry McLaurin,Wide Receiver,2025,Commanders,28,Active,72.0,210.0,30,2019.0,3.0,76.0,10,18,114.19999933242798,11.419999933242796,4.83876,11.299999952316284,0,0,0,0,0,,,,0,0,0,,,60,38,582,3,0.6333333333333333,9.7,15.31578947368421,0,0,58.3,5.410000038146973,10.0,0.6071428571428571,1700.0,1.2,0.2112676056338028,0.0,15.75294108951793,17.0,11.952941249398624,-4.332941156275135,107,7,0,13.397491011508896,
3121427,Curtis Samuel,Wide Receiver,2025,Bills,2,Free Agent,71.0,195.0,29,2017.0,2.0,40.0,5,11,21.100000381469727,4.220000076293945,3.295694,4.800000101327896,0,0,0,0,0,,,,0,0,0,,,9,7,81,1,0.7777777777777778,9.0,11.571428571428571,0,0,60.0,6.420000076293945,10.6,0.6666666666666666,1882.6,2.0,0.06040268456375839,0.0,4.549999913999012,14.0,9.825000047683716,-0.329999837705067,108,9,0,7.923259770797396,
3122168,Trent Sherfield,Wide Receiver,2025,Cardinals,22,Active,73.0,205.0,30,,,,4,14,5.099999904632568,1.274999976158142,0.8842369,1.274999976158142,0,0,0,0,0,,,,0,0,0,,,5,3,21,0,0.6,4.2,7.0,0,0,64.0,5.174999952316284,11.25,0.6153846153846154,1785.5,1.5,0.032679738562091505,0.0,2.7874999791383743,8.0,2.8444443808661566,-1.5125000029802322,67,8,0,3.1080210279541634,
3123075,Braxton Berrios,Wide Receiver,2025,Texans,34,Active,69.0,190.0,30,2018.0,6.0,210.0,2,8,9.700000166893004,4.850000083446503,3.95,4.850000083446503,0,0,0,0,0,,,,0,0,0,,,8,6,37,0,0.75,4.625,6.166666666666667,0,0,72.0,5.0000001192092896,12.0,0.25,2072.5,1.0,0.09090909090909091,0.0,0.0,3.0,4.453846142842219,4.850000083446503,67,7,0,4.431970709660551,
3123076,David Njoku,Tight End,2025,Browns,5,Active,76.0,246.0,29,2017.0,1.0,29.0,11,14,86.3000009059906,7.845454627817327,4.8102865,5.325000107288361,0,0,0,0,0,,,,0,0,0,,,48,33,293,4,0.6875,6.104166666666667,8.878787878787879,0,0,64.27272727272727,4.281818173148415,11.545454545454543,0.56,1781.090909090909,1.3636363636363635,0.11707317073170732,0.0,13.136363928968256,11.0,12.575000062584875,-5.290909301150929,112,9,0,8.46366344213113,
3126486,Deebo Samuel,Wide Receiver,2025,Commanders,28,Free Agent,72.0,215.0,30,2019.0,2.0,36.0,16,18,188.2000012397766,11.762500077486038,6.7221546,7.300000071525574,0,0,0,0,0,,,,17,75,1,4.411764705882353,0.0588235294117647,99,72,727,5,0.7272727272727273,7.343434343434343,10.09722222222222,3,0,57.875,5.543750017881393,9.625,0.627906976744186,1721.375,1.3125,0.22654462242562928,0.03728070175438596,10.971428768975397,14.0,16.246666606267294,0.7910713085106416,96,7,0,13.892335161624436,
3126997,Tom Kennedy,Wide Receiver,2025,Lions,8,Active,70.0,195.0,29,,,,1,13,7.599999904632568,7.599999904632568,0.0,7.599999904632568,0,0,0,0,0,,,,0,0,0,,,4,4,36,0,1.0,9.0,9.0,0,0,60.0,5.900000095367432,8.0,0.6666666666666666,1866.0,0.0,0.14814814814814814,0.0,0.0,1.0,4.4199999332427975,7.599999904632568,13,4,0,3.854999973376592,
3127292,Will Dissly,Tight End,2025,Chargers,24,Free Agent,76.0,265.0,29,2018.0,4.0,120.0,8,18,20.70000028610229,2.587500035762787,1.7402855,3.1000000834465027,0,0,0,0,0,,,,0,0,0,,,16,11,97,0,0.6875,6.0625,8.818181818181818,0,0,64.5,5.437500059604645,10.25,0.40625,1934.625,1.25,0.056140350877192984,0.0,7.340000041325887,15.0,3.3500000139077506,-4.7525000055631,86,8,0,6.10334825210628,
3127306,Dante Pettis,Wide Receiver,2025,Saints,18,Free Agent,73.0,195.0,30,2018.0,2.0,44.0,4,18,19.70000028610229,4.925000071525574,4.1661587,4.925000071525574,0,0,0,0,0,,,,0,0,0,,,11,9,127,0,0.8181818181818182,11.545454545454543,14.11111111111111,1,1,68.25,5.600000083446503,10.75,0.3636363636363636,1856.75,1.5,0.07006369426751592,0.0,3.750000014901161,8.0,4.657142911638532,1.1750000566244125,51,7,0,5.859512540454767,
3127310,Drew Sample,Tight End,2025,Bengals,4,Active,77.0,260.0,30,2019.0,2.0,52.0,11,18,31.899999797344208,2.8999999815767463,2.7253022,3.6999999284744254,0,0,0,0,0,,,,1,3,0,3.0,0.0,20,15,106,1,0.75,5.3,7.066666666666666,0,0,63.63636363636363,4.86363638531078,10.727272727272728,0.7428571428571429,1886.5454545454545,1.5454545454545454,0.04866180048661801,0.003787878787878788,3.318181796507402,11.0,3.5928571905408586,-0.41818181493065554,66,7,0,2.8613984208961805,
3127586,Jeremy McNichols,Running Back,2025,Commanders,28,Active,69.0,205.0,30,2017.0,5.0,162.0,16,18,70.70000052452087,4.418750032782555,3.6683133,2.625,0,0,0,0,0,,,,44,221,1,5.0227272727272725,0.0227272727272727,31,25,196,0,0.8064516129032258,6.32258064516129,7.84,1,1,57.8125,5.656250029802322,9.75,0.6444444444444445,1725.4375,1.4375,0.07259953161592506,0.09462365591397849,4.414285651275089,14.0,5.661538545901959,0.004464381507465198,59,5,0,3.5642481772192234,
3128390,Allen Lazard,Wide Receiver,2025,Jets,20,Free Agent,77.0,227.0,30,,,,9,15,23.0,2.555555555555556,2.5390773,1.375,0,0,0,0,0,,,,0,0,0,,,18,10,70,1,0.5555555555555556,3.888888888888889,7.0,0,0,63.11111111111112,4.933333264456855,11.333333333333334,0.4583333333333333,1750.0,1.7777777777777777,0.05921052631578947,0.0,10.499999970197678,12.0,4.623076970760639,-7.944444414642122,85,8,0,7.541998997642367,
3128429,Courtland Sutton,Wide Receiver,2025,Broncos,7,Active,76.0,216.0,30,2018.0,2.0,40.0,17,18,217.6999992132187,12.805882306659925,7.2144017,13.599999904632568,0,0,0,0,0,,,,0,0,0,,,124,74,1017,7,0.5967741935483871,8.201612903225806,13.743243243243244,0,0,64.23529411764706,5.323529467863195,11.176470588235292,0.5789473684210527,1873.6470588235293,1.0,0.20228384991843393,0.0,15.14375016093254,16.0,11.887500047683716,-2.3378678542726146,114,8,0,11.400474957847859,
3128720,Nick Chubb,Running Back,2025,Texans,34,Free Agent,71.0,227.0,30,2018.0,2.0,35.0,15,17,88.29999891668558,5.886666594445705,4.2281375,3.749999860301614,0,0,0,0,0,,,,122,506,3,4.147540983606557,0.0245901639344262,20,13,67,0,0.65,3.35,5.153846153846154,0,0,64.06666666666666,5.006666692097982,11.4,0.4444444444444444,1921.1333333333332,0.8,0.03838771593090211,0.2975609756097561,7.912499964237213,8.0,11.550000429153442,-2.025833369791508,100,8,0,12.822201938232007,
3134353,Tim Patrick,Wide Receiver,2025,Jaguars,30,Active,77.0,210.0,32,,,,13,18,51.69999933242798,3.976923025571383,5.474297,5.574999779462814,0,0,0,0,0,,,,0,0,0,,,24,15,187,3,0.625,7.791666666666667,12.466666666666669,0,0,64.53846153846153,5.1923076923076925,11.384615384615383,0.6458333333333334,1906.923076923077,1.0,0.05417607223476298,0.0,6.457142812865121,14.0,9.774999894201756,-2.480219787293738,75,6,0,7.062622066077768,
3135321,Hunter Renfrow,Wide Receiver,2025,Panthers,29,Free Agent,70.0,185.0,30,2019.0,5.0,149.0,6,6,35.899999141693115,5.983333190282186,7.987368,2.25,0,0,0,0,0,,,,0,0,0,,,26,15,89,2,0.5769230769230769,3.423076923076923,5.933333333333334,0,0,64.5,5.1166666348775225,10.0,0.631578947368421,1927.1666666666667,1.5,0.12682926829268293,0.0,3.730769230769231,13.0,7.899999868869782,2.2525639595129547,75,6,0,8.558251612404968,
3139477,Patrick Mahomes,Quarterback,2025,Chiefs,12,Active,74.0,225.0,30,2017.0,1.0,10.0,14,15,325.67999839782715,23.262857028416224,10.417373,17.96999979019165,502,315,3587,22,11,7.145418326693227,0.6274900398406374,0.0438247011952191,64,422,5,6.59375,0.078125,1,1,-10,0,1.0,-10.0,-10.0,3,0,65.28571428571429,5.485714265278408,9.785714285714286,0.6,1889.357142857143,0.9285714285714286,0.0019723865877712033,0.17158176943699732,20.93875002861023,16.0,20.888750165700912,2.324106999805995,126,9,0,23.973233716655958,
3139602,D'Ernest Johnson,Running Back,2025,Patriots,17,Free Agent,71.0,205.0,30,,,,5,18,2.499999977648258,0.4999999955296516,0.4604345,0.6249999944120646,0,0,0,0,0,,,,14,25,0,1.7857142857142858,0.0,0,0,0,0,,,,0,0,61.8,6.559999942779541,10.6,0.7142857142857143,1877.0,0.4,0.0,0.09210526315789473,2.991666649778684,12.0,2.320000016192595,-2.4916666542490327,58,7,0,3.425476178340614,
3149687,Chris Brooks,Running Back,2025,Packers,9,Active,73.0,219.0,26,,,,14,18,32.69999963790178,2.3357142598501275,1.9178141,2.7999999299645424,0,0,0,0,0,,,,27,106,0,3.925925925925926,0.0,17,13,91,0,0.7647058823529411,5.352941176470588,7.0,0,0,58.57142857142857,5.742857149669102,9.571428571428571,0.5686274509803921,1768.642857142857,0.7142857142857143,0.043478260869565216,0.0661764705882353,3.836363629861312,11.0,3.533333301544189,-1.5006493700111845,28,3,0,3.235137063751876,
3676833,KaVontae Turpin,Wide Receiver,2025,Cowboys,6,Active,69.0,153.0,29,,,,15,18,84.50000071525574,5.633333381017049,4.4930563,6.0500000566244125,0,0,0,0,0,,,,17,89,0,5.235294117647059,0.0,38,26,396,2,0.6842105263157895,10.421052631578949,15.23076923076923,1,1,67.2,5.920000012715658,10.4,0.5614035087719298,1880.5333333333333,1.4,0.0677361853832442,0.0407673860911271,6.1466666539510095,15.0,4.975000003973643,-0.5133332729339601,50,4,0,4.176250010480484,
3722362,Brett Rypien,Quarterback,2025,Bengals,4,Free Agent,74.0,210.0,29,,,,1,3,0.0,0.0,0.0,0.0,0,0,0,0,0,,,,0,0,0,,,0,0,0,0,,,,0,0,52.0,3.299999952316284,13.0,1.0,1744.0,5.0,0.0,0.0,2.3899999260902405,2.0,5.505000066012144,-2.3899999260902405,10,5,0,3.109000028669834,
3728262,Ray-Ray McCloud III,Wide Receiver,2025,Giants,19,Free Agent,69.0,190.0,29,2018.0,6.0,187.0,5,9,13.900000393390656,2.780000078678131,3.0102494,1.4500000029802322,0,0,0,0,0,,,,0,0,0,,,15,7,69,0,0.4666666666666667,4.6,9.857142857142858,0,0,64.0,5.460000038146973,10.4,0.5,1930.0,1.0,0.09090909090909091,0.0,8.264705952476053,17.0,4.0714285884584696,-5.484705873797922,77,8,0,3.3652473491890467,
3843945,Foster Moreau,Tight End,2025,Saints,18,Active,76.0,250.0,29,2019.0,4.0,137.0,7,16,12.899999737739565,1.842857105391366,1.3468026,1.8499999642372127,0,0,0,0,0,,,,0,0,0,,,10,7,59,0,0.7,5.9,8.428571428571429,0,0,67.0,4.800000088555472,10.285714285714286,0.3125,1804.2857142857144,1.7142857142857142,0.03875968992248062,0.0,6.886666663487753,15.0,4.209090948104858,-5.043809558096386,78,7,0,5.216904997310699,
3871102,David Sills V,Wide Receiver,2025,Falcons,1,Active,75.0,211.0,30,,,,12,18,49.10000026226044,4.091666688521703,4.4798546,5.649999976158142,0,0,0,0,0,,,,0,0,0,,,36,18,191,2,0.5,5.305555555555555,10.61111111111111,0,0,60.333333333333336,5.241666714350383,11.0,0.71875,1722.1666666666667,1.25,0.09326424870466321,0.0,3.085714272090367,7.0,0.925000011920929,1.0059524164313358,23,3,0,2.7007936575109994,
3886598,Jauan Jennings,Wide Receiver,2025,49ers,25,Active,75.0,212.0,28,2020.0,7.0,217.0,15,18,171.3000009059906,11.420000060399373,5.6617074,14.12500023841858,0,0,0,0,0,,,,0,0,0,,,90,55,643,9,0.6111111111111112,7.144444444444445,11.690909090909091,1,1,62.46666666666667,5.520000012715657,10.0,0.7017543859649122,1839.0666666666664,1.4,0.1859504132231405,0.0,14.033333285649617,15.0,4.291666587193807,-2.613333225250244,71,5,0,8.24611534753671,
3886809,Andre Baccellia,Wide Receiver,2025,Cardinals,22,Free Agent,70.0,180.0,29,,,,2,14,2.799999952316284,1.399999976158142,0.09999995,1.399999976158142,0,0,0,0,0,,,,0,0,0,,,4,2,8,0,0.5,2.0,4.0,0,0,66.0,6.0,11.0,0.5555555555555556,1775.5,2.0,0.039603960396039604,0.0,2.300000023841858,5.0,,-0.900000047683716,7,2,0,1.85,
3886812,Jake Browning,Quarterback,2025,Bengals,4,Active,74.0,210.0,30,,,,5,12,60.73999935388565,12.14799987077713,9.577696,9.749999895691872,125,81,771,6,8,6.168,0.648,0.048,9,39,1,4.333333333333333,0.1111111111111111,0,0,0,0,,,,1,0,56.0,4.6,11.2,0.7777777777777778,1564.0,2.4,0.0,0.09782608695652174,-0.1000000014901161,2.0,18.49333332892921,12.247999872267247,16,3,0,10.180444399405408,
3886818,Myles Gaskin,Running Back,2025,Seahawks,26,Free Agent,70.0,200.0,29,2019.0,7.0,234.0,1,13,0.6000000238418579,0.6000000238418579,0.0,0.6000000238418579,0,0,0,0,0,,,,3,6,0,2.0,0.0,0,0,0,0,,,,0,0,62.0,3.5,10.0,0.5,2061.0,2.0,0.0,0.09375,0.9999999701976776,2.0,4.700000047683716,-0.3999999463558197,39,6,0,6.236246580895589,
3892775,Jarrett Stidham,Quarterback,2025,Broncos,7,Active,75.0,215.0,29,2019.0,4.0,133.0,1,8,-0.1000000014901161,-0.1000000014901161,0.0,-0.1000000014901161,0,0,0,0,0,,,,1,-1,0,-1.0,0.0,0,0,0,0,,,,0,0,57.0,7.5,12.0,0.8,1588.0,1.0,0.0,0.03571428571428571,0.2499999925494194,2.0,15.320000171661375,-0.3499999940395355,16,6,0,5.865222251084115,
3895856,Christian Kirk,Wide Receiver,2025,Texans,34,Active,71.0,200.0,29,2018.0,2.0,47.0,11,18,57.89999884366989,5.263636258515445,4.550379,2.7749999314546585,0,0,0,0,0,,,,0,0,0,,,52,28,239,1,0.5384615384615384,4.596153846153846,8.535714285714286,0,0,64.27272727272727,4.9909091212532735,11.636363636363637,0.5625,1910.2727272727277,0.6363636363636364,0.13720316622691292,0.0,8.862500056624413,8.0,12.521666437387466,-3.598863798108968,104,8,0,10.827947571927117,
3911853,Adam Trautman,Tight End,2025,Broncos,7,Active,77.0,253.0,29,2020.0,3.0,105.0,11,17,45.49999976158142,4.13636361468922,2.5993955,4.800000011920929,0,0,0,0,0,,,,0,0,0,,,23,20,195,1,0.8695652173913043,8.478260869565217,9.75,0,0,66.45454545454545,5.245454614812678,10.636363636363637,0.5277777777777778,1937.636363636364,1.2727272727272727,0.054502369668246446,0.0,3.369230774732737,13.0,3.774999998509884,0.7671328399564827,73,6,0,4.095023284809087,
3912547,Sam Darnold,Quarterback,2025,Seahawks,26,Active,75.0,225.0,29,2018.0,1.0,3.0,17,18,281.41999864578247,16.55411756739897,10.03598,11.93499994277954,477,323,4048,25,14,8.48637316561845,0.6771488469601677,0.0524109014675052,35,95,0,2.7142857142857144,0.0,0,0,0,0,,,,11,6,59.70588235294117,5.976470610674689,11.0,0.5423728813559322,1812.2941176470588,1.6470588235294117,0.0,0.06903353057199212,22.232941459206973,17.0,2.7379999443888665,-5.678823891808005,100,8,0,14.721033029018608,
3914151,Josiah Deguara,Tight End,2025,Cardinals,22,Free Agent,74.0,240.0,29,2020.0,3.0,94.0,4,18,11.100000023841858,2.7750000059604645,3.937242,2.7750000059604645,0,0,0,0,0,,,,0,0,0,,,5,3,21,1,0.6,4.2,7.0,0,0,61.5,5.274999976158142,10.25,0.3333333333333333,1719.25,1.0,0.03184713375796178,0.0,1.4666666587193806,3.0,2.900000047683716,1.3083333472410839,34,6,0,2.8629629891227792,
3914397,Scotty Miller,Wide Receiver,2025,Steelers,23,Active,69.0,174.0,28,2019.0,6.0,208.0,5,18,15.200000166893004,3.0400000333786013,2.003597,3.8000000417232513,0,0,0,0,0,,,,0,0,0,,,14,9,62,0,0.6428571428571429,4.428571428571429,6.888888888888889,0,0,63.0,5.980000114440918,10.4,0.3888888888888889,1810.0,0.6,0.07650273224043716,0.0,2.975000023841858,4.0,4.34444440735711,0.06500000953674334,57,7,0,4.26534836494758,
3915411,Ty Johnson,Running Back,2025,Bills,2,Active,70.0,210.0,28,2019.0,6.0,186.0,17,18,100.30000042915344,5.90000002524432,5.1274347,10.200000166893004,0,0,0,0,0,,,,50,200,3,4.0,0.06,33,24,263,2,0.7272727272727273,7.96969696969697,10.958333333333334,1,0,63.64705882352941,5.935294151306152,10.294117647058824,0.6615384615384615,1988.5294117647056,1.1176470588235294,0.06666666666666667,0.09140767824497258,5.394117604283726,17.0,4.628571486898831,0.5058824209605941,91,7,0,5.478003229829325,
3915416,DJ Moore,Wide Receiver,2025,Bears,3,Active,72.0,213.0,29,2018.0,1.0,24.0,17,18,172.17999923229218,10.128235248958363,8.156198,12.149999797344208,1,1,2,1,0,2.0,1.0,1.0,15,79,1,5.266666666666667,0.0666666666666666,85,50,682,6,0.5882352941176471,8.023529411764706,13.64,1,1,64.88235294117646,5.711764700272504,10.882352941176473,0.5818181818181818,1858.5882352941176,0.6470588235294118,0.1480836236933798,0.0297029702970297,13.8882352885078,17.0,16.852941092322855,-3.7600000395494373,131,8,0,13.214160516739403,
3915486,Tyler Conklin,Tight End,2025,Chargers,24,Active,75.0,248.0,30,2018.0,5.0,157.0,6,18,17.299999833106995,2.8833333055178323,2.4511333,2.5250000059604645,0,0,0,0,0,,,,1,2,0,2.0,0.0,10,7,101,0,0.7,10.1,14.428571428571429,1,0,66.83333333333333,4.999999920527141,10.833333333333334,0.4,1914.8333333333333,1.3333333333333333,0.04310344827586207,0.006896551724137931,7.493750024586916,16.0,7.241176493027631,-4.610416719069084,89,8,0,5.720838160344585,
3915511,Joe Burrow,Quarterback,2025,Bengals,4,Active,76.0,215.0,29,2020.0,1.0,1.0,8,18,168.45999813079834,21.057499766349792,10.625594,23.49999952316284,259,173,1809,17,5,6.984555984555985,0.667953667953668,0.0656370656370656,14,41,0,2.9285714285714284,0.0,0,0,0,0,,,,0,0,65.25,5.162500023841858,10.375,0.71875,1989.875,1.25,0.0,0.06763285024154589,26.989411746754367,17.0,17.715999484062195,-5.931911980404575,77,6,0,22.56977680512503,
3916148,Tony Pollard,Running Back,2025,Titans,10,Active,72.0,209.0,29,2019.0,4.0,128.0,17,18,185.8000020980835,10.92941188812256,5.451688,12.350000143051147,0,0,0,0,0,,,,242,1082,5,4.471074380165289,0.0206611570247933,41,33,206,0,0.8048780487804879,5.024390243902439,6.242424242424242,4,3,59.05882352941177,4.376470579820521,10.764705882352942,0.5757575757575758,1748.1176470588234,1.1176470588235294,0.07192982456140351,0.6402116402116402,12.418749809265137,16.0,12.976470582625446,-1.4893379211425763,111,7,0,10.869564832546034,
3916204,James Proche II,Wide Receiver,2025,Titans,10,Free Agent,71.0,193.0,29,2020.0,6.0,201.0,6,18,12.49999976158142,2.083333293596904,2.4354444,0.75,0,0,0,0,0,,,,0,0,0,,,12,6,65,0,0.5,5.416666666666667,10.833333333333334,0,0,60.16666666666666,4.49999996026357,10.833333333333334,0.6666666666666666,1794.6666666666667,0.8333333333333334,0.05714285714285714,0.0,1.0333333015441897,3.0,-1.0,1.049999992052714,28,6,0,1.638492056301662,
3916430,Nyheim Hines,Running Back,2025,Chargers,24,Free Agent,68.0,198.0,29,2018.0,4.0,104.0,1,8,-0.2000000029802322,-0.2000000029802322,0.0,-0.2000000029802322,0,0,0,0,0,,,,2,-2,0,-1.0,0.0,0,0,0,0,,,,0,0,70.0,6.0,9.0,0.75,2344.0,1.0,0.0,0.046511627906976744,4.626666601498922,15.0,6.623529399142546,-4.826666604479154,81,6,0,6.6125326513757114,
3916433,Jakobi Meyers,Wide Receiver,2025,Jaguars,30,Active,74.0,200.0,29,,,,16,18,175.80000066757202,10.987500041723251,4.2145376,9.50000011920929,0,0,0,0,0,,,,5,13,0,2.6,0.0,110,75,835,3,0.6818181818181818,7.590909090909091,11.133333333333333,1,1,61.3125,5.325000017881393,11.0,0.6031746031746031,1857.875,1.4375,0.2222222222222222,0.011210762331838564,14.4,15.0,13.786250114440918,-3.412499958276749,100,7,0,11.567688595981382,
3916749,Giovanni Ricci,Tight End,2025,Lions,8,Free Agent,75.0,240.0,29,,,,1,17,0.0,0.0,0.0,0.0,0,0,0,0,0,,,,0,0,0,,,1,0,0,0,0.0,0.0,,0,0,64.0,3.5999999046325684,13.0,1.0,1950.0,6.0,0.034482758620689655,0.0,1.2000000476837158,1.0,2.571428503308977,-1.2000000476837158,11,4,0,0.9428571377481733,
3916945,Darius Slayton,Wide Receiver,2025,Giants,19,Active,73.0,198.0,29,2019.0,5.0,171.0,14,18,94.80000019073486,6.77142858505249,3.6878996,6.025000035762787,0,0,0,0,0,,,,0,0,0,,,63,37,538,1,0.5873015873015873,8.53968253968254,14.54054054054054,1,1,62.85714285714285,5.114285724503653,10.071428571428571,0.4081632653061224,1840.142857142857,1.0,0.14383561643835616,0.0,6.875000044703484,16.0,8.882353004287271,-0.10357145965099335,103,7,0,8.376854997849637,
3917315,Kyler Murray,Quarterback,2025,Cardinals,22,Active,70.0,207.0,28,2019.0,1.0,1.0,5,5,89.77999973297119,17.95599994659424,2.7610307,16.865000009536743,161,110,962,6,3,5.975155279503106,0.6832298136645962,0.0372670807453416,29,173,1,5.965517241379311,0.0344827586206896,0,0,0,0,,,,1,1,60.2,4.859999942779541,10.0,0.5882352941176471,1865.2,1.2,0.0,0.23577235772357724,19.837647325852338,17.0,20.545000195503235,-1.8816473792580979,87,7,0,21.450514040432175,
3917792,Daniel Jones,Quarterback,2025,Colts,11,Active,77.0,230.0,29,2019.0,1.0,6.0,13,14,262.43999844789505,20.187692188299614,7.6111727,14.819999888539314,384,261,3101,19,8,8.075520833333334,0.6796875,0.0494791666666666,45,164,5,3.644444444444445,0.1111111111111111,0,0,0,0,,,,9,3,60.23076923076923,6.1307692527771,10.076923076923077,0.6428571428571429,1782.2307692307693,1.1538461538461535,0.0,0.13157894736842105,15.1300000667572,10.0,10.160000304381052,5.057692121542415,83,7,0,16.553670331285236,
3917914,Olamide Zaccheaus,Wide Receiver,2025,Bears,3,Active,68.0,194.0,28,,,,14,16,84.799999833107,6.057142845221928,4.431658,4.475000023841858,0,0,0,0,0,,,,4,25,0,6.25,0.0,65,39,313,2,0.6,4.815384615384615,8.025641025641026,0,0,65.28571428571429,5.757142850330898,11.142857142857142,0.5918367346938775,1881.071428571429,0.7142857142857143,0.139186295503212,0.009389671361502348,7.024999949149787,16.0,3.490909056230025,-0.9678571039278596,85,7,0,5.784721649985187,
3917960,Steven Sims,Wide Receiver,2025,Cardinals,22,Free Agent,70.0,190.0,29,,,,1,16,0.0,0.0,0.0,0.0,0,0,0,0,0,,,,0,0,0,,,1,0,0,0,0.0,0.0,,0,0,56.0,5.699999809265137,9.0,0.0,1466.0,1.0,0.03225806451612903,0.0,-1.0,2.0,2.800000011920929,1.0,40,6,0,2.970862479884794,
3918298,Josh Allen,Quarterback,2025,Bills,2,Active,77.0,237.0,30,2018.0,1.0,7.0,16,17,412.6199984550476,25.788749903440475,11.486028,25.61000025272369,460,319,3668,25,10,7.973913043478261,0.6934782608695652,0.0543478260869565,112,579,14,5.169642857142857,0.125,0,0,0,0,,,,7,3,63.125,5.900000035762787,10.375,0.6440677966101694,1969.0625,1.1875,0.0,0.2222222222222222,27.064999759197235,16.0,26.155294081744024,-1.2762498557567596,126,8,0,25.474175828762405,
3919510,Alex Bachman,Wide Receiver,2025,Raiders,13,Free Agent,72.0,190.0,30,,,,4,18,3.1999999284744263,0.7999999821186066,0.82764727,0.7999999821186066,0,0,0,0,0,,,,0,0,0,,,3,2,12,0,0.6666666666666666,4.0,6.0,1,0,60.25,5.025000035762787,11.5,0.25,1834.5,1.5,0.025210084033613446,0.0,6.099999904632568,1.0,-0.3000000119209289,-5.299999922513962,6,3,0,2.1999999582767487,
3921690,Josh Oliver,Tight End,2025,Vikings,16,Active,77.0,264.0,29,2019.0,3.0,69.0,12,18,54.9999994635582,4.5833332886298495,4.786932,3.350000023841858,0,0,0,0,0,,,,0,0,0,,,19,15,160,4,0.7894736842105263,8.421052631578947,10.666666666666666,0,0,57.583333333333336,5.049999952316284,10.5,0.575,1776.0833333333333,1.3333333333333333,0.056716417910447764,0.0,5.981818069111217,11.0,4.441666603088379,-1.3984847804813674,60,6,0,3.579191892691935,
3924327,Drew Lock,Quarterback,2025,Seahawks,26,Active,76.0,228.0,29,2019.0,2.0,42.0,3,14,0.0999999940395355,0.0333333313465118,0.36817873,0.0333333313465118,3,2,15,0,0,5.0,0.6666666666666666,0.0,6,-5,0,-0.8333333333333334,0.0,0,0,0,0,,,,2,0,57.0,6.166666825612386,11.0,0.6153846153846154,1854.6666666666667,1.6666666666666667,0.0,0.05714285714285714,12.877142785915307,7.0,8.780000001192093,-12.843809454568795,38,6,0,10.609865681025608,
3925357,Calvin Ridley,Wide Receiver,2025,Titans,10,Active,73.0,190.0,31,2018.0,1.0,26.0,7,11,47.29999995231629,6.757142850330898,5.076516,7.050000071525574,0,0,0,0,0,,,,0,0,0,,,36,17,303,0,0.4722222222222222,8.416666666666666,17.823529411764707,0,0,58.71428571428572,3.8857143265860414,11.0,0.5,1671.428571428571,1.5714285714285714,0.1506276150627615,0.0,11.717647089677698,17.0,13.40588238660027,-4.9605042393467995,90,7,0,13.23700080675538,
3926231,Britain Covey,Wide Receiver,2025,Eagles,21,Active,68.0,173.0,29,,,,3,18,4.0,1.3333333333333333,1.885618,1.3333333333333333,0,0,0,0,0,,,,0,0,0,,,4,2,20,0,0.5,5.0,10.0,2,0,59.66666666666666,5.566666603088379,11.666666666666666,0.4285714285714285,1519.6666666666667,2.6666666666666665,0.03508771929824561,0.0,3.4666666984558105,3.0,2.7333333492279053,-2.1333333651224775,11,4,0,1.8833333452542622,
3929630,Saquon Barkley,Running Back,2025,Eagles,21,Active,72.0,233.0,29,2018.0,1.0,2.0,16,17,230.30000162124637,14.393750101327896,6.861441,15.350000619888306,0,0,0,0,0,,,,280,1140,7,4.071428571428571,0.025,50,37,273,2,0.74,5.46,7.378378378378378,1,1,59.25,5.287500038743019,10.5625,0.7073170731707317,1827.625,0.875,0.10940919037199125,0.6100217864923747,21.83125028014183,16.0,15.800000088555471,-7.437500178813934,106,8,0,16.443149161289682,
3929645,Juwan Johnson,Tight End,2025,Saints,18,Active,76.0,231.0,29,,,,17,18,179.90000128746033,10.582353016909432,4.680526,11.12499988079071,0,0,0,0,0,,,,0,0,0,,,102,77,889,3,0.7549019607843137,8.715686274509803,11.545454545454543,2,2,63.23529411764706,5.052941224154304,10.294117647058824,0.4444444444444444,1716.1176470588234,1.411764705882353,0.17258883248730963,0.0,8.186666774749757,15.0,7.523076919408945,2.395686242159675,78,6,0,6.784238356081775,
3929785,Nick Westbrook-Ikhine,Wide Receiver,2025,Dolphins,15,Active,74.0,211.0,29,,,,9,15,19.899999737739563,2.2111110819710627,1.6353352,2.174999952316284,0,0,0,0,0,,,,0,0,0,,,20,11,89,0,0.55,4.45,8.090909090909092,0,0,55.0,5.588888883590698,9.88888888888889,0.5652173913043478,1690.5555555555557,1.8888888888888888,0.07462686567164178,0.0,10.438461597149187,13.0,6.384615494654729,-8.227350515178124,72,6,0,5.436809150707833,
3930066,Van Jefferson,Wide Receiver,2025,Titans,10,Active,73.0,200.0,29,2020.0,2.0,57.0,14,17,70.00000023841858,5.000000017029898,3.2577379,5.250000059604645,0,0,0,0,0,,,,0,0,0,,,52,29,350,1,0.5576923076923077,6.730769230769231,12.06896551724138,0,0,59.35714285714285,4.5214285509926935,10.428571428571429,0.6071428571428571,1769.7857142857142,1.0,0.11063829787234042,0.0,4.240000001589457,15.0,2.950000022138868,0.7600000154404416,83,6,0,5.596968309631261,
3930086,Dawson Knox,Tight End,2025,Bills,2,Active,76.0,254.0,29,2019.0,3.0,96.0,16,18,101.70000004768372,6.356250002980232,4.8084536,9.775000095367432,0,0,0,0,0,,,,0,0,0,,,49,36,417,4,0.7346938775510204,8.510204081632653,11.583333333333334,0,0,64.0625,5.912500023841858,10.375,0.6557377049180327,1993.625,1.1875,0.10492505353319058,0.0,4.221428522041866,14.0,5.259999918937683,2.134821480938366,96,7,0,6.72789348884173,
4027873,Samori Toure,Wide Receiver,2025,Saints,18,Active,73.0,196.0,28,2022.0,7.0,258.0,1,18,1.2999999523162842,1.2999999523162842,0.0,1.2999999523162842,0,0,0,0,0,,,,0,0,0,,,3,1,3,0,0.3333333333333333,1.0,3.0,0,0,65.0,5.199999809265137,11.0,0.6666666666666666,1879.0,2.0,0.08571428571428572,0.0,1.7249999642372131,8.0,4.799999982118607,-0.42500001192092896,13,3,0,2.608333299557368,
4032473,Rashid Shaheed,Wide Receiver,2025,Seahawks,26,Active,72.0,180.0,27,,,,18,18,144.599999666214,8.033333314789665,5.4902945,4.550000071525574,0,0,0,0,0,,,,9,69,0,7.666666666666667,0.0,92,59,687,2,0.6413043478260869,7.467391304347826,11.64406779661017,2,1,61.55555555555556,5.2166666984558105,10.61111111111111,0.4107142857142857,1755.6666666666667,1.6111111111111112,0.1597222222222222,0.018255578093306288,12.299999833106996,6.0,9.973333231608072,-4.266666518317331,50,4,0,9.860757503967093,
4034704,Michael Bandy,Wide Receiver,2025,Broncos,7,Active,70.0,190.0,28,,,,3,17,13.00000011920929,4.333333373069763,3.4922135,4.333333373069763,0,0,0,0,0,,,,0,0,0,,,4,4,50,1,1.0,12.5,12.5,1,1,65.66666666666667,4.900000095367432,11.0,0.6666666666666666,1908.0,1.3333333333333333,0.03669724770642202,0.0,2.362499997019768,8.0,,1.970833376049995,11,2,0,3.3479166850447655,
4034862,Jack Stoll,Tight End,2025,Saints,18,Active,76.0,245.0,28,,,,8,16,16.600000500679016,2.075000062584877,3.1263998,1.2000000178813934,0,0,0,0,0,,,,0,0,0,,,11,6,46,1,0.5454545454545454,4.181818181818182,7.666666666666667,0,0,66.625,4.562500029802322,10.5,0.3809523809523809,1765.125,1.75,0.03666666666666667,0.0,1.5,2.0,1.7599999904632568,0.575000062584877,28,5,0,1.894777778453297,
4034948,Feleipe Franks,Tight End,2025,Falcons,1,Active,78.0,228.0,28,,,,2,12,0.4000000059604645,0.2000000029802322,0.0,0.2000000029802322,0,0,0,0,0,,,,2,4,0,2.0,0.0,0,0,0,0,,,,0,0,60.5,6.099999904632568,12.0,0.4,1764.0,0.5,0.0,0.03278688524590164,0.550000011920929,4.0,0.0,-0.3500000089406967,11,4,0,0.07083333904544512,
4035004,Mecole Hardman Jr.,Wide Receiver,2025,Bills,2,Active,70.0,187.0,28,2019.0,2.0,56.0,1,11,-2.0,-2.0,0.0,-2.0,0,0,0,0,0,,,,0,0,0,,,1,0,0,0,0.0,0.0,,1,1,53.0,7.800000190734863,11.0,0.75,1493.0,3.0,0.03333333333333333,0.0,4.742857115609305,7.0,3.671428561210632,-6.742857115609305,71,7,0,5.928633967600688,
4035020,Charlie Woerner,Tight End,2025,Falcons,1,Active,77.0,250.0,28,2020.0,6.0,190.0,6,16,12.800000190734863,2.133333365122477,1.8162848,3.075000047683716,0,0,0,0,0,,,,0,0,0,,,9,8,48,0,0.8888888888888888,5.333333333333333,6.0,0,0,63.333333333333336,5.349999984105428,10.666666666666666,0.8571428571428571,1765.8333333333333,1.5,0.04265402843601896,0.0,1.449999988079071,8.0,2.0666666428248086,0.683333377043406,26,6,0,1.733333337638113,
4035115,Albert Okwuegbunam Jr.,Tight End,2025,Raiders,13,Active,77.0,258.0,28,2020.0,4.0,118.0,1,5,8.600000381469727,8.600000381469727,0.0,8.600000381469727,0,0,0,0,0,,,,0,0,0,,,6,5,36,0,0.8333333333333334,6.0,7.2,0,0,65.0,4.599999904632568,9.0,0.0,2005.0,2.0,0.16666666666666666,0.0,0.0,1.0,4.25000003973643,8.600000381469727,25,5,0,5.194230873462482,
4035222,Trayveon Williams,Running Back,2025,Browns,5,Free Agent,68.0,206.0,28,2019.0,6.0,182.0,5,18,17.100000023841858,3.4200000047683714,3.1581006,4.050000011920929,0,0,0,0,0,,,,10,36,0,3.6,0.0,9,8,55,0,0.8888888888888888,6.111111111111111,6.875,0,0,53.4,3.999999952316285,10.2,0.25,1660.6,1.8,0.0661764705882353,0.08928571428571429,1.0642857210976735,14.0,1.9999999403953552,2.355714283670698,31,5,0,2.6701904423463914,
4035537,Kene Nwangwu,Running Back,2025,Jets,20,Active,73.0,210.0,28,2021.0,4.0,119.0,2,18,4.8999998569488525,2.4499999284744263,0.65000045,2.4499999284744263,0,0,0,0,0,,,,13,49,0,3.769230769230769,0.0,1,0,0,0,0.0,0.0,,0,0,54.5,3.8000000715255737,9.0,0.3333333333333333,1492.5,0.5,0.017857142857142856,0.2549019607843137,0.4333333298563957,3.0,2.7500000596046448,2.0166665986180305,13,4,0,1.8666666615754366,
4035538,David Montgomery,Running Back,2025,Lions,8,Active,71.0,230.0,29,2019.0,3.0,73.0,17,18,166.92000019550323,9.818823540911955,6.701099,5.77499994635582,2,1,3,1,0,1.5,0.5,0.5,158,716,8,4.531645569620253,0.050632911392405,29,24,192,0,0.8275862068965517,6.620689655172414,8.0,2,1,62.52941176470589,5.97058824931874,11.0,0.625,1833.235294117647,0.8823529411764706,0.04982817869415808,0.3574660633484163,15.979999950953893,14.0,14.657142639160156,-6.1611764100419375,105,7,0,13.53317377682732,
4035656,Ben Skowronek,Wide Receiver,2025,Steelers,23,Active,75.0,224.0,28,2021.0,7.0,249.0,6,14,16.899999618530273,2.816666603088379,3.0883744,1.924999952316284,0,0,0,0,0,,,,0,0,0,,,6,4,69,1,0.6666666666666666,11.5,17.25,0,0,54.5,5.199999968210856,10.5,0.6666666666666666,1573.5,0.8333333333333334,0.03389830508474576,0.0,1.9833333293596904,6.0,2.388888854119513,0.8333332737286885,42,5,0,3.336349195762286,
4035671,Tyler Huntley,Quarterback,2025,Ravens,33,Active,73.0,204.0,28,,,,5,17,44.14000028371811,8.828000056743623,7.4607306,9.380000099539757,67,52,426,2,0,6.358208955223881,0.7761194029850746,0.0298507462686567,24,151,0,6.291666666666667,0.0,0,0,0,0,,,,0,0,60.4,5.9,9.0,0.4736842105263157,1890.6,1.2,0.0,0.13186813186813187,13.332000160217286,5.0,6.3239999413490295,-4.504000103473663,29,6,0,8.833476228799139,
4035687,Michael Pittman Jr.,Wide Receiver,2025,Colts,11,Active,76.0,223.0,28,2020.0,2.0,34.0,17,18,200.39999747276303,11.788235145456651,7.135897,4.8749998807907104,0,0,0,0,0,,,,0,0,0,,,111,80,784,7,0.7207207207207207,7.063063063063063,9.8,0,0,59.88235294117647,5.770588257733514,10.176470588235292,0.6515151515151515,1777.3529411764705,1.3529411764705883,0.20292504570383912,0.0,10.362499952316284,16.0,15.387500077486038,1.4257351931403672,95,6,0,12.099137447853074,
4035693,Velus Jones Jr.,Wide Receiver,2025,Seahawks,26,Active,72.0,204.0,29,2022.0,3.0,71.0,1,14,3.200000047683716,3.200000047683716,0.0,3.200000047683716,0,0,0,0,0,,,,4,32,0,8.0,0.0,0,0,0,0,,,,0,0,58.0,6.300000190734863,11.0,0.5,1880.0,1.0,0.0,0.15384615384615385,0.449999988079071,2.0,1.1099999830126763,2.7500000596046448,23,4,0,2.0400000071153044,
4035886,Khalil Herbert,Running Back,2025,Jets,20,Free Agent,69.0,212.0,28,2021.0,6.0,217.0,3,18,6.599999904632568,2.199999968210856,2.4041631,2.199999968210856,0,0,0,0,0,,,,16,52,0,3.25,0.0,4,1,4,0,0.25,1.0,4.0,0,0,59.0,3.933333317438761,10.0,0.4,1657.3333333333333,1.3333333333333333,0.0449438202247191,0.1927710843373494,3.499999980131785,9.0,9.208333378036818,-1.300000011920929,51,5,0,5.921117211294261,
4036032,Brittain Brown,Running Back,2025,Bears,3,Active,73.0,205.0,28,2022.0,7.0,250.0,1,9,9.699999809265137,9.699999809265137,0.0,9.699999809265137,0,0,0,0,0,,,,5,37,1,7.4,0.2,1,0,0,0,0.0,0.0,,0,0,76.0,7.599999904632568,11.0,0.6666666666666666,2070.0,0.0,0.02702702702702703,0.13513513513513514,,,,,1,1,1,9.699999809265137,
4036131,Noah Fant,Tight End,2025,Bengals,4,Active,76.0,249.0,28,2019.0,1.0,20.0,13,18,74.799999833107,5.75384614100823,4.5406904,0.824999988079071,0,0,0,0,0,,,,0,0,0,,,41,34,288,3,0.8292682926829268,7.024390243902439,8.470588235294118,3,3,63.38461538461539,5.284615424963144,10.538461538461538,0.6363636363636364,1817.7692307692307,1.4615384615384617,0.08151093439363817,0.0,7.428571394511631,14.0,5.242857166699001,-1.674725253503401,104,7,0,7.576209716584855,
4036133,T.J. Hockenson,Tight End,2025,Vikings,16,Active,77.0,248.0,28,2019.0,1.0,8.0,15,16,112.80000042915344,7.520000028610229,3.9026802,8.224999964237213,0,0,0,0,0,,,,1,0,0,0.0,0.0,66,51,438,3,0.7727272727272727,6.636363636363637,8.588235294117647,0,0,55.93333333333333,4.873333326975504,10.866666666666667,0.5869565217391305,1682.2,1.9333333333333331,0.15102974828375287,0.002849002849002849,8.649999928474426,10.0,14.600000031789143,-1.1299998998641962,97,7,0,10.386172979535843,
4036335,Cedrick Wilson Jr.,Wide Receiver,2025,Dolphins,15,Active,74.0,197.0,30,2018.0,6.0,208.0,6,18,9.399999856948853,1.5666666428248088,0.8178562,1.6249999403953552,0,0,0,0,0,,,,0,0,0,,,9,5,44,0,0.5555555555555556,4.888888888888889,8.8,0,0,58.66666666666666,5.199999928474426,11.166666666666666,0.3888888888888889,1819.3333333333333,1.5,0.05389221556886228,0.0,4.721818252043291,11.0,6.327272740277377,-3.155151609218482,64,7,0,4.932400770910073,
4036378,Jordan Love,Quarterback,2025,Packers,9,Active,76.0,219.0,27,2020.0,1.0,26.0,15,16,277.1399943828583,18.475999625523887,9.315714,19.684999525547028,439,291,3381,23,6,7.7015945330296125,0.662870159453303,0.0523917995444191,47,199,0,4.23404255319149,0.0,0,0,0,0,,,,7,2,61.06666666666667,5.653333330154419,9.8,0.5892857142857143,1841.6,0.7333333333333333,0.0,0.10681818181818181,18.523999643325805,15.0,22.297646718866684,-0.048000017801918204,57,5,0,13.315862542469711,
4037235,Greg Dortch,Wide Receiver,2025,Cardinals,22,Active,67.0,175.0,28,,,,12,13,75.09999912977219,6.258333260814349,5.7649016,11.24999988079071,0,0,0,0,0,,,,7,15,1,2.142857142857143,0.1428571428571428,33,29,206,3,0.8787878787878788,6.242424242424242,7.103448275862069,1,0,65.58333333333333,5.166666626930237,10.333333333333334,0.574468085106383,1913.0,1.25,0.07096774193548387,0.025,5.311764745151296,17.0,7.16666669315762,0.9465685156630528,52,6,0,5.0780971334576845,
4037457,Travis Homer,Running Back,2025,Bears,3,Active,70.0,202.0,27,2019.0,6.0,204.0,1,11,-0.2000000029802322,-0.2000000029802322,0.0,-0.2000000029802322,0,0,0,0,0,,,,1,-2,0,-2.0,0.0,0,0,0,0,,,,0,0,73.0,4.400000095367432,12.0,0.5,2219.0,0.0,0.0,0.02564102564102564,1.5999999791383743,4.0,0.0,-1.7999999821186066,39,7,0,3.1545634815203294,
4038441,Justice Hill,Running Back,2025,Ravens,33,Active,70.0,205.0,28,2019.0,4.0,113.0,9,10,65.20000062137842,7.244444513486491,8.247843,5.349999953061342,0,0,0,0,0,,,,18,93,2,5.166666666666667,0.1111111111111111,27,21,169,1,0.7777777777777778,6.25925925925926,8.047619047619047,1,0,56.22222222222222,5.766666730244954,10.555555555555555,0.5,1743.2222222222222,1.1111111111111112,0.11392405063291139,0.07377049180327869,8.47333333492279,15.0,6.8312500230968,-1.228888821436299,74,6,0,5.207743957332014,
4038524,Gardner Minshew II,Quarterback,2025,Chiefs,12,Active,73.0,225.0,30,2019.0,6.0,178.0,4,16,-0.3200000524520874,-0.0800000131130218,0.91771454,-0.0800000131130218,13,6,37,0,1,2.8461538461538463,0.4615384615384615,0.0,6,2,0,0.3333333333333333,0.0,0,0,0,0,,,,0,0,62.25,4.574999928474426,9.75,0.6,1862.5,0.5,0.0,0.05504587155963303,11.231999814510344,10.0,13.887500166893004,-11.311999827623366,61,7,0,12.51718941911075,
4038815,Rico Dowdle,Running Back,2025,Panthers,29,Active,71.0,215.0,27,,,,17,18,216.30000352859497,12.723529619329115,9.509163,8.25,0,0,0,0,0,,,,236,1076,6,4.559322033898305,0.0254237288135593,50,39,297,1,0.78,5.94,7.615384615384615,2,1,59.47058823529412,4.923529442618875,9.823529411764708,0.5333333333333333,1790.764705882353,1.3529411764705883,0.0970873786407767,0.5119305856832972,12.362500041723251,16.0,5.718750042840838,0.36102957760586385,51,4,0,8.001194922993069,
4038941,Justin Herbert,Quarterback,2025,Chargers,24,Active,78.0,236.0,28,2020.0,1.0,6.0,16,17,336.8800027370453,21.05500017106533,9.10893,19.47499990463257,512,340,3727,26,13,7.279296875,0.6640625,0.05078125,83,498,2,6.0,0.0240963855421686,0,0,0,0,,,,7,2,64.125,5.318750023841858,10.25,0.4909090909090909,1990.1875,1.1875,0.0,0.18651685393258427,19.141176476198083,17.0,20.935384521117577,1.9138236948672471,95,6,0,22.119691558814548,
4039034,Shane Buechele,Quarterback,2025,Chiefs,12,Active,72.0,210.0,28,,,,1,18,3.920000076293945,3.920000076293945,0.0,3.920000076293945,14,7,88,0,0,6.285714285714286,0.5,0.0,1,4,0,4.0,0.0,0,0,0,0,,,,0,0,62.0,2.700000047683716,15.0,0.0,1756.0,2.0,0.0,0.043478260869565216,,,,,1,1,1,3.920000076293945,
4039050,Devin Duvernay,Wide Receiver,2025,Bears,3,Active,71.0,200.0,28,2020.0,3.0,92.0,3,17,4.600000143051148,1.533333381017049,1.4079139,1.533333381017049,0,0,0,0,0,,,,0,0,0,,,5,2,26,0,0.4,5.2,13.0,0,0,64.66666666666667,5.833333333333333,9.0,0.4,1788.6666666666667,0.6666666666666666,0.043478260869565216,0.0,1.9199999839067456,10.0,1.0428571360451837,-0.38666660288969656,64,6,0,3.424960325647973,
4039057,Lil'Jordan Humphrey,Wide Receiver,2025,Broncos,7,Active,76.0,225.0,28,,,,7,17,34.59999978542328,4.942857112203326,4.599024,6.27499994635582,0,0,0,0,0,,,,0,0,0,,,25,13,156,1,0.52,6.24,12.0,0,0,68.28571428571429,5.55714293888637,10.142857142857142,0.7391304347826086,1964.7142857142856,0.8571428571428571,0.09578544061302682,0.0,4.592857122421265,14.0,4.290909127755598,0.34999998978206115,45,7,0,4.155503975585721,
4039160,Kylen Granson,Tight End,2025,Eagles,21,Active,75.0,242.0,28,2021.0,4.0,127.0,4,18,11.0,2.75,2.4581497,2.75,0,0,0,0,0,,,,0,0,0,,,9,7,40,0,0.7777777777777778,4.444444444444445,5.714285714285714,0,0,62.75,4.375000059604645,10.25,0.7272727272727273,1936.25,0.25,0.07964601769911504,0.0,2.2999999948910306,14.0,4.866666658719381,0.4500000051089694,56,5,0,3.3568717855848234,
4040612,Luke Farrell,Tight End,2025,49ers,25,Active,77.0,250.0,28,2021.0,5.0,145.0,11,16,29.49999976158142,2.6818181601437656,3.3069675,2.699999988079071,0,0,0,0,0,,,,0,0,0,,,14,11,85,2,0.7857142857142857,6.071428571428571,7.727272727272727,1,1,67.63636363636364,5.427272753282026,10.363636363636363,0.627906976744186,1977.909090909091,1.5454545454545454,0.03636363636363636,0.0,1.8699999809265135,10.0,3.166666640175713,0.8118181792172521,42,5,0,2.2586969419440837,
4040655,Darnell Mooney,Wide Receiver,2025,Falcons,1,Active,71.0,177.0,28,2020.0,5.0,173.0,15,18,82.29999959468842,5.486666639645894,3.6953783,5.350000023841858,0,0,0,0,0,,,,0,0,0,,,72,32,443,1,0.4444444444444444,6.152777777777778,13.84375,2,0,60.73333333333333,5.320000044504801,10.8,0.6444444444444445,1772.2,1.2,0.15286624203821655,0.0,12.075000047683716,16.0,5.63571436064584,-6.588333408037822,89,6,0,9.121572191638617,
4040715,Jalen Hurts,Quarterback,2025,Eagles,21,Active,73.0,223.0,27,2020.0,2.0,53.0,16,17,349.0600027143955,21.81625016964972,9.228006,15.89999971538782,454,294,3224,25,6,7.101321585903084,0.6475770925110133,0.0550660792951541,105,421,8,4.0095238095238095,0.0761904761904762,0,0,0,0,,,,8,4,59.25,5.287500038743019,10.5625,0.7073170731707317,1827.625,0.875,0.0,0.22875816993464052,23.40799992879232,15.0,23.69529402256012,-1.5917497591426013,92,6,0,21.330955825341007,
4040761,Devin Singletary,Running Back,2025,Giants,19,Active,67.0,203.0,28,2019.0,3.0,74.0,17,18,106.80000181496143,6.282353047938908,6.0757217,8.400000095367432,0,0,0,0,0,,,,119,437,5,3.672268907563025,0.042016806722689,19,18,151,0,0.9473684210526316,7.947368421052632,8.38888888888889,0,0,63.8235294117647,5.1529411848853615,10.117647058823527,0.4745762711864407,1858.1176470588236,1.0,0.03612167300380228,0.2328767123287671,6.439999981721242,15.0,9.961176479563994,-0.15764693378233474,110,7,0,9.533939097133002,
4040774,Harrison Bryant,Tight End,2025,Texans,34,Active,77.0,243.0,28,2020.0,4.0,115.0,4,9,2.700000047683716,0.675000011920929,0.6832825,0.675000011920929,0,0,0,0,0,,,,0,0,0,,,6,2,7,0,0.3333333333333333,1.1666666666666667,3.5,0,0,64.75,5.525000154972076,11.25,0.3333333333333333,2030.5,0.25,0.04477611940298507,0.0,3.5199999809265137,5.0,2.915384579163331,-2.8449999690055847,61,6,0,3.5766392034798025,
4043016,Dee Eskridge,Wide Receiver,2025,Dolphins,15,Free Agent,69.0,190.0,29,2021.0,2.0,56.0,5,9,8.199999928474426,1.6399999856948853,1.6523923,1.574999988079071,0,0,0,0,0,,,,0,0,0,,,7,4,62,0,0.5714285714285714,8.857142857142858,15.5,1,1,54.6,5.3599999904632565,9.8,0.3636363636363636,1557.0,2.8,0.041916167664670656,0.0,2.466666658719381,3.0,0.1666666666666666,-0.8266666730244956,27,5,0,1.9071666575968265,
4044111,Chris Oladokun,Quarterback,2025,Chiefs,12,Active,73.0,213.0,28,2022.0,7.0,241.0,3,18,13.199999690055847,4.399999896685283,4.6914673,4.399999896685283,55,35,235,1,0,4.2727272727272725,0.6363636363636364,0.0181818181818181,5,18,0,3.6,0.0,0,0,0,0,,,,4,2,49.0,3.033333301544189,11.0,0.25,1435.6666666666667,0.6666666666666666,0.0,0.08771929824561403,0.5,1.0,,3.8999998966852827,4,2,0,2.4499999483426413,
4045163,Miles Sanders,Running Back,2025,Cowboys,6,Free Agent,71.0,211.0,29,2019.0,2.0,53.0,4,4,26.699999809265137,6.674999952316284,2.496372,6.674999952316284,0,0,0,0,0,,,,20,117,1,5.85,0.05,8,8,30,0,1.0,3.75,3.75,1,1,68.25,5.925000071525574,10.5,0.6666666666666666,1948.5,1.5,0.04678362573099415,0.20833333333333334,7.027272766286677,11.0,5.475000038743019,-0.35227281397039256,88,7,0,9.84782122466016,
4045305,Ian Thomas,Tight End,2025,Raiders,13,Active,75.0,253.0,30,2018.0,4.0,101.0,7,14,24.399999856948853,3.4857142652784074,2.0427072,4.024999976158142,0,0,0,0,0,,,,0,0,0,,,13,13,114,0,1.0,8.76923076923077,8.76923076923077,0,0,58.42857142857143,4.285714285714286,10.428571428571429,0.5,1719.571428571429,1.0,0.05439330543933055,0.0,1.2333333492279053,3.0,1.5142857006617956,2.252380916050502,76,8,0,3.3992018078527755,
4047365,Josh Jacobs,Running Back,2025,Packers,9,Active,70.0,223.0,28,2019.0,1.0,24.0,15,17,237.10000205039975,15.806666803359985,8.713397,11.625000417232512,0,0,0,0,0,,,,234,929,13,3.97008547008547,0.0555555555555555,44,36,282,1,0.8181818181818182,6.409090909090909,7.833333333333333,3,2,59.66666666666666,5.906666644414266,9.666666666666666,0.5925925925925926,1771.5333333333333,0.8666666666666667,0.09649122807017543,0.563855421686747,17.2411766613231,17.0,13.930769040034368,-1.4345098579631141,105,7,0,15.930786465735457,
4047422,Tanner Conner,Tight End,2025,Dolphins,15,Active,75.0,232.0,28,,,,7,9,18.09999966621399,2.5857142380305698,1.3032146,2.049999952316284,0,0,0,0,0,,,,0,0,0,,,15,9,91,0,0.6,6.066666666666666,10.11111111111111,0,0,56.85714285714285,4.928571326392038,10.0,0.55,1701.0,2.0,0.06465517241379311,0.0,2.300000011920929,2.0,0.0,0.2857142261096408,11,3,0,1.6285714166504996,
4047646,A.J. Brown,Wide Receiver,2025,Eagles,21,Active,73.0,226.0,28,2019.0,2.0,51.0,15,17,220.3000009059906,14.68666672706604,9.42089,14.600000143051147,0,0,0,0,0,,,,0,0,0,,,121,78,1003,7,0.6446280991735537,8.289256198347108,12.85897435897436,0,0,59.4,5.140000041325887,10.666666666666666,0.6842105263157895,1816.4666666666667,0.9333333333333332,0.2768878718535469,0.0,16.68461539195134,13.0,17.03529423256131,-1.9979486648852998,105,7,0,15.823462864728238,
4047650,DK Metcalf,Wide Receiver,2025,Steelers,23,Active,76.0,229.0,28,2019.0,2.0,64.0,15,16,187.1999983787537,12.479999891916911,5.795882,12.674999713897703,0,0,0,0,0,,,,2,12,1,6.0,0.5,99,59,850,6,0.5959595959595959,8.585858585858587,14.40677966101695,0,0,56.66666666666666,5.266666682561239,10.4,0.6222222222222222,1673.2,1.0,0.21336206896551724,0.005571030640668524,12.746666558583575,15.0,14.087500035762789,-0.26666666666666394,112,7,0,13.65013303031691,
4048228,John Bates,Tight End,2025,Commanders,28,Active,78.0,256.0,28,2021.0,4.0,124.0,9,18,27.30000042915344,3.0333333810170493,2.4756596,3.775000095367432,0,0,0,0,0,,,,0,0,0,,,16,11,103,1,0.6875,6.4375,9.363636363636363,0,0,60.11111111111112,5.233333375718859,10.22222222222222,0.75,1774.7777777777778,1.4444444444444444,0.06504065040650407,0.0,1.4400000154972077,10.0,2.435714295932225,1.5933333655198416,53,5,0,2.991708528580948,
4057082,Mason Kinsey,Wide Receiver,2025,Titans,10,Active,71.0,200.0,27,,,,2,17,6.800000190734863,3.400000095367432,1.0,3.400000095367432,0,0,0,0,0,,,,0,0,0,,,4,2,48,0,0.5,12.0,24.0,0,0,64.5,4.349999904632568,11.0,0.6666666666666666,1819.0,1.0,0.05194805194805195,0.0,1.8499999642372127,2.0,1.600000023841858,1.5500001311302194,7,4,0,1.8750000149011612,
4061956,Ashton Dulin,Wide Receiver,2025,Colts,11,Active,74.0,215.0,29,,,,7,18,20.000000193715096,2.8571428848164424,2.6108878,2.050000060349703,0,0,0,0,0,,,,3,44,0,14.666666666666666,0.0,10,5,106,0,0.5,10.6,21.2,0,0,60.42857142857143,6.171428612300328,10.285714285714286,0.6451612903225806,1858.0,1.1428571428571428,0.04608294930875576,0.015625,2.133333292272356,9.0,6.07142846924918,0.7238095925440864,46,6,0,2.917460285284847,
4239934,AJ Dillon,Running Back,2025,Eagles,21,Active,72.0,247.0,28,2020.0,2.0,62.0,6,18,9.100000023841858,1.5166666706403096,0.3715584,1.550000011920929,0,0,0,0,0,,,,12,60,0,5.0,0.0,3,3,21,0,1.0,7.0,7.0,1,1,58.5,4.766666690508525,10.333333333333334,0.8125,1761.5,0.5,0.016666666666666666,0.07792207792207792,7.840000096956889,15.0,9.858823523801917,-6.323333426316579,64,5,0,6.922182985454603,
4239944,Hunter Long,Tight End,2025,Jaguars,30,Active,77.0,243.0,27,2021.0,3.0,81.0,7,9,32.50000011920929,4.642857159887042,3.3212981,2.5999999940395355,0,0,0,0,0,,,,0,0,0,,,17,12,85,2,0.7058823529411765,5.0,7.083333333333333,1,0,66.42857142857143,5.01428576878139,10.714285714285714,0.5238095238095238,1948.857142857143,0.7142857142857143,0.06772908366533864,0.0,1.8571428401129584,7.0,0.5999999841054281,2.7857143197740832,17,3,0,2.3666666613684764,
4239993,Tee Higgins,Wide Receiver,2025,Bengals,4,Active,76.0,220.0,27,2020.0,2.0,33.0,15,18,209.6000022888184,13.973333485921223,7.6379256,17.52500033378601,0,0,0,0,0,,,,0,0,0,,,98,59,846,11,0.6020408163265306,8.63265306122449,14.33898305084746,0,0,60.4,5.326666673024495,10.6,0.7446808510638298,1737.2,1.4,0.17657657657657658,0.0,18.50833300749461,12.0,11.46666661898295,-4.534999521573386,82,6,0,14.67742055559915,
4239996,Travis Etienne Jr.,Running Back,2025,Jaguars,30,Active,70.0,215.0,27,2021.0,1.0,25.0,17,18,253.90000104904172,14.935294179355395,6.7369847,16.02500009536743,0,0,0,0,0,,,,260,1107,7,4.257692307692308,0.0269230769230769,52,36,292,6,0.6923076923076923,5.615384615384615,8.11111111111111,1,0,64.29411764705883,5.270588257733514,11.117647058823527,0.6176470588235294,1916.470588235294,1.0588235294117647,0.09236234458259325,0.5316973415132924,8.680000012616317,15.0,16.37647050969741,6.255294166739079,66,4,0,12.984705891292176,
4240021,Cam Akers,Running Back,2025,Vikings,16,Free Agent,70.0,217.0,26,2020.0,2.0,52.0,2,5,9.180000185966492,4.590000092983246,2.6899998,4.590000092983246,1,1,32,1,0,32.0,1.0,1.0,5,19,0,3.8,0.0,1,0,0,0,0.0,0.0,,0,0,59.5,5.8999998569488525,12.0,0.8571428571428571,1813.5,1.0,0.01694915254237288,0.09259259259259259,6.213333302239577,15.0,6.671428578240531,-1.623333209256331,51,6,0,6.741551267033145,
4240069,Malik Cunningham,Wide Receiver,2025,Lions,8,Active,73.0,198.0,27,,,,1,14,0.1000000014901161,0.1000000014901161,0.0,0.1000000014901161,0,0,0,0,0,,,,1,1,0,1.0,0.0,0,0,0,0,,,,0,0,57.0,7.199999809265137,12.0,0.8,1717.0,0.0,0.0,0.045454545454545456,0.0,1.0,,0.1000000014901161,2,2,0,0.05000000074505805,
4240472,Noah Gray,Tight End,2025,Chiefs,12,Active,75.0,240.0,27,2021.0,5.0,162.0,13,18,38.80000019073486,2.984615399287297,1.8695323,3.775000035762787,0,0,0,0,0,,,,0,0,0,,,37,21,178,0,0.5675675675675675,4.8108108108108105,8.476190476190476,0,0,64.3076923076923,5.007692300356352,10.076923076923077,0.5531914893617021,1865.8461538461536,0.9230769230769232,0.08185840707964602,0.0,7.0812500305473804,16.0,4.412499941885471,-4.096634631260084,69,5,0,4.193488197669666,
4240603,Malik Davis,Running Back,2025,Cowboys,6,Active,71.0,202.0,27,,,,9,17,40.59999990463257,4.5111111005147295,4.593581,6.224999994039536,0,0,0,0,0,,,,52,250,2,4.807692307692308,0.0384615384615384,5,2,16,0,0.4,3.2,8.0,0,0,68.77777777777777,5.911111089918348,10.11111111111111,0.5,1880.0,1.4444444444444444,0.01488095238095238,0.2,5.733333210150401,6.0,,-1.2222221096356716,15,2,0,5.122222155332565,
4240631,DeeJay Dallas,Running Back,2025,Jaguars,30,Active,70.0,225.0,27,2020.0,4.0,144.0,2,17,2.0999999046325684,1.0499999523162842,1.05,1.0499999523162842,0,0,0,0,0,,,,3,21,0,7.0,0.0,1,0,0,0,0.0,0.0,,0,0,66.0,5.900000095367432,9.5,0.4444444444444444,1930.5,1.5,0.016129032258064516,0.04477611940298507,2.142857136470931,7.0,0.8200000062584877,-1.0928571841546466,49,6,0,3.4648322199943,
4240657,Michael Carter,Running Back,2025,Cardinals,22,Active,68.0,201.0,27,2021.0,4.0,107.0,13,18,98.9999985769391,7.615384505918393,4.6938343,8.274999976158142,0,0,0,0,0,,,,92,333,1,3.619565217391304,0.0108695652173913,45,33,267,0,0.7333333333333333,5.933333333333334,8.090909090909092,0,0,64.3076923076923,5.238461531125582,10.384615384615383,0.5319148936170213,1744.8461538461538,1.5384615384615383,0.08506616257088846,0.35384615384615387,11.93333339691162,3.0,3.919999930262565,-4.317948890993226,61,5,0,8.474457863487384,
4240703,Kenny Pickett,Quarterback,2025,Raiders,13,Active,75.0,220.0,28,2022.0,1.0,20.0,6,18,9.719999551773071,1.619999925295512,4.0797057,2.849999874830246,45,28,188,1,2,4.177777777777778,0.6222222222222222,0.0222222222222222,5,22,0,4.4,0.0,0,0,0,0,,,,1,1,48.833333333333336,3.433333396911621,10.166666666666666,0.4285714285714285,1485.6666666666667,1.1666666666666667,0.0,0.04424778761061947,5.828000184893608,5.0,10.183333277702332,-4.208000259598096,36,4,0,7.4820640843839215,
4241263,Charlie Kolar,Tight End,2025,Ravens,33,Active,78.0,265.0,27,2022.0,4.0,128.0,11,17,36.20000004768372,3.290909095243974,3.1192815,2.100000023841858,0,0,0,0,0,,,,0,0,0,,,15,10,142,2,0.6666666666666666,9.466666666666669,14.2,0,0,61.09090909090909,5.545454545454546,10.545454545454543,0.4772727272727273,1850.5454545454545,1.6363636363636365,0.052083333333333336,0.0,4.042857204164777,7.0,3.616666634877523,-0.7519481089208031,25,4,0,4.962608138204137,
4241372,Hollywood Brown,Wide Receiver,2025,Chiefs,12,Active,69.0,170.0,29,2019.0,1.0,25.0,16,18,137.6999990940094,8.606249943375587,5.506186,5.1999998688697815,0,0,0,0,0,,,,0,0,0,,,74,49,587,5,0.6621621621621622,7.932432432432432,11.979591836734691,1,0,62.625,5.112499982118607,10.0,0.5892857142857143,1827.5,0.8125,0.13430127041742287,0.0,9.050000190734863,2.0,10.361538556905892,-0.4437502473592758,89,7,0,11.008025960428498,
4241374,Grant Calcaterra,Tight End,2025,Eagles,21,Active,76.0,240.0,27,2022.0,6.0,198.0,8,18,22.600000143051147,2.825000017881393,2.9328954,3.650000065565109,0,0,0,0,0,,,,0,0,0,,,13,9,76,1,0.6923076923076923,5.846153846153846,8.444444444444445,0,0,58.875,4.712500065565109,10.5,0.7142857142857143,1796.125,0.5,0.05555555555555555,0.0,4.271428602082389,14.0,3.9499999284744254,-1.4464285842009956,29,4,0,3.4166071472423414,
4241389,CeeDee Lamb,Wide Receiver,2025,Cowboys,6,Active,74.0,200.0,27,2020.0,1.0,17.0,13,18,200.9000037908554,15.453846445450417,5.7497325,9.80000028014183,0,0,0,0,0,,,,1,2,0,2.0,0.0,117,75,1077,3,0.6410256410256411,9.205128205128204,14.36,0,0,67.23076923076923,5.876923084259033,10.461538461538462,0.5625,1858.692307692308,1.3076923076923077,0.24579831932773108,0.0026954177897574125,17.42666654586792,15.0,23.60000004487879,-1.972820100417504,94,6,0,16.97965663435481,
4241410,Jelani Woods,Tight End,2025,Jets,20,Active,79.0,253.0,27,2022.0,3.0,73.0,2,17,1.399999976158142,0.699999988079071,0.7,0.699999988079071,0,0,0,0,0,,,,0,0,0,,,3,1,4,0,0.3333333333333333,1.3333333333333333,4.0,0,0,63.0,4.0,10.5,0.0,1703.5,1.5,0.043478260869565216,0.0,6.183333317438762,12.0,,-5.483333329359691,14,2,0,3.4416666527589164,
4241416,Chuba Hubbard,Running Back,2025,Panthers,29,Active,73.0,210.0,26,2021.0,4.0,126.0,15,18,125.40000009536745,8.36000000635783,5.939113,3.9250000715255737,0,0,0,0,0,,,,134,511,1,3.8134328358208953,0.0074626865671641,39,30,223,3,0.7692307692307693,5.717948717948718,7.433333333333334,1,1,58.8,4.726666688919067,9.8,0.5277777777777778,1776.4666666666667,1.3333333333333333,0.08478260869565217,0.34271099744245526,15.97333343029022,15.0,10.735294201794792,-7.61333342393239,76,5,0,10.082956303796797,
4241424,Tylan Wallace,Wide Receiver,2025,Ravens,33,Active,71.0,200.0,27,2021.0,4.0,131.0,6,12,14.50000011920929,2.4166666865348816,3.7311378,1.0000000298023224,0,0,0,0,0,,,,0,0,0,,,8,4,45,1,0.5,5.625,11.25,0,0,56.16666666666666,5.550000031789144,10.666666666666666,0.48,1754.0,1.0,0.05,0.0,4.537499994039536,8.0,2.0999999046325684,-2.120833307504655,24,5,0,2.3178333127498627,
4241457,Najee Harris,Running Back,2025,Chargers,24,Free Agent,73.0,242.0,28,2021.0,1.0,24.0,3,3,11.600000143051147,3.8666667143503823,2.0997353,3.8666667143503823,0,0,0,0,0,,,,15,61,0,4.066666666666666,0.0,3,3,25,0,1.0,8.333333333333334,8.333333333333334,0,0,65.66666666666667,5.6333333651224775,10.333333333333334,0.4,1947.0,1.0,0.027777777777777776,0.189873417721519,12.035294252283434,17.0,11.50000007012311,-8.168627537933052,71,5,0,11.646980440850353,
4241463,Jerry Jeudy,Wide Receiver,2025,Browns,5,Active,73.0,195.0,27,2020.0,1.0,15.0,17,18,120.69999980926514,7.099999988780303,5.060924,5.749999761581421,0,0,0,0,0,,,,1,5,0,5.0,0.0,106,50,602,2,0.4716981132075472,5.679245283018868,12.04,1,1,60.588235294117645,4.329411745071411,11.470588235294118,0.5263157894736842,1758.1764705882354,1.4705882352941178,0.18996415770609318,0.0023752969121140144,13.935294053133797,17.0,8.862499952316284,-6.835294064353493,91,6,0,10.289354558766279,
4241464,Mac Jones,Quarterback,2025,49ers,25,Active,75.0,220.0,27,2021.0,1.0,15.0,11,16,154.04000003635883,14.003636366941713,10.959125,7.164999861270189,289,201,2151,13,6,7.442906574394463,0.6955017301038062,0.0449826989619377,36,60,0,1.6666666666666667,0.0,0,0,0,0,,,,4,2,63.36363636363637,5.409090909090909,10.272727272727272,0.6744186046511628,1795.6363636363635,0.9090909090909092,0.0,0.12040133779264214,11.007999907433987,10.0,11.4909090237184,2.9956364595077254,63,5,0,13.218593128878847,
4241474,Brian Robinson Jr.,Running Back,2025,49ers,25,Active,73.0,225.0,27,2022.0,3.0,98.0,16,18,62.49999988079071,3.9062499925494194,3.0590987,2.1999999582767487,0,0,0,0,0,,,,92,400,2,4.3478260869565215,0.0217391304347826,12,8,25,0,0.6666666666666666,2.083333333333333,3.125,0,0,64.875,5.518750011920929,10.125,0.640625,1899.5625,1.3125,0.02214022140221402,0.19532908704883228,11.414285625730242,14.0,13.073333485921223,-7.508035633180823,57,4,0,9.446383963578514,
4241476,Tyrell Shavers,Wide Receiver,2025,Bills,2,Active,76.0,211.0,26,,,,10,17,45.49999976158142,4.5499999761581424,5.1769195,7.574999928474426,0,0,0,0,0,,,,0,0,0,,,23,15,245,1,0.6521739130434783,10.652173913043478,16.333333333333332,0,0,60.8,5.990000057220459,10.3,0.6470588235294118,1894.1,1.3,0.07931034482758621,0.0,13.899999618530272,1.0,,-9.34999964237213,11,2,0,9.224999797344207,
4241479,Tua Tagovailoa,Quarterback,2025,Dolphins,15,Active,73.0,225.0,28,2020.0,1.0,5.0,14,15,198.70000088214877,14.192857205867767,9.338131,10.704999804496763,384,260,2660,20,15,6.927083333333333,0.6770833333333334,0.0520833333333333,20,43,0,2.15,0.0,0,0,0,0,,,,8,1,55.92857142857143,5.449999962534223,10.142857142857142,0.575,1742.857142857143,1.3571428571428572,0.0,0.05730659025787966,19.598182158036664,11.0,19.31529415355009,-5.405324952168897,78,6,0,17.747696612488664,
4241555,Elijah Mitchell,Running Back,2025,Chiefs,12,Active,70.0,215.0,28,2021.0,6.0,194.0,1,11,0.0,0.0,0.0,0.0,0,0,0,0,0,,,,0,0,0,,,1,0,0,0,0.0,0.0,,0,0,62.0,5.0,10.0,0.25,1831.0,1.0,0.022222222222222223,0.0,4.318181799894029,11.0,8.720000076293946,-4.318181799894029,28,4,0,7.009545469046994,
4241983,Cody White,Wide Receiver,2025,Seahawks,26,Active,75.0,227.0,27,,,,3,14,17.99999988079071,5.99999996026357,4.973932,5.99999996026357,0,0,0,0,0,,,,0,0,0,,,4,3,90,1,0.75,22.5,30.0,0,0,56.0,6.166666666666667,10.333333333333334,0.625,1859.6666666666667,1.3333333333333333,0.05,0.0,6.400000095367432,1.0,1.2000000476837158,-0.4000001351038618,8,4,0,4.091666688521703,
4241985,J.K. Dobbins,Running Back,2025,Broncos,7,Active,70.0,212.0,27,2020.0,2.0,55.0,10,10,115.90000009536745,11.590000009536745,3.8895862,9.850000023841858,0,0,0,0,0,,,,153,772,4,5.045751633986928,0.0261437908496732,14,11,37,0,0.7857142857142857,2.642857142857143,3.363636363636364,0,0,63.1,5.300000047683716,11.9,0.6451612903225806,1795.9,1.2,0.04,0.5666666666666667,14.753846095158504,13.0,11.699999809265137,-3.16384608562176,47,5,0,11.832102520893782,
4242214,Clyde Edwards-Helaire,Running Back,2025,Chiefs,12,Free Agent,67.0,207.0,27,2020.0,1.0,32.0,2,12,4.200000047683716,2.100000023841858,1.6000003,2.100000023841858,0,0,0,0,0,,,,7,13,0,1.8571428571428568,0.0,2,2,9,0,1.0,4.5,4.5,0,0,74.0,5.400000095367432,10.5,0.3333333333333333,2035.0,1.5,0.025,0.11475409836065574,5.0,2.0,4.673333378632863,-2.899999976158142,52,6,0,7.78363247783775,
4242335,Jonathan Taylor,Running Back,2025,Colts,11,Active,70.0,226.0,27,2020.0,2.0,41.0,17,18,360.3000016212464,21.19411774242625,11.978586,13.324999928474426,0,0,0,0,0,,,,323,1585,18,4.907120743034056,0.0557275541795665,55,46,378,2,0.8363636363636363,6.872727272727273,8.217391304347826,2,1,59.88235294117647,5.770588257733514,10.176470588235292,0.6515151515151515,1777.3529411764705,1.3529411764705883,0.10054844606946983,0.7307692307692307,17.478571346827916,14.0,15.640000009536744,3.7155463955983343,84,6,0,17.737028673208993,
4242355,Jake Ferguson,Tight End,2025,Cowboys,6,Active,77.0,244.0,27,2022.0,4.0,129.0,17,18,186.10000085830688,10.947058874018053,6.898347,4.399999976158142,0,0,0,0,0,,,,1,1,0,1.0,0.0,102,82,600,8,0.803921568627451,5.882352941176471,7.317073170731708,3,2,65.88235294117646,5.96470588796279,10.411764705882351,0.5692307692307692,1847.6470588235293,1.2352941176470589,0.16346153846153846,0.002150537634408602,7.457142863954816,14.0,10.41764710931217,3.4899160100632365,59,4,0,8.305462208570098,
4242392,Brock Wright,Tight End,2025,Lions,8,Active,77.0,254.0,27,,,,7,12,36.79999995231629,5.257142850330898,3.7822351,2.699999988079071,0,0,0,0,0,,,,0,0,0,,,22,14,108,2,0.6363636363636364,4.909090909090909,7.714285714285714,0,0,62.71428571428572,6.628571510314941,11.714285714285714,0.6551724137931034,1823.7142857142856,0.8571428571428571,0.09482758620689655,0.0,3.500000035762787,10.0,3.512500002980232,1.7571428145681112,45,5,0,4.452390123769478,
4242431,Ty Chandler,Running Back,2025,Vikings,16,Active,71.0,205.0,28,2022.0,5.0,169.0,2,18,8.800000190734863,4.400000095367432,2.0,4.400000095367432,0,0,0,0,0,,,,17,47,0,2.764705882352941,0.0,4,3,11,0,0.75,2.75,3.6666666666666665,0,0,57.5,4.449999928474426,10.5,0.4,1830.0,0.5,0.0851063829787234,0.288135593220339,2.839999957382679,10.0,7.769230732550988,1.5600001379847526,26,4,0,4.252307696325275,
4242433,Joshua Palmer,Wide Receiver,2025,Bills,2,Active,73.0,210.0,26,2021.0,3.0,77.0,12,18,52.30000007152557,4.3583333392937975,2.9264479,1.7750000059604645,0,0,0,0,0,,,,0,0,0,,,37,22,303,0,0.5945945945945946,8.18918918918919,13.772727272727272,0,0,63.25,5.84166665871938,10.583333333333334,0.673469387755102,1949.8333333333333,1.0833333333333333,0.10422535211267606,0.0,6.89333340326945,15.0,10.669999873638153,-2.5350000639756525,68,5,0,7.7142499931653346,
4242512,Malik Willis,Quarterback,2025,Packers,9,Active,73.0,225.0,27,2022.0,3.0,86.0,4,17,57.180000364780426,14.295000091195108,12.25012,14.295000091195108,35,30,422,3,0,12.057142857142855,0.8571428571428571,0.0857142857142857,22,123,2,5.590909090909091,0.0909090909090909,0,0,0,0,,,,2,1,57.5,5.975000023841858,9.25,0.4666666666666667,1800.0,0.75,0.0,0.1746031746031746,9.633333106835684,6.0,1.5299999117851255,4.6616669843594245,19,4,0,7.055297563295989,
4242536,Sal Cannella,Tight End,2025,Browns,5,Free Agent,77.0,242.0,29,,,,2,18,3.0999999046325684,1.5499999523162842,1.55,1.5499999523162842,0,0,0,0,0,,,,0,0,0,,,5,2,11,0,0.4,2.2,5.5,0,0,51.0,4.4999998807907104,10.0,0.0,1613.5,1.5,0.1111111111111111,0.0,,,,,2,1,1,1.5499999523162842,
4242540,Isaiah Hodgins,Wide Receiver,2025,Giants,19,Active,75.0,200.0,27,2020.0,6.0,207.0,6,18,27.49999952316284,4.583333253860474,4.9066,1.149999976158142,0,0,0,0,0,,,,0,0,0,,,19,10,115,1,0.5263157894736842,6.052631578947368,11.5,0,0,66.33333333333333,5.449999968210856,10.333333333333334,0.5454545454545454,1928.0,1.0,0.1,0.0,1.600000023841858,2.0,4.285714243139539,2.9833332300186157,31,4,0,5.345039639444577,
4242546,Davis Mills,Quarterback,2025,Texans,34,Active,76.0,225.0,27,2021.0,3.0,67.0,6,18,76.60000133514404,12.766666889190674,10.244562,17.300000369548798,159,91,915,5,1,5.754716981132075,0.5723270440251572,0.0314465408805031,13,60,1,4.615384615384615,0.0769230769230769,0,0,0,0,,,,1,0,65.83333333333333,5.100000023841858,11.5,0.5652173913043478,1890.8333333333333,0.3333333333333333,0.0,0.07926829268292683,2.3949999697506428,4.0,3.964000126719475,10.371666919440031,43,5,0,9.517605210431876,
4242557,Colby Parkinson,Tight End,2025,Rams,14,Active,79.0,266.0,27,2020.0,4.0,133.0,14,18,129.80000030994415,9.27142859356744,7.007796,14.87500011920929,0,0,0,0,0,,,,0,0,0,,,56,43,408,8,0.7678571428571429,7.285714285714286,9.488372093023257,1,1,65.0,6.214285680225918,10.642857142857142,0.6885245901639344,1892.5,0.8571428571428571,0.11089108910891089,0.0,4.359999934832255,15.0,4.407142869063786,4.911428658735185,63,6,0,4.706904753427657,
4242558,Tucker Fisk,Tight End,2025,Chargers,24,Free Agent,76.0,285.0,27,,,,4,10,3.900000095367432,0.975000023841858,0.9908961,0.975000023841858,0,0,0,0,0,,,,0,0,0,,,4,2,19,0,0.5,4.75,9.5,0,0,67.5,5.149999976158142,11.75,0.5454545454545454,1991.75,1.25,0.02666666666666667,0.0,1.557142870766776,7.0,1.899999976158142,-0.582142846924918,12,3,0,1.4773809569222587,
4243003,Ronnie Rivers,Running Back,2025,Rams,14,Active,69.0,198.0,27,,,,2,17,4.599999904632568,2.299999952316284,1.8,2.299999952316284,0,0,0,0,0,,,,9,46,0,5.111111111111111,0.0,0,0,0,0,,,,0,0,64.0,6.950000047683716,11.0,0.5714285714285714,1959.5,1.5,0.0,0.16071428571428573,3.659999942779541,5.0,2.871428503521851,-1.359999990463257,16,4,0,3.457857099654419,
4243331,Cade Otton,Tight End,2025,Buccaneers,27,Active,77.0,247.0,27,2022.0,4.0,106.0,15,18,122.20000171661376,8.146666781107585,5.775912,9.524999976158142,0,0,0,0,0,,,,0,0,0,,,81,59,572,1,0.7283950617283951,7.061728395061729,9.694915254237287,0,0,62.86666666666667,5.080000019073486,10.8,0.5476190476190477,1927.2,1.0,0.16363636363636364,0.0,10.04285721055099,14.0,7.156250044703484,-1.8961904294434042,59,4,0,7.998943505258788,
4243389,Calvin Austin III,Wide Receiver,2025,Steelers,23,Active,69.0,162.0,27,2022.0,4.0,138.0,14,18,86.20000004768372,6.157142860548837,5.302387,5.099999964237213,0,0,0,0,0,,,,0,0,0,,,55,31,372,3,0.5636363636363636,6.763636363636364,12.0,0,0,57.92857142857143,5.085714289120266,10.5,0.5909090909090909,1693.5,0.9285714285714286,0.12304250559284116,0.0,6.6352940166697785,17.0,3.7642856862928182,-0.4781511561209415,45,3,0,5.518907521170479,
4243537,Gabe Davis,Wide Receiver,2025,Bills,2,Free Agent,74.0,225.0,27,2020.0,4.0,128.0,6,18,30.90000033378601,5.1500000556310015,4.9526925,5.175000071525574,0,0,0,0,0,,,,0,0,0,,,18,12,129,1,0.6666666666666666,7.166666666666667,10.75,0,0,66.33333333333333,5.933333396911621,10.0,0.625,2046.1666666666667,1.6666666666666667,0.1005586592178771,0.0,5.988888906108008,9.0,9.962500102818012,-0.8388888504770069,77,6,0,8.248495373488575,
4244049,Quintin Morris,Tight End,2025,Jaguars,30,Active,74.0,243.0,27,,,,5,18,17.5,3.5,2.164255,3.850000023841858,0,0,0,0,0,,,,0,0,0,,,9,6,55,1,0.6666666666666666,6.111111111111111,9.166666666666666,0,0,62.2,5.560000038146972,11.2,0.8181818181818182,1950.0,0.4,0.06040268456375839,0.0,2.9199999809265136,5.0,5.299999952316284,0.5800000190734864,18,4,0,3.779999962449074,
4244856,Austin Trammell,Wide Receiver,2025,Jaguars,30,Active,70.0,185.0,27,,,,5,13,7.6000001430511475,1.5200000286102295,2.0894017,1.9000000357627869,0,0,0,0,0,,,,0,0,0,,,10,3,46,0,0.3,4.6,15.333333333333334,0,0,63.8,4.920000076293945,11.0,0.6818181818181818,2038.2,1.6,0.07352941176470588,0.0,4.0,1.0,1.2250000536441803,-2.4799999713897707,12,4,0,2.098750014603138,
4245131,Tim Jones,Wide Receiver,2025,Jaguars,30,Active,73.0,200.0,28,,,,1,9,2.5,2.5,0.0,2.5,0,0,0,0,0,,,,0,0,0,,,1,1,15,0,1.0,15.0,15.0,0,0,77.0,4.800000190734863,9.0,0.6,2577.0,1.0,0.029411764705882353,0.0,2.366666634877523,3.0,1.9299999833107,0.13333336512247707,18,4,0,2.0741666545470556,
4245144,Tay Martin,Wide Receiver,2025,Commanders,28,Free Agent,75.0,185.0,28,,,,2,5,4.300000071525574,2.150000035762787,0.24999905,2.150000035762787,0,0,0,0,0,,,,0,0,0,,,2,2,23,0,1.0,11.5,11.5,0,0,53.0,6.450000047683716,8.5,0.6666666666666666,1543.0,1.0,0.03773584905660377,0.0,11.899999618530272,1.0,,-9.749999582767485,3,2,0,7.024999827146529,
4248528,Christian Watson,Wide Receiver,2025,Packers,9,Active,76.0,208.0,27,2022.0,2.0,34.0,10,17,132.39999842643738,13.239999842643735,7.276155,14.199999749660492,0,0,0,0,0,,,,1,3,0,3.0,0.0,55,35,611,6,0.6363636363636364,11.10909090909091,17.457142857142856,0,0,59.7,5.919999980926514,9.5,0.4848484848484848,1768.6,1.0,0.18211920529801323,0.0035714285714285713,7.378571418779237,14.0,11.255555576748318,5.861428423864498,47,4,0,10.898888877306192,
4249417,Jalen Tolbert,Wide Receiver,2025,Cowboys,6,Active,73.0,195.0,27,2022.0,3.0,88.0,11,18,44.29999995231629,4.027272722937844,4.1387506,4.949999928474426,0,0,0,0,0,,,,0,0,0,,,34,18,203,1,0.5294117647058824,5.970588235294118,11.27777777777778,0,0,65.54545454545455,5.872727307406339,10.545454545454543,0.6428571428571429,1894.7272727272727,1.0,0.08651399491094147,0.0,8.941176512662102,17.0,4.200000022138868,-4.913903789724258,44,4,0,4.692112305494007,
4249616,Owen Wright,Running Back,2025,Buccaneers,27,Free Agent,69.0,217.0,27,,,,1,12,0.6000000238418579,0.6000000238418579,0.0,0.6000000238418579,0,0,0,0,0,,,,3,6,0,2.0,0.0,0,0,0,0,,,,0,0,67.0,2.900000095367432,11.0,0.3333333333333333,1908.0,2.0,0.0,0.10344827586206896,,,,,1,1,1,0.6000000238418579,
4250764,Stone Smartt,Tight End,2025,Jets,20,Active,76.0,226.0,27,,,,3,17,12.199999570846558,4.06666652361552,3.4344656,4.06666652361552,0,0,0,0,0,,,,0,0,0,,,9,7,52,0,0.7777777777777778,5.777777777777778,7.428571428571429,0,0,61.0,3.866666634877523,11.0,0.0,1613.3333333333333,2.0,0.08737864077669903,0.0,4.971428496497018,7.0,2.7083333929379783,-0.9047619728814977,25,4,0,3.4116070973021646,
4257188,Charlie Jones,Wide Receiver,2025,Bengals,4,Active,72.0,190.0,27,2023.0,4.0,131.0,2,12,0.0,0.0,0.0,0.0,0,0,0,0,0,,,,0,0,0,,,1,0,0,0,0.0,0.0,,0,0,57.0,4.149999976158142,11.5,1.0,1675.0,3.0,0.015384615384615385,0.0,-0.25,2.0,3.674999952316284,0.25,8,3,0,1.1416666507720947,
4257364,Zavier Scott,Running Back,2025,Vikings,16,Active,73.0,221.0,26,,,,9,18,39.19999973475933,4.35555552608437,4.5573173,2.75,0,0,0,0,0,,,,32,114,0,3.5625,0.0,16,14,98,1,0.875,6.125,7.0,2,1,59.77777777777778,4.933333264456855,10.22222222222222,0.5333333333333333,1826.7777777777776,1.6666666666666667,0.056140350877192984,0.14545454545454545,,,,,9,1,1,4.35555552608437,
4258173,Nico Collins,Wide Receiver,2025,Texans,34,Active,76.0,222.0,27,2021.0,3.0,89.0,15,17,224.19999980926517,14.94666665395101,6.1374116,14.549999952316284,0,0,0,0,0,,,,2,15,1,7.5,0.5,120,71,1117,6,0.5916666666666667,9.308333333333334,15.732394366197184,1,1,63.266666666666666,5.006666692097982,11.466666666666669,0.4782608695652174,1884.8666666666663,0.7333333333333333,0.23483365949119372,0.004914004914004914,17.550000031789143,12.0,17.226666498184205,-2.6033333778381333,66,5,0,13.080952333155134,
4258595,Cole Kmet,Tight End,2025,Bears,3,Active,78.0,257.0,27,2020.0,2.0,43.0,16,18,76.70000004768372,4.793750002980232,3.1481092,3.850000023841858,1,0,0,0,0,0.0,0.0,0.0,0,0,0,,,48,30,347,2,0.625,7.229166666666667,11.566666666666666,0,0,65.0625,5.693749994039536,11.0,0.5961538461538461,1864.125,0.625,0.08955223880597014,0.0,8.45714282138007,14.0,12.073333358764648,-3.6633928183998385,92,6,0,7.647929089204155,
4259147,Jake Tonges,Tight End,2025,49ers,25,Active,76.0,240.0,26,,,,9,17,93.30000042915344,10.366666714350382,5.5445676,9.925000011920927,0,0,0,0,0,,,,0,0,0,,,46,34,293,5,0.7391304347826086,6.369565217391305,8.617647058823529,0,0,65.88888888888889,5.744444423251682,10.333333333333334,0.5882352941176471,1863.111111111111,1.4444444444444444,0.13529411764705881,0.0,0.0,1.0,,10.366666714350382,10,2,0,5.183333357175191,
4259545,D'Andre Swift,Running Back,2025,Bears,3,Active,68.0,204.0,27,2020.0,2.0,35.0,16,18,228.59999883174896,14.28749992698431,6.4595723,14.825000047683716,0,0,0,0,0,,,,223,1087,9,4.874439461883408,0.0403587443946188,48,34,299,1,0.7083333333333334,6.229166666666667,8.794117647058824,2,2,64.1875,5.59375,10.875,0.5714285714285714,1845.375,0.6875,0.0893854748603352,0.47649572649572647,12.49999988780302,17.0,12.456249877810478,1.7875000391812907,89,6,0,13.903353929637648,
4260394,Aidan O'Connell,Quarterback,2025,Raiders,13,Active,75.0,206.0,27,2023.0,4.0,135.0,1,18,4.78000020980835,4.78000020980835,0.0,4.78000020980835,22,10,102,0,0,4.636363636363637,0.4545454545454545,0.0,1,7,0,7.0,0.0,0,0,0,0,,,,0,0,61.0,3.299999952316284,14.0,0.0,1844.0,2.0,0.0,0.03125,12.164444473054674,9.0,13.619999885559082,-7.3844442632463245,21,3,0,10.188148189474035,
4360078,Alec Pierce,Wide Receiver,2025,Colts,11,Active,75.0,211.0,26,2022.0,2.0,53.0,15,18,183.2999997138977,12.219999980926511,8.020905,14.100000262260435,0,0,0,0,0,,,,0,0,0,,,84,47,1003,6,0.5595238095238095,11.94047619047619,21.34042553191489,0,0,60.333333333333336,5.773333358764648,10.2,0.6140350877192983,1794.9333333333334,1.3333333333333333,0.17427385892116182,0.0,10.087500058114529,16.0,5.611764725516824,2.1324999228119825,64,4,0,8.734503697844989,
4360086,Josh Whyle,Tight End,2025,Packers,9,Active,79.0,248.0,26,2023.0,5.0,147.0,6,18,14.59999966621399,2.4333332777023315,2.321398,1.5749999582767489,0,0,0,0,0,,,,0,0,0,,,6,5,36,1,0.8333333333333334,6.0,7.2,0,0,53.66666666666666,5.550000031789144,9.333333333333334,0.7142857142857143,1629.6666666666667,0.5,0.04316546762589928,0.0,4.200000022138868,14.0,3.050000011920929,-1.7666667444365363,28,3,0,3.2277777705873762,
4360175,Clayton Tune,Quarterback,2025,Packers,9,Free Agent,75.0,220.0,27,2023.0,5.0,139.0,2,18,1.980000138282776,0.990000069141388,2.67,0.990000069141388,15,7,42,0,1,2.8,0.4666666666666667,0.0,5,23,0,4.6,0.0,0,0,0,0,,,,1,0,47.0,5.299999952316284,9.5,0.3333333333333333,1387.0,1.0,0.0,0.09615384615384616,-0.4159999802708626,5.0,1.0959999814629555,1.4060000494122507,12,3,0,0.5566666901111603,
4360231,Lucas Krull,Tight End,2025,Broncos,7,Active,78.0,260.0,27,,,,2,3,3.5,1.75,0.15000013,1.75,0,0,0,0,0,,,,0,0,0,,,4,2,15,0,0.5,3.75,7.5,0,0,59.5,5.0,13.0,0.4,1668.0,2.0,0.06153846153846154,0.0,3.419999957084656,10.0,3.357142891202654,-1.6699999570846562,19,3,0,2.8423809494291032,
4360238,Dameon Pierce,Running Back,2025,Chiefs,12,Active,70.0,218.0,26,2022.0,4.0,107.0,3,18,3.5999999046325684,1.1999999682108562,0.6683312,1.1999999682108562,0,0,0,0,0,,,,14,36,0,2.571428571428572,0.0,1,0,0,0,0.0,0.0,,0,0,61.66666666666666,4.533333381017049,11.333333333333334,0.5,1944.6666666666667,1.3333333333333333,0.011235955056179775,0.1686746987951807,4.8333333565129175,9.0,5.89999997157317,-3.633333388302061,38,4,0,6.183333302983361,
4360248,Kyle Pitts Sr.,Tight End,2025,Falcons,1,Active,78.0,250.0,25,2021.0,1.0,4.0,17,18,210.7999987602234,12.399999927071963,9.643835,19.924999833106995,0,0,0,0,0,,,,0,0,0,,,118,88,928,5,0.7457627118644068,7.864406779661017,10.545454545454543,0,0,61.64705882352941,5.382352969225715,10.823529411764708,0.62,1799.6470588235295,1.0588235294117647,0.21651376146788992,0.0,7.717647110714632,17.0,8.076470543356503,4.682352816357332,78,5,0,9.228470566412982,
4360290,Brayden Willis,Tight End,2025,49ers,25,Active,76.0,240.0,26,2023.0,7.0,247.0,1,2,0.0,0.0,0.0,0.0,0,0,0,0,0,,,,0,0,0,,,1,0,0,0,0.0,0.0,,0,0,68.0,5.099999904632568,11.0,1.0,1845.0,1.0,0.02564102564102564,0.0,0.0,1.0,,0.0,2,2,0,0.0,
4360294,Antonio Gibson,Running Back,2025,Patriots,17,Free Agent,72.0,228.0,27,2020.0,3.0,66.0,5,5,17.199999690055847,3.439999938011169,2.9883776,4.2249999195337296,0,0,0,0,0,,,,25,106,1,4.24,0.04,3,2,6,0,0.6666666666666666,2.0,3.0,2,1,59.6,5.719999980926514,10.0,0.631578947368421,1769.0,1.4,0.01948051948051948,0.1968503937007874,6.082352901206297,17.0,7.9624999687075615,-2.6423529631951284,83,6,0,9.53024331857385,
4360310,Trevor Lawrence,Quarterback,2025,Jaguars,30,Active,78.0,220.0,26,2021.0,1.0,1.0,17,18,394.17999792099,23.187058701234704,10.461809,35.96999979019165,560,341,4007,29,12,7.155357142857143,0.6089285714285714,0.0517857142857142,82,359,9,4.378048780487805,0.1097560975609756,0,0,0,0,,,,5,3,64.29411764705883,5.270588257733514,11.117647058823527,0.6176470588235294,1916.470588235294,1.0588235294117647,0.0,0.16768916155419222,16.120000003278257,10.0,18.908750027418137,7.067058697956448,77,5,0,18.215632332826363,
4360405,Jake Bobo,Wide Receiver,2025,Seahawks,26,Active,76.0,211.0,27,,,,2,7,4.0,2.0,0.70000017,2.0,0,0,0,0,0,,,,0,0,0,,,2,2,20,0,1.0,10.0,10.0,0,0,65.5,5.349999904632568,12.5,0.7142857142857143,1940.5,2.5,0.034482758620689655,0.0,2.6999999934976757,11.0,4.06428576367242,-0.6999999934976757,27,3,0,2.9214285857233655,
4360423,Michael Penix Jr.,Quarterback,2025,Falcons,1,Active,75.0,220.0,26,2024.0,1.0,8.0,9,11,136.2799994945526,15.1422221660614,8.559146,15.464999794960022,276,166,1982,9,3,7.181159420289855,0.6014492753623188,0.0326086956521739,21,70,1,3.333333333333333,0.0476190476190476,0,0,0,0,,,,4,2,62.44444444444444,5.522222254011366,10.88888888888889,0.6296296296296297,1821.888888888889,0.8888888888888888,0.0,0.08333333333333333,10.019999980926514,5.0,,5.122222185134886,14,2,0,12.581111073493958,
4360516,Tyrone Tracy Jr.,Running Back,2025,Giants,19,Active,71.0,210.0,26,2024.0,5.0,166.0,15,18,160.80000126361847,10.720000084241232,7.4003773,17.27500009536743,0,0,0,0,0,,,,176,740,2,4.204545454545454,0.0113636363636363,48,36,288,2,0.75,6.0,8.0,1,1,63.06666666666667,5.280000003178914,10.066666666666666,0.48,1836.6666666666667,0.8,0.1032258064516129,0.4,10.723529392305542,17.0,,-0.003529308064310399,32,2,0,10.721764738273386,
4360569,Jordan Mason,Running Back,2025,Vikings,16,Active,71.0,230.0,27,,,,16,18,128.89999973773956,8.056249983608723,5.3250556,6.3999998569488525,0,0,0,0,0,,,,159,758,6,4.767295597484277,0.0377358490566037,16,14,51,0,0.875,3.1875,3.642857142857143,3,1,56.4375,4.924999982118607,10.75,0.56,1702.6875,1.875,0.03418803418803419,0.4162303664921466,9.583333353201548,12.0,4.966666665342119,-1.527083369592825,45,4,0,6.645312500910626,
4360635,Chig Okonkwo,Tight End,2025,Titans,10,Active,75.0,238.0,26,2022.0,4.0,143.0,17,18,124.00000154972076,7.294117738218868,4.3488283,10.099999964237211,0,0,0,0,0,,,,0,0,0,,,79,56,560,2,0.7088607594936709,7.0886075949367084,10.0,0,0,59.05882352941177,4.376470579820521,10.764705882352942,0.5757575757575758,1748.1176470588234,1.1176470588235294,0.13859649122807016,0.0,6.974999971687794,16.0,6.670588191817789,0.3191177665310745,65,4,0,6.821593146866151,
4360689,Tyler Shough,Quarterback,2025,Saints,18,Active,77.0,219.0,26,2025.0,2.0,40.0,11,18,175.96000146865845,15.99636376987804,8.273992,22.22000026702881,327,221,2384,10,6,7.290519877675841,0.6758409785932722,0.0305810397553516,45,186,3,4.133333333333334,0.0666666666666666,0,0,0,0,,,,3,2,64.36363636363636,5.100000056353482,10.363636363636363,0.4285714285714285,1756.2727272727273,1.5454545454545454,0.0,0.16129032258064516,,,,,11,1,1,15.99636376987804,
4360698,Joe Milton III,Quarterback,2025,Cowboys,6,Active,77.0,246.0,26,2024.0,6.0,193.0,4,18,12.31999945640564,3.07999986410141,3.853388,3.07999986410141,24,15,183,1,2,7.625,0.625,0.0416666666666666,5,50,0,10.0,0.0,0,0,0,0,,,,1,1,61.25,5.575000047683716,10.25,0.4,1784.0,2.25,0.0,0.04807692307692308,21.239999771118164,1.0,,-18.159999907016754,5,2,0,12.159999817609787,
4360761,Michael Wilson,Wide Receiver,2025,Cardinals,22,Active,74.0,213.0,26,2023.0,3.0,94.0,17,18,220.59999895095825,12.976470526526956,10.286343,17.59999966621399,0,0,0,0,0,,,,0,0,0,,,126,78,1006,7,0.6190476190476191,7.984126984126984,12.897435897435898,0,0,63.1764705882353,5.17647056018605,10.117647058823527,0.5409836065573771,1787.8235294117646,1.2352941176470589,0.1941448382126348,0.0,7.781250059604645,16.0,8.653846245545607,5.195220466922311,46,3,0,9.803855610559069,
4360763,Brycen Tremayne,Wide Receiver,2025,Panthers,29,Active,76.0,212.0,26,,,,8,18,29.99999988079071,3.749999985098839,2.4181604,2.549999952316284,0,0,0,0,0,,,,0,0,0,,,18,14,160,0,0.7777777777777778,8.88888888888889,11.428571428571429,1,0,61.5,5.000000029802322,10.125,0.6296296296296297,1851.875,1.375,0.06691449814126393,0.0,0.800000011920929,1.0,,2.94999997317791,9,2,0,2.274999998509884,
4360797,Tutu Atwell,Wide Receiver,2025,Rams,14,Active,69.0,165.0,26,2021.0,2.0,57.0,8,18,31.20000004768372,3.900000005960465,5.3218884,3.4999999701976776,0,0,0,0,0,,,,0,0,0,,,15,6,192,1,0.4,12.8,32.0,0,0,64.75,6.337499976158142,10.625,0.5294117647058824,1814.75,1.25,0.05,0.0,6.593333355585734,15.0,7.742857209273747,-2.6933333496252687,50,5,0,4.70057146021298,
4360939,Rashod Bateman,Wide Receiver,2025,Ravens,33,Active,73.0,193.0,26,2021.0,1.0,27.0,13,17,53.39999961853027,4.107692278348482,4.626589,1.5000000596046448,0,0,0,0,0,,,,0,0,0,,,38,19,224,2,0.5,5.894736842105263,11.789473684210526,0,0,59.07692307692308,5.784615406623254,10.538461538461538,0.5102040816326531,1776.4615384615386,1.3846153846153846,0.11046511627906977,0.0,10.91250006854534,16.0,5.099999992052714,-6.8048077901968576,62,5,0,7.5323717454916395,
4360967,Brevyn Spann-Ford,Tight End,2025,Cowboys,6,Active,79.0,270.0,26,,,,10,18,24.0,2.4,2.2485552,2.699999988079071,0,0,0,0,0,,,,0,0,0,,,13,9,90,1,0.6923076923076923,6.923076923076923,10.0,0,0,67.9,5.710000038146973,10.5,0.5789473684210527,1897.3,1.2,0.03513513513513514,0.0,2.966666658719381,6.0,,-0.5666666587193809,16,2,0,2.6833333293596904,
4360978,David Martin-Robinson,Tight End,2025,Titans,10,Active,75.0,247.0,26,,,,4,18,13.0,3.25,2.2410934,3.25,0,0,0,0,0,,,,0,0,0,,,6,4,30,1,0.6666666666666666,5.0,7.5,0,0,62.0,4.199999928474426,11.75,0.7142857142857143,1772.0,1.5,0.04316546762589928,0.0,0.5333333412806193,3.0,,2.716666658719381,7,2,0,1.8916666706403096,
4361050,Isaiah Likely,Tight End,2025,Ravens,33,Active,76.0,241.0,26,2022.0,4.0,139.0,11,18,61.69999957084656,5.60909087007696,3.7698452,8.974999904632568,0,0,0,0,0,,,,0,0,0,,,37,27,307,1,0.7297297297297297,8.297297297297296,11.37037037037037,2,1,60.90909090909091,5.518181800842285,10.636363636363637,0.4523809523809524,1865.3636363636365,1.4545454545454546,0.13167259786476868,0.0,8.246666614214579,15.0,7.776923115436848,-2.637575744137619,53,4,0,7.038527283422795,
4361088,Colson Yankoff,Tight End,2025,Commanders,28,Active,76.0,225.0,26,,,,3,14,3.8000000715255737,1.2666666905085249,0.9843215,1.2666666905085249,0,0,0,0,0,,,,0,0,0,,,3,2,18,0,0.6666666666666666,6.0,9.0,0,0,66.0,5.0,8.666666666666666,0.3,1854.6666666666667,2.0,0.028846153846153848,0.0,,,,,3,1,1,1.2666666905085249,
4361112,Devin Culp,Tight End,2025,Buccaneers,27,Active,76.0,237.0,26,2024.0,7.0,246.0,1,15,7.599999904632568,7.599999904632568,0.0,7.599999904632568,0,0,0,0,0,,,,0,0,0,,,1,1,6,1,1.0,6.0,6.0,0,0,61.0,5.5,10.0,1.0,1689.0,1.0,0.029411764705882353,0.0,6.8999998569488525,2.0,,0.7000000476837158,3,2,0,7.2499998807907104,
4361182,Adrian Martinez,Quarterback,2025,49ers,25,Active,74.0,220.0,26,,,,1,9,-0.1000000014901161,-0.1000000014901161,0.0,-0.1000000014901161,0,0,0,0,0,,,,1,-1,0,-1.0,0.0,0,0,0,0,,,,0,0,65.0,5.800000190734863,11.0,0.8,1991.0,1.0,0.0,0.02564102564102564,,,,,1,1,1,-0.1000000014901161,
4361259,Zach Wilson,Quarterback,2025,Dolphins,15,Active,74.0,214.0,26,2021.0,1.0,2.0,4,18,1.380000039935112,0.345000009983778,0.71768725,0.345000009983778,11,6,32,0,0,2.909090909090909,0.5454545454545454,0.0,3,1,0,0.3333333333333333,0.0,0,0,0,0,,,,0,0,57.0,4.6999998688697815,10.25,0.6923076923076923,1868.25,1.25,0.0,0.02608695652173913,10.995000009735426,12.0,12.324444426430595,-10.649999999751648,38,4,0,9.105726521645282,
4361307,Trey McBride,Tight End,2025,Cardinals,22,Active,76.0,246.0,26,2022.0,2.0,55.0,17,18,315.90000438690186,18.58235319922952,8.116671,20.30000042915344,0,0,0,0,0,,,,0,0,0,,,169,126,1239,11,0.7455621301775148,7.331360946745562,9.833333333333334,0,0,63.1764705882353,5.17647056018605,10.117647058823527,0.5409836065573771,1787.8235294117646,1.2352941176470589,0.26040061633281975,0.0,15.237500011920927,16.0,10.676470644333785,3.3448531873085923,59,4,0,12.832414280647544,
4361332,Shedrick Jackson,Wide Receiver,2025,Raiders,13,Active,73.0,198.0,26,,,,3,18,15.900000095367432,5.300000031789144,3.0408335,5.300000031789144,0,0,0,0,0,,,,1,3,0,3.0,0.0,5,4,56,1,0.8,11.2,14.0,0,0,54.333333333333336,4.133333444595337,10.0,0.3333333333333333,1617.6666666666667,1.3333333333333333,0.056818181818181816,0.015625,0.0,1.0,,5.300000031789144,4,2,0,2.650000015894572,
4361370,Chris Olave,Wide Receiver,2025,Saints,18,Active,72.0,187.0,25,2022.0,1.0,11.0,16,17,267.99999618530273,16.74999976158142,7.6629834,22.299999713897705,1,0,0,0,1,0.0,0.0,0.0,1,-3,0,-3.0,0.0,156,100,1163,9,0.6410256410256411,7.455128205128205,11.63,0,0,63.125,5.043750062584877,10.25,0.4285714285714285,1705.9375,1.375,0.2805755395683453,0.0024449877750611247,9.587500244379044,8.0,14.331250004470348,7.162499517202377,55,4,0,13.437187539165219,
4361372,Jeremy Ruckert,Tight End,2025,Jets,20,Active,77.0,250.0,25,2022.0,3.0,101.0,13,17,46.90000057220459,3.6076923517080455,2.1254725,2.950000047683716,0,0,0,0,0,,,,0,0,0,,,29,23,179,1,0.7931034482758621,6.172413793103448,7.782608695652174,0,0,60.53846153846154,4.68461535527156,11.0,0.40625,1724.3846153846157,1.4615384615384617,0.0741687979539642,0.0,2.192307710647583,13.0,3.109999966621399,1.4153846410604625,38,4,0,2.4525000012837923,
4361409,Jahan Dotson,Wide Receiver,2025,Eagles,21,Active,71.0,184.0,26,2022.0,1.0,16.0,14,18,50.200000166893005,3.5857142976352145,3.3553486,3.150000035762787,0,0,0,0,0,,,,0,0,0,,,36,18,262,1,0.5,7.277777777777778,14.555555555555555,0,0,59.785714285714285,5.207142880984715,10.714285714285714,0.7142857142857143,1798.7142857142858,1.0714285714285714,0.08333333333333333,0.0,2.9928570985794067,14.0,7.341176397660199,0.5928571990558078,57,4,0,6.159103603214443,
4361411,Pat Freiermuth,Tight End,2025,Steelers,23,Active,77.0,258.0,27,2021.0,2.0,55.0,15,18,113.60000097751616,7.573333398501078,6.2297635,7.7250001430511475,0,0,0,0,0,,,,0,0,0,,,54,41,486,4,0.7592592592592593,9.0,11.853658536585366,0,0,59.46666666666667,5.266666682561239,10.4,0.6136363636363636,1754.7333333333331,0.8666666666666667,0.10714285714285714,0.0,9.899999955121208,17.0,6.800000082362782,-2.32666655662013,74,5,0,8.70191667054745,
4361432,Romeo Doubs,Wide Receiver,2025,Packers,9,Active,74.0,204.0,26,2022.0,4.0,132.0,16,17,163.39999961853027,10.212499976158142,7.063539,8.549999833106995,0,0,0,0,0,,,,0,0,0,,,85,55,724,6,0.6470588235294118,8.51764705882353,13.163636363636364,1,0,60.0,5.812499985098839,9.75,0.5862068965517241,1800.5,0.8125,0.17782426778242677,0.0,10.007692226996788,13.0,10.25882344386157,0.20480774916135402,59,4,0,9.573600059181317,
4361516,Daniel Bellinger,Tight End,2025,Giants,19,Active,78.0,255.0,25,2022.0,4.0,112.0,12,18,59.59999907016754,4.966666589180629,5.188341,5.350000023841858,0,0,0,0,0,,,,0,0,0,,,26,19,286,2,0.7307692307692307,11.0,15.052631578947368,0,0,66.33333333333333,5.133333305517833,10.25,0.4888888888888889,1902.3333333333333,1.1666666666666667,0.06683804627249357,0.0,3.7857142857142856,7.0,3.884615439635057,1.1809523034663432,43,4,0,4.818339995851308,
4361529,Isiah Pacheco,Running Back,2025,Chiefs,12,Active,70.0,216.0,27,2022.0,7.0,251.0,13,17,87.3000009059906,6.7153846850762005,3.7420356,5.449999988079071,0,0,0,0,0,,,,118,462,1,3.915254237288136,0.0084745762711864,26,19,101,1,0.7307692307692307,3.8846153846153846,5.315789473684211,0,0,60.69230769230769,5.184615336931669,9.538461538461538,0.6818181818181818,1777.0,0.6923076923076923,0.06074766355140187,0.35542168674698793,8.128571544374738,7.0,15.2785712991442,-1.4131868592985377,51,4,0,9.515926001548921,
4361577,Dyami Brown,Wide Receiver,2025,Jaguars,30,Active,72.0,195.0,26,2021.0,3.0,82.0,11,18,49.70000064373016,4.518181876702742,5.1150074,0.0499999821186065,0,0,0,0,0,,,,6,30,0,5.0,0.0,37,20,227,1,0.5405405405405406,6.135135135135135,11.35,1,1,64.81818181818181,5.218181870200417,10.727272727272728,0.6136363636363636,1935.7272727272727,1.0,0.09973045822102426,0.01910828025477707,4.493333311875661,15.0,2.497142887541226,0.024848564827080644,56,5,0,3.863318927994194,
4361579,Javonte Williams,Running Back,2025,Cowboys,6,Active,70.0,220.0,26,2021.0,2.0,35.0,16,17,242.79999828338623,15.17499989271164,5.8259673,11.875,0,0,0,0,0,,,,252,1201,11,4.765873015873016,0.0436507936507936,51,35,137,2,0.6862745098039216,2.6862745098039214,3.914285714285714,2,2,66.625,6.006249994039536,10.375,0.5737704918032787,1862.3125,1.1875,0.085,0.5793103448275863,9.28823538387523,17.0,10.950000017881392,5.886764508836409,70,5,0,11.593235253937104,
4361741,Brock Purdy,Quarterback,2025,49ers,25,Active,73.0,220.0,26,2022.0,7.0,262.0,9,18,215.38000059127808,23.931111176808677,12.180026,30.300000071525574,284,197,2167,20,10,7.630281690140845,0.6936619718309859,0.0704225352112676,33,147,3,4.454545454545454,0.0909090909090909,0,0,0,0,,,,3,2,63.0,5.544444455040826,10.11111111111111,0.6410256410256411,1899.888888888889,1.4444444444444444,0.0,0.12177121771217712,20.45733354886373,15.0,22.349999994039536,3.4737776279449477,49,4,0,20.358500007912518,
4361777,Zamir White,Running Back,2025,Raiders,13,Free Agent,71.0,227.0,26,2022.0,4.0,122.0,5,18,9.59999991953373,1.9199999839067456,1.2671226,2.1999999769032,0,0,0,0,0,,,,12,32,0,2.6666666666666665,0.0,6,4,24,0,0.6666666666666666,4.0,6.0,0,0,60.8,4.600000047683716,11.2,0.3636363636363636,1841.4,1.6,0.037037037037037035,0.0975609756097561,3.6625000266358256,8.0,5.684615469895876,-1.74250004272908,37,4,0,2.975869780893835,
4361988,James Mitchell,Tight End,2025,Panthers,29,Active,76.0,249.0,26,2022.0,5.0,177.0,2,5,5.799999952316284,2.899999976158142,0.7999996,2.899999976158142,0,0,0,0,0,,,,0,0,0,,,3,3,28,0,1.0,9.333333333333334,9.333333333333334,0,0,65.0,5.700000047683716,11.0,0.7142857142857143,1994.0,1.0,0.045454545454545456,0.0,2.400000035762787,2.0,3.537500038743019,0.4999999403953552,12,3,0,2.945833350221316,
4362018,Blake Whiteheart,Tight End,2025,Browns,5,Active,76.0,250.0,26,,,,6,18,2.399999976158142,0.399999996026357,0.57735026,0.3499999940395355,0,0,0,0,0,,,,0,0,0,,,6,2,4,0,0.3333333333333333,0.6666666666666666,2.0,1,0,59.833333333333336,4.399999976158142,11.5,0.4615384615384615,1734.6666666666667,1.3333333333333333,0.03125,0.0,2.44285718032292,7.0,,-2.042857184296563,13,2,0,1.4214285881746387,
4362238,Chase Brown,Running Back,2025,Bengals,4,Active,70.0,210.0,26,2023.0,5.0,163.0,17,18,280.60000371932983,16.505882571725284,7.26842,24.25000047683716,0,0,0,0,0,,,,232,1019,6,4.392241379310345,0.0258620689655172,88,69,437,5,0.7840909090909091,4.965909090909091,6.333333333333333,2,0,62.1764705882353,5.229411770315731,10.588235294117649,0.6666666666666666,1808.4117647058824,1.411764705882353,0.1375,0.6089238845144357,15.812499850988388,16.0,5.350000084936619,0.6933827207368957,43,3,0,12.556127502550098,
4362249,Jayden Reed,Wide Receiver,2025,Packers,9,Active,71.0,187.0,26,2023.0,2.0,50.0,5,17,48.50000047683716,9.700000095367432,2.216303,8.75000011920929,0,0,0,0,0,,,,3,28,0,9.333333333333334,0.0,22,19,207,1,0.8636363636363636,9.409090909090908,10.894736842105264,0,0,55.2,6.319999885559082,9.4,0.3529411764705882,1671.0,1.2,0.16176470588235295,0.022727272727272728,11.58823524503147,17.0,13.450000122189522,-1.8882351496640375,38,3,0,11.579411820862807,
4362452,Jaret Patterson,Running Back,2025,Chargers,24,Active,68.0,195.0,26,,,,6,18,25.699999526143078,4.283333254357179,3.9401422,4.574999857693911,0,0,0,0,0,,,,41,159,1,3.8780487804878048,0.024390243902439,4,3,8,0,0.75,2.0,2.6666666666666665,0,0,66.5,4.799999952316284,11.166666666666666,0.5652173913043478,2024.1666666666667,1.0,0.021739130434782608,0.21578947368421053,7.800000190734863,1.0,3.992857082613877,-3.5166669363776846,21,3,0,5.3587301759019725,
4362477,Derius Davis,Wide Receiver,2025,Chargers,24,Active,68.0,165.0,25,2023.0,4.0,125.0,6,18,1.5000000596046448,0.2500000099341075,1.1206397,0.3000000119209289,0,0,0,0,0,,,,2,5,0,2.5,0.0,3,2,10,0,0.6666666666666666,3.333333333333333,5.0,1,1,63.333333333333336,4.599999984105428,10.833333333333334,0.375,1830.0,1.0,0.014218009478672985,0.013605442176870748,3.341666713356972,12.0,2.12142857589892,-3.091666703422865,32,3,0,1.90436509973,
4362478,Emari Demercado,Running Back,2025,Cardinals,22,Active,69.0,215.0,27,,,,11,18,58.29999981075525,5.299999982795932,4.0174623,3.9499999284744254,0,0,0,0,0,,,,44,312,0,7.090909090909091,0.0,20,13,101,1,0.65,5.05,7.769230769230769,1,1,63.36363636363637,5.18181813846935,10.272727272727272,0.5365853658536586,1745.090909090909,1.4545454545454546,0.047058823529411764,0.1864406779661017,4.207692270095532,13.0,6.663636322725903,1.0923077127004,35,3,0,5.390442858539122,
4362523,Will Mallory,Tight End,2025,Colts,11,Active,76.0,239.0,26,2023.0,5.0,162.0,1,17,2.5999999046325684,2.5999999046325684,0.0,2.5999999046325684,0,0,0,0,0,,,,0,0,0,,,1,1,16,0,1.0,16.0,16.0,0,0,55.0,3.700000047683716,11.0,0.6666666666666666,1661.0,2.0,0.03225806451612903,0.0,0.9857142993382044,7.0,3.518181876702742,1.614285605294364,19,3,0,2.3679653602245048,
4362603,Brenden Bates,Tight End,2025,Browns,5,Active,77.0,255.0,26,,,,4,18,8.800000309944153,2.200000077486038,1.589025,2.200000077486038,0,0,0,0,0,,,,0,0,0,,,5,4,48,0,0.8,9.6,12.0,0,0,58.0,4.974999964237213,10.0,0.5454545454545454,1885.75,1.25,0.04716981132075472,0.0,0.0,1.0,,2.200000077486038,5,2,0,1.100000038743019,
4362617,Bryce Oliver,Wide Receiver,2025,Titans,10,Active,73.0,214.0,26,,,,1,1,1.7999999523162842,1.7999999523162842,0.0,1.7999999523162842,0,0,0,0,0,,,,0,0,0,,,1,1,8,0,1.0,8.0,8.0,0,0,55.0,2.400000095367432,14.0,0.0,1684.0,2.0,0.03571428571428571,0.0,3.100000047683716,5.0,,-1.300000095367432,6,2,0,2.45,
4362619,Chris Rodriguez Jr.,Running Back,2025,Commanders,28,Active,71.0,224.0,26,2023.0,6.0,193.0,12,18,91.99999989569189,7.666666657974322,4.633814,11.125,0,0,0,0,0,,,,112,500,6,4.464285714285714,0.0535714285714285,4,3,30,0,0.75,7.5,10.0,0,0,58.41666666666666,5.37500003973643,9.583333333333334,0.6388888888888888,1735.0833333333333,1.5,0.0121580547112462,0.3209169054441261,5.249999937911828,6.0,4.737499974668026,2.4166667200624943,26,3,0,5.884722190184725,
4362628,Ja'Marr Chase,Wide Receiver,2025,Bengals,4,Active,72.0,205.0,26,2021.0,1.0,5.0,16,18,313.59999990463257,19.599999994039536,9.936798,22.925000190734863,0,0,0,0,0,,,,3,14,0,4.666666666666667,0.0,185,125,1412,8,0.6756756756756757,7.632432432432433,11.296,1,1,62.1875,5.2437500059604645,10.625,0.660377358490566,1821.0625,1.4375,0.3073089700996678,0.008379888268156424,23.705882296842688,17.0,16.420000225305557,-4.105882302803153,78,5,0,19.568705874798344,
4362748,Tyler Badie,Running Back,2025,Broncos,7,Active,68.0,197.0,26,2022.0,6.0,196.0,14,18,35.39999961853027,2.528571401323591,1.5130051,2.4999999701976776,0,0,0,0,0,,,,8,23,0,2.875,0.0,31,19,141,0,0.6129032258064516,4.548387096774194,7.421052631578948,0,0,65.42857142857143,5.457142898014614,11.285714285714286,0.5918367346938775,1871.142857142857,1.0714285714285714,0.05961538461538462,0.021220159151193633,3.13333331545194,3.0,9.399999618530272,-0.6047619141283489,18,3,0,5.020634778435268,
4362887,Justin Fields,Quarterback,2025,Jets,20,Active,75.0,227.0,27,2021.0,1.0,11.0,9,11,146.66000080108645,16.29555564456516,10.32569,13.300000190734863,204,128,1259,7,1,6.171568627450981,0.6274509803921569,0.034313725490196,71,383,4,5.394366197183099,0.056338028169014,1,0,0,0,0.0,0.0,,4,3,58.888888888888886,4.688888854450649,10.77777777777778,0.5,1744.111111111111,1.1111111111111112,0.0041841004184100415,0.27413127413127414,12.914000010490415,10.0,20.16769233116737,3.3815556340747435,59,5,0,16.59518298368169,
4362921,Tyquan Thornton,Wide Receiver,2025,Chiefs,12,Active,74.0,185.0,25,2022.0,2.0,50.0,11,15,80.80000019073486,7.345454562794078,5.2970605,4.424999952316284,0,0,0,0,0,,,,0,0,0,,,37,19,438,3,0.5135135135135135,11.83783783783784,23.05263157894737,0,0,65.9090909090909,5.336363619024104,10.0,0.5238095238095238,1893.1818181818185,1.0,0.09046454767726161,0.0,2.174999952316284,4.0,3.022222214274936,5.170454610477794,36,4,0,4.5169191664517525,
4363551,Dylan Drummond,Wide Receiver,2025,Falcons,1,Active,72.0,190.0,26,,,,3,14,11.200000047683716,3.733333349227905,1.7249799,3.733333349227905,0,0,0,0,0,,,,0,0,0,,,11,7,42,0,0.6363636363636364,3.8181818181818175,6.0,0,0,61.333333333333336,5.233333428700765,11.333333333333334,0.4444444444444444,1774.6666666666667,1.6666666666666667,0.12790697674418605,0.0,,,,,3,1,1,3.733333349227905,
4365395,Julian Hill,Tight End,2025,Dolphins,15,Day-To-Day,76.0,251.0,25,,,,10,18,28.99999976158142,2.899999976158142,1.9783832,2.224999964237213,0,0,0,0,0,,,,0,0,0,,,20,15,140,0,0.75,7.0,9.333333333333334,0,0,55.0,5.0299999713897705,10.4,0.5,1711.4,1.2,0.07220216606498195,0.0,2.0000000216744165,11.0,1.4666666984558103,0.8999999544837256,27,3,0,2.122222232096123,
4366963,Dylan Laube,Running Back,2025,Raiders,13,Active,69.0,204.0,26,2024.0,6.0,208.0,5,18,3.700000032782554,0.7400000065565109,1.849973,-3.725290298461914e-09,0,0,0,0,0,,,,7,9,0,1.2857142857142858,0.0,4,3,18,0,0.75,4.5,6.0,1,1,52.0,3.4799999713897707,10.8,0.25,1593.4,1.4,0.028368794326241134,0.06796116504854369,-2.0,1.0,,2.740000006556511,6,2,0,-0.6299999967217446,
4367209,Greg Dulcich,Tight End,2025,Dolphins,15,Active,76.0,245.0,26,2022.0,3.0,80.0,9,18,62.799999713897705,6.977777745988634,3.735647,8.600000023841858,0,0,0,0,0,,,,1,-7,0,-7.0,0.0,33,26,335,1,0.7878787878787878,10.151515151515152,12.884615384615383,1,1,56.11111111111112,5.599999984105428,11.11111111111111,0.48,1766.6666666666667,1.3333333333333333,0.14347826086956522,0.00392156862745098,2.599999984105428,3.0,2.7499998807907104,4.377777761883205,24,4,0,5.23444437649515,
4367567,Julius Chestnut,Running Back,2025,Titans,10,Active,71.0,228.0,25,,,,7,16,3.999999932944775,0.5714285618492535,0.8412818,0.3000000063329935,0,0,0,0,0,,,,11,40,0,3.636363636363636,0.0,2,0,0,0,0.0,0.0,,0,0,62.285714285714285,4.342857190540859,10.857142857142858,0.625,1869.857142857143,1.0,0.008368200836820083,0.06358381502890173,1.6625000331550837,8.0,2.766666571299235,-1.0910714713058303,18,3,0,1.6668650554345241,
4368003,Andrei Iosivas,Wide Receiver,2025,Bengals,4,Active,75.0,210.0,26,2023.0,6.0,206.0,15,18,89.90000033378601,5.993333355585734,5.006059,3.5500000715255737,0,0,0,0,0,,,,3,14,0,4.666666666666667,0.0,58,33,435,2,0.5689655172413793,7.5,13.181818181818182,0,0,63.73333333333333,5.513333336512248,10.466666666666669,0.66,1836.5333333333333,1.2666666666666666,0.09830508474576272,0.008902077151335312,7.052941224154304,17.0,5.622222238116795,-1.0596078685685697,41,3,0,6.222832272618945,
4369466,Ryan Miller,Wide Receiver,2025,Buccaneers,27,Active,74.0,221.0,26,,,,5,11,11.400000095367432,2.280000019073486,3.4862015,2.850000023841858,0,0,0,0,0,,,,0,0,0,,,4,2,34,1,0.5,8.5,17.0,0,0,65.2,4.840000009536743,11.6,0.4285714285714285,1891.2,0.8,0.022598870056497175,0.0,4.599999979138374,8.0,,-2.319999960064888,13,2,0,3.4399999991059302,
4369863,Cedric Tillman,Wide Receiver,2025,Browns,5,Active,75.0,215.0,26,2023.0,3.0,74.0,12,18,59.99999988079071,4.999999990065892,4.3927975,3.3999999165534973,0,0,0,0,0,,,,0,0,0,,,39,21,270,2,0.5384615384615384,6.923076923076923,12.857142857142858,0,0,60.583333333333336,4.508333285649617,11.583333333333334,0.56,1784.25,1.6666666666666667,0.1012987012987013,0.0,8.711111081971062,9.0,4.018181822516701,-3.7111110919051695,32,3,0,5.909764298184552,
4371733,Kenneth Gainwell,Running Back,2025,Steelers,23,Active,69.0,200.0,27,2021.0,5.0,150.0,17,18,221.30000162124637,13.01764715419096,9.097914,17.899999856948853,0,0,0,0,0,,,,114,537,5,4.7105263157894735,0.043859649122807,85,73,486,3,0.8588235294117647,5.7176470588235295,6.657534246575342,2,1,58.11764705882353,5.223529437009026,10.411764705882351,0.5882352941176471,1705.1764705882354,0.8823529411764706,0.15454545454545454,0.2800982800982801,3.9125000089406967,16.0,5.96124991774559,9.105147145250264,82,5,0,7.129897092479993,
4372016,Jaylen Waddle,Wide Receiver,2025,Dolphins,15,Active,70.0,185.0,27,2021.0,1.0,6.0,16,17,194.11999768018725,12.132499855011702,6.6530137,8.900000020861626,1,1,8,0,0,8.0,1.0,0.0,2,28,0,14.0,0.0,100,64,910,6,0.64,9.1,14.21875,1,0,55.9375,5.531249955296516,10.3125,0.5777777777777777,1736.375,1.375,0.22026431718061673,0.004914004914004914,9.70666669209798,15.0,14.185714312962125,2.4258331629137224,78,5,0,13.32688794772957,
4372019,Jerome Ford,Running Back,2025,Browns,5,Active,70.0,210.0,26,2022.0,5.0,156.0,13,14,43.59999953955412,3.35384611842724,3.156828,1.89999995008111,0,0,0,0,0,,,,24,73,0,3.0416666666666665,0.0,32,26,103,0,0.8125,3.21875,3.9615384615384617,0,0,62.15384615384615,4.353846146510198,11.76923076923077,0.5806451612903226,1762.3846153846157,1.3076923076923077,0.07142857142857142,0.07384615384615385,9.571428545883723,14.0,12.305882320684546,-6.217582427456483,46,4,0,6.457789244758761,
4372063,Ronnie Bell,Wide Receiver,2025,Saints,18,Active,72.0,192.0,26,2023.0,7.0,253.0,1,18,10.300000190734863,10.300000190734863,0.0,10.300000190734863,0,0,0,0,0,,,,0,0,0,,,4,2,23,1,0.5,5.75,11.5,0,0,65.0,5.199999809265137,11.0,0.6666666666666666,1879.0,2.0,0.11428571428571428,0.0,1.400000015894572,3.0,3.0799999475479125,8.900000174840292,14,3,0,4.926666718059116,
4372071,Hassan Haskins,Running Back,2025,Chargers,24,Free Agent,74.0,228.0,26,2022.0,4.0,131.0,5,18,9.999999940395355,1.999999988079071,1.0430722,1.8749999850988388,0,0,0,0,0,,,,17,47,0,2.764705882352941,0.0,4,4,13,0,1.0,3.25,3.25,0,0,66.8,5.580000019073486,9.4,0.4210526315789473,1962.2,1.4,0.020100502512562814,0.13934426229508196,2.981818176805973,11.0,3.7142857142857135,-0.981818188726902,23,3,0,2.8987012930569196,
4372096,Luke Schoonmaker,Tight End,2025,Cowboys,6,Active,77.0,250.0,27,2023.0,2.0,58.0,14,18,27.200000166893005,1.942857154778072,1.3767012,2.950000047683716,0,0,0,0,0,,,,0,0,0,,,23,14,132,0,0.6086956521739131,5.739130434782608,9.428571428571429,0,0,66.92857142857143,5.9142857279096335,10.428571428571429,0.5660377358490566,1855.7142857142856,1.3571428571428572,0.043478260869565216,0.0,5.710000038146973,10.0,2.409090919928117,-3.7671428833689005,35,3,0,3.353982704284387,
4372414,Elijah Moore,Wide Receiver,2025,Bills,2,Active,70.0,178.0,26,2021.0,2.0,34.0,9,12,28.599999606609344,3.177777734067705,3.2275817,2.424999997019768,0,0,0,0,0,,,,6,24,1,4.0,0.1666666666666666,17,9,112,0,0.5294117647058824,6.588235294117647,12.444444444444445,0,0,63.55555555555556,5.977777851952447,10.77777777777778,0.6333333333333333,1977.888888888889,1.0,0.0625,0.02197802197802198,7.111764767590691,17.0,8.256249979138374,-3.9339870335229863,67,5,0,7.48045717884902,
4372505,Payne Durham,Tight End,2025,Buccaneers,27,Active,77.0,255.0,25,2023.0,5.0,171.0,4,18,2.0999999046325684,0.5249999761581421,0.9093266,0.5249999761581421,0,0,0,0,0,,,,0,0,0,,,4,1,11,0,0.25,2.75,11.0,0,0,65.25,5.149999976158142,10.0,0.5384615384615384,2061.25,0.25,0.030534351145038167,0.0,6.900000143051147,5.0,1.799999992052714,-6.375000166893005,15,3,0,3.0750000370873347,
4372716,Nikko Remigio,Wide Receiver,2025,Chiefs,12,Active,69.0,187.0,26,,,,4,16,4.199999928474426,1.0499999821186066,1.265899,1.0499999821186066,0,0,0,0,0,,,,1,11,0,11.0,0.0,1,1,21,0,1.0,21.0,21.0,2,0,61.0,4.6249998807907104,9.5,0.6363636363636364,1850.75,0.25,0.008,0.00909090909090909,3.400000095367432,2.0,,-2.3500001132488255,6,2,0,2.225000038743019,
4372758,Kevin Austin Jr.,Wide Receiver,2025,Saints,18,Active,74.0,200.0,26,,,,5,18,32.99999976158142,6.599999952316284,5.03309,8.249999940395355,0,0,0,0,0,,,,0,0,0,,,23,13,140,1,0.5652173913043478,6.086956521739131,10.76923076923077,0,0,65.6,5.600000095367432,10.6,0.5,1859.2,1.0,0.12365591397849462,0.0,3.3749999701976776,8.0,,3.2249999821186064,13,2,0,4.987499961256981,
4372780,Tommy Tremble,Tight End,2025,Panthers,29,Active,76.0,250.0,26,2021.0,3.0,83.0,15,18,63.90000021457672,4.260000014305115,4.3873763,4.825000047683716,0,0,0,0,0,,,,0,0,0,,,37,27,249,2,0.7297297297297297,6.72972972972973,9.22222222222222,0,0,61.2,4.993333355585734,9.8,0.5609756097560976,1833.7333333333331,1.2666666666666666,0.08026030368763558,0.0,5.640000003576279,10.0,4.646153770960295,-1.3799999892711643,66,5,0,4.387802181230797,
4373030,Ben Sims,Tight End,2025,Vikings,16,Active,77.0,250.0,26,,,,3,18,5.9999998807907104,1.99999996026357,0.61644125,1.99999996026357,0,0,0,0,0,,,,0,0,0,,,6,3,30,0,0.5,5.0,10.0,0,0,58.66666666666666,4.666666587193807,9.666666666666666,0.6666666666666666,1917.3333333333333,0.3333333333333333,0.08571428571428572,0.0,2.0500000715255737,4.0,2.01666667064031,-0.050000111262003655,13,3,0,2.0222222341431513,
4373273,British Brooks,Running Back,2025,Texans,34,Active,71.0,225.0,26,,,,3,18,7.800000190734863,2.600000063578288,2.687006,2.600000063578288,0,0,0,0,0,,,,17,78,0,4.588235294117647,0.0,0,0,0,0,,,,0,0,67.33333333333333,5.100000143051148,11.666666666666666,0.5454545454545454,1988.0,0.0,0.0,0.1827956989247312,0.2000000029802322,1.0,,2.400000060598056,4,2,0,1.4000000332792601,
4373626,Tyler Allgeier,Running Back,2025,Falcons,1,Active,70.0,220.0,26,2022.0,5.0,151.0,17,18,123.00000154972076,7.235294208807104,5.1901426,3.825000047683716,0,0,0,0,0,,,,143,514,8,3.5944055944055946,0.0559440559440559,16,14,96,0,0.875,6.0,6.857142857142857,0,0,61.64705882352941,5.382352969225715,10.823529411764708,0.62,1799.6470588235295,1.0588235294117647,0.029357798165137616,0.29979035639413,6.12941172543694,17.0,7.976470596650067,1.1058824833701637,67,4,0,7.794669130488353,
4373678,Khalil Shakir,Wide Receiver,2025,Bills,2,Active,72.0,190.0,26,2022.0,5.0,148.0,16,17,166.39999955892563,10.399999972432852,5.6164947,9.50000011920929,0,0,0,0,0,,,,1,5,0,5.0,0.0,95,72,719,4,0.7578947368421053,7.568421052631579,9.98611111111111,1,1,63.125,5.900000035762787,10.375,0.6440677966101694,1969.0625,1.1875,0.20386266094420602,0.001984126984126984,12.16666669845581,15.0,7.068749964237213,-1.766666726022958,57,4,0,8.21135416533798,
4374187,Deven Thompkins,Wide Receiver,2025,Falcons,1,Free Agent,68.0,155.0,26,,,,2,14,6.200000166893005,3.1000000834465027,1.6999998,3.1000000834465027,0,0,0,0,0,,,,1,5,0,5.0,0.0,3,3,27,0,1.0,9.0,9.0,0,0,64.5,5.100000143051148,11.0,0.4285714285714285,1847.5,2.0,0.047619047619047616,0.015873015873015872,1.6750000528991222,4.0,2.684615402840651,1.4250000305473804,22,4,0,2.764903860954711,
4374302,Amon-Ra St. Brown,Wide Receiver,2025,Lions,8,Active,72.0,202.0,26,2021.0,4.0,112.0,17,18,324.00000190734863,19.058823641608743,10.60289,22.62500023841858,0,0,0,0,0,,,,3,9,0,3.0,0.0,172,117,1401,11,0.6802325581395349,8.145348837209303,11.974358974358974,1,0,62.52941176470589,5.97058824931874,11.0,0.625,1833.235294117647,0.8823529411764706,0.29553264604810997,0.006787330316742082,18.7164706622853,17.0,20.681250125169758,0.34235297932344366,82,5,0,17.827558900415898,
4379399,James Cook III,Running Back,2025,Bills,2,Active,71.0,190.0,26,2022.0,2.0,63.0,17,18,302.19999837875366,17.776470492867862,8.92686,16.924999952316284,0,0,0,0,0,,,,309,1621,12,5.2459546925566345,0.0388349514563106,40,33,291,2,0.825,7.275,8.818181818181818,6,3,63.64705882352941,5.935294151306152,10.294117647058824,0.6615384615384615,1988.5294117647056,1.1176470588235294,0.08080808080808081,0.5648994515539305,16.668750017881393,16.0,13.68823528289795,1.1077204749864684,66,4,0,13.684926453813471,
4379401,John FitzPatrick,Tight End,2025,Packers,9,Free Agent,79.0,262.0,26,2022.0,6.0,213.0,10,16,25.20000004768372,2.5200000047683715,2.614498,2.0500000715255737,0,0,0,0,0,,,,0,0,0,,,15,12,72,1,0.8,4.8,6.0,0,0,58.5,5.5499999761581424,9.8,0.5555555555555556,1809.6,0.5,0.05357142857142857,0.0,1.2000000476837158,1.0,2.200000047683716,1.3199999570846557,12,3,0,1.9733333667119346,
4382466,Jalen Nailor,Wide Receiver,2025,Vikings,16,Active,72.0,190.0,27,2022.0,6.0,191.0,17,18,98.69999861717224,5.805882271598367,6.4141817,6.850000023841858,0,0,0,0,0,,,,2,13,0,6.5,0.0,53,29,444,4,0.5471698113207547,8.377358490566039,15.310344827586206,0,0,56.11764705882353,4.823529397740083,10.823529411764708,0.5686274509803921,1699.5882352941176,1.7647058823529411,0.10950413223140495,0.004878048780487805,6.866666674613953,15.0,2.9499999284744263,-1.0607844030155853,39,4,0,5.550637187677271,
4383351,Trey Lance,Quarterback,2025,Chargers,24,Active,76.0,226.0,26,2021.0,1.0,3.0,4,18,13.540000081062315,3.3850000202655792,2.9570384,3.3850000202655792,57,27,226,0,1,3.9649122807017534,0.4736842105263157,0.0,17,85,0,5.0,0.0,0,0,0,0,,,,1,1,61.5,4.099999904632568,10.0,0.4,1772.75,1.5,0.0,0.1588785046728972,3.184999916702509,4.0,6.230000019073486,0.2000001035630703,16,4,0,6.238333262192706,
4383396,Hunter Luepke,Running Back,2025,Cowboys,6,Active,73.0,238.0,26,,,,11,18,36.99999983608723,3.3636363487352026,2.6509938,3.850000023841858,0,0,0,0,0,,,,16,71,0,4.4375,0.0,15,13,109,1,0.8666666666666667,7.266666666666667,8.384615384615385,0,0,64.36363636363636,6.054545445875688,10.454545454545457,0.6,1849.636363636364,0.7272727272727273,0.04076086956521739,0.04938271604938271,2.069230760519321,13.0,2.1166666547457376,1.2944055882158816,30,3,0,2.5165112546667534,
4383429,Jacob Saylors,Running Back,2025,Lions,8,Active,71.0,195.0,26,,,,1,4,1.100000023841858,1.100000023841858,0.0,1.100000023841858,0,0,0,0,0,,,,2,11,0,5.5,0.0,0,0,0,0,,,,0,0,56.0,4.900000095367432,13.0,1.0,1696.0,1.0,0.0,0.06896551724137931,,,,,1,1,1,1.100000023841858,
4383440,Nate Adkins,Tight End,2025,Broncos,7,Active,75.0,252.0,26,,,,6,16,16.800000190734863,2.800000031789144,3.6810324,3.575000047683716,0,0,0,0,0,,,,0,0,0,,,11,6,48,1,0.5454545454545454,4.363636363636363,8.0,0,0,67.5,5.916666746139526,11.666666666666666,0.7142857142857143,1864.5,0.8333333333333334,0.046413502109704644,0.0,3.6249999900658927,12.0,1.5499999523162842,-0.8249999582767487,22,3,0,2.6583333247237735,
4385690,Dalton Kincaid,Tight End,2025,Bills,2,Active,75.0,246.0,26,2023.0,1.0,25.0,12,18,126.1000006198883,10.508333384990692,6.2827096,7.075000166893005,0,0,0,0,0,,,,0,0,0,,,49,39,571,5,0.7959183673469388,11.653061224489797,14.64102564102564,1,0,63.5,6.108333349227905,10.166666666666666,0.6938775510204082,2002.9166666666667,0.6666666666666666,0.14121037463976946,0.0,7.753846241877629,13.0,9.393750041723251,2.754487143113063,41,3,0,9.218643222863857,
4386544,Xavier Smith,Wide Receiver,2025,Rams,14,Active,69.0,180.0,28,,,,10,18,48.299999475479126,4.829999947547913,3.5171154,5.399999916553497,0,0,0,0,0,,,,0,0,0,,,24,18,303,0,0.75,12.625,16.833333333333332,0,0,65.2,5.969999980926514,10.7,0.6888888888888889,1930.4,0.8,0.06976744186046512,0.0,2.0666666428248086,3.0,,2.7633333047231043,13,2,0,3.4483332951863606,
4401805,Dareke Young,Wide Receiver,2025,Seahawks,26,Active,74.0,224.0,27,2022.0,7.0,233.0,3,17,6.799999952316284,2.2666666507720947,1.8785336,2.2666666507720947,0,0,0,0,0,,,,0,0,0,,,3,2,48,0,0.6666666666666666,16.0,24.0,0,0,58.0,6.300000190734863,10.333333333333334,0.7333333333333333,1776.6666666666667,1.6666666666666667,0.036585365853658534,0.0,0.0,1.0,4.400000095367432,2.2666666507720947,5,3,0,2.2222222487131753,
4421446,Craig Reynolds,Running Back,2025,Lions,8,Free Agent,71.0,216.0,29,,,,1,2,0.4000000059604645,0.4000000059604645,0.0,0.4000000059604645,0,0,0,0,0,,,,3,4,0,1.3333333333333333,0.0,0,0,0,0,,,,0,0,58.0,8.800000190734863,12.0,0.8571428571428571,1820.0,0.0,0.0,0.1,2.985714324883052,7.0,4.22857141494751,-2.5857143189225877,27,6,0,3.581269837017097,
4424106,Gunner Olszewski,Wide Receiver,2025,Giants,19,Day-To-Day,72.0,190.0,29,,,,6,18,35.820000648498535,5.970000108083089,6.7298713,6.605000257492065,2,1,33,1,0,16.5,0.5,0.5,0,0,0,,,13,10,145,1,0.7692307692307693,11.153846153846152,14.5,1,1,64.66666666666667,5.599999984105428,10.333333333333334,0.45,1857.8333333333333,0.6666666666666666,0.06735751295336788,0.0,-0.75,4.0,1.2200000077486035,6.720000108083089,35,6,0,1.9265079662558577,
4426338,Bo Nix,Quarterback,2025,Broncos,7,Active,74.0,217.0,26,2024.0,1.0,12.0,17,18,346.8400011062622,20.40235300625072,9.246921,21.57000041007996,612,388,3931,25,11,6.423202614379085,0.6339869281045751,0.0408496732026143,83,356,5,4.289156626506024,0.0602409638554216,1,0,0,0,0.0,0.0,,4,2,64.23529411764706,5.323529467863195,11.176470588235292,0.5789473684210527,1873.6470588235293,1.0,0.0016313213703099511,0.18201754385964913,22.07058816797593,17.0,,-1.6682351617252102,34,2,0,21.236470587113324,
4426339,Spencer Rattler,Quarterback,2025,Saints,18,Active,72.0,211.0,25,2024.0,5.0,150.0,9,15,115.14000105857848,12.793333450953163,7.709936,7.060000121593475,257,174,1586,8,5,6.171206225680934,0.6770428015564203,0.0311284046692607,31,167,0,5.387096774193548,0.0,2,1,0,0,0.5,0.0,0.0,4,2,63.44444444444444,4.788888931274414,10.22222222222222,0.4583333333333333,1702.111111111111,1.3333333333333333,0.006191950464396285,0.13901345291479822,10.754285744258336,7.0,,2.039047706694827,16,2,0,11.77380959760575,
4426348,Jayden Daniels,Quarterback,2025,Commanders,28,Active,76.0,210.0,25,2024.0,1.0,2.0,7,14,128.28000044822693,18.325714349746704,7.254412,16.32999986410141,188,114,1262,8,3,6.712765957446808,0.6063829787234043,0.0425531914893617,58,278,2,4.793103448275862,0.0344827586206896,0,0,0,0,,,,3,2,60.0,5.271428516932896,9.857142857142858,0.7222222222222222,1720.857142857143,1.5714285714285714,0.0,0.29441624365482233,23.518823315115537,17.0,,-5.1931089653688325,24,2,0,20.922268832431122,
4426354,George Pickens,Wide Receiver,2025,Cowboys,6,Active,75.0,200.0,25,2022.0,2.0,52.0,17,18,289.8999990224838,17.05294111896964,9.378961,11.500000089406967,0,0,0,0,0,,,,0,0,0,,,137,93,1429,9,0.6788321167883211,10.430656934306567,15.365591397849462,4,0,65.88235294117646,5.96470588796279,10.411764705882351,0.5692307692307692,1847.6470588235293,1.2352941176470589,0.21955128205128205,0.0,11.74285704748971,14.0,12.282353047062369,5.310084071479928,65,4,0,12.688655489006965,
4426385,Zach Charbonnet,Running Back,2025,Seahawks,26,Active,73.0,220.0,25,2023.0,2.0,52.0,16,18,179.4000005722046,11.212500035762789,6.3865004,15.850000262260435,0,0,0,0,0,,,,184,730,12,3.967391304347826,0.0652173913043478,24,20,144,0,0.8333333333333334,6.0,7.2,0,0,60.0625,5.981250017881393,11.0,0.5185185185185185,1821.5625,1.6875,0.05217391304347826,0.3881856540084388,10.99411770175485,17.0,6.631249971687794,0.21838233400793783,49,3,0,9.612622569735144,
4426386,Roschon Johnson,Running Back,2025,Bears,3,Active,72.0,227.0,25,2023.0,4.0,115.0,2,7,1.7000000476837158,0.8500000238418579,0.25,0.8500000238418579,0,0,0,0,0,,,,2,17,0,8.5,0.0,0,0,0,0,,,,0,0,63.0,6.150000095367432,11.0,0.3333333333333333,1942.5,0.5,0.0,0.029850746268656716,6.450000042716662,12.0,6.806666628519694,-5.6000000188748045,29,3,0,4.702222231692738,
4426388,Jameson Williams,Wide Receiver,2025,Lions,8,Active,73.0,182.0,25,2022.0,1.0,12.0,17,18,219.8999981880188,12.935294011059929,8.695633,14.37499976158142,0,0,0,0,0,,,,6,12,0,2.0,0.0,102,65,1117,7,0.6372549019607843,10.950980392156865,17.184615384615384,0,0,62.52941176470589,5.97058824931874,11.0,0.625,1833.235294117647,0.8823529411764706,0.17525773195876287,0.013574660633484163,14.14666670958201,15.0,6.6916666353742285,-1.2113726985220818,50,4,0,9.07257352156528,
4426485,Jonathan Mingo,Wide Receiver,2025,Cowboys,6,Active,74.0,220.0,25,2023.0,2.0,39.0,5,18,3.5,0.7,1.4,0.875,0,0,0,0,0,,,,0,0,0,,,5,1,25,0,0.2,5.0,25.0,0,0,68.4,5.7,10.0,0.4705882352941176,1861.8,1.2,0.028089887640449437,0.0,2.300000020435878,14.0,5.653333266576131,-1.6000000204358782,34,3,0,2.8844444290040028,
4426496,Cade Stover,Tight End,2025,Texans,34,Active,76.0,251.0,25,2024.0,4.0,123.0,6,18,19.899999737739563,3.316666622956594,2.0651207,3.4249999821186066,0,0,0,0,0,,,,4,3,0,0.75,0.0,16,12,76,0,0.75,4.75,6.333333333333333,0,0,62.0,5.066666682561238,10.666666666666666,0.4761904761904761,1863.3333333333333,0.5,0.0851063829787234,0.02247191011235955,2.638461571473342,13.0,,0.678205051483252,19,2,0,2.9775640972149677,
4426502,Drake London,Wide Receiver,2025,Falcons,1,Active,76.0,215.0,24,2022.0,1.0,8.0,12,18,199.89999663829803,16.6583330531915,10.8646555,10.949999660253525,0,0,0,0,0,,,,0,0,0,,,112,68,919,7,0.6071428571428571,8.205357142857142,13.514705882352942,1,1,62.41666666666666,5.358333349227905,10.75,0.6285714285714286,1836.4166666666667,0.9166666666666666,0.2916666666666667,0.0,16.51764715419096,17.0,10.77375017106533,0.14068589900054107,62,4,0,13.58449141498582,
4426515,Puka Nacua,Wide Receiver,2025,Rams,14,Active,74.0,216.0,25,2023.0,5.0,177.0,16,18,375.0,23.4375,9.884641,29.024999856948853,0,0,0,0,0,,,,10,105,1,10.5,0.1,166,129,1715,10,0.7771084337349398,10.33132530120482,13.294573643410851,1,1,64.0,6.256249964237213,10.5625,0.6111111111111112,1842.0,0.9375,0.2938053097345133,0.022935779816513763,18.78181791305542,11.0,17.55882355746101,4.65568208694458,44,3,0,19.92604715683881,
4426535,Theo Wease Jr.,Wide Receiver,2025,Dolphins,15,Active,74.0,210.0,24,,,,3,18,25.90000009536743,8.633333365122477,3.419876,8.633333365122477,0,0,0,0,0,,,,0,0,0,,,10,6,139,1,0.6,13.9,23.166666666666668,0,0,55.333333333333336,5.166666587193807,11.333333333333334,0.5,1711.0,1.6666666666666667,0.12987012987012986,0.0,,,,,3,1,1,8.633333365122477,
4426553,Davis Allen,Tight End,2025,Rams,14,Active,78.0,253.0,25,2023.0,5.0,175.0,15,18,62.80000042915344,4.186666695276896,2.827688,3.524999976158142,0,0,0,0,0,,,,0,0,0,,,33,24,208,3,0.7272727272727273,6.303030303030303,8.666666666666666,0,0,65.0,6.23333330154419,10.6,0.6376811594202898,1882.1333333333332,0.7333333333333333,0.06203007518796992,0.0,1.6499999364217122,6.0,6.375000029802322,2.5366667588551843,25,3,0,4.0705555538336435,
4426689,Ulysses Bentley IV,Running Back,2025,Colts,11,Active,70.0,200.0,25,,,,1,1,0.0,0.0,0.0,0.0,0,0,0,0,0,,,,1,0,0,0.0,0.0,0,0,0,0,,,,0,0,70.0,6.0,7.0,0.5,2323.0,0.0,0.0,0.025,,,,,1,1,1,0.0,
4426844,Elijah Higgins,Tight End,2025,Cardinals,22,Active,75.0,245.0,25,2023.0,6.0,197.0,15,18,58.1000007390976,3.873333382606506,3.8582323,5.8000001311302185,0,0,0,0,0,,,,0,0,0,,,37,30,301,0,0.8108108108108109,8.135135135135135,10.033333333333331,1,1,62.266666666666666,5.313333288828532,9.933333333333334,0.5454545454545454,1766.0666666666666,1.2666666666666666,0.06630824372759857,0.0,3.5142857432365417,14.0,4.033333248562283,0.3590476393699644,38,3,0,3.8069841248017773,
4426948,Luke McCaffrey,Wide Receiver,2025,Commanders,28,Active,74.0,195.0,25,2024.0,3.0,100.0,7,8,49.30000114440918,7.042857306344168,4.592185,5.425000071525574,0,0,0,0,0,,,,0,0,0,,,15,11,203,3,0.7333333333333333,13.533333333333331,18.454545454545453,0,0,57.285714285714285,5.657142911638532,10.0,0.75,1656.7142857142858,1.4285714285714286,0.07352941176470588,0.0,2.900000015894572,12.0,,4.142857290449596,19,2,0,4.97142866111937,
4426990,Jalen Cropper,Wide Receiver,2025,Cowboys,6,Free Agent,72.0,172.0,25,,,,1,6,0.0,0.0,0.0,0.0,0,0,0,0,0,,,,0,0,0,,,0,0,0,0,,,,1,0,53.0,5.5,9.0,0.5,1678.0,0.0,0.0,0.0,,,,,1,1,1,0.0,
4427095,DeMario Douglas,Wide Receiver,2025,Patriots,17,Active,68.0,192.0,25,2023.0,6.0,210.0,16,18,95.80000007152556,5.987500004470348,5.035732,2.2500000298023224,0,0,0,0,0,,,,7,21,0,3.0,0.0,46,31,447,3,0.6739130434782609,9.717391304347826,14.419354838709678,0,0,62.25,6.21875,10.3125,0.5423728813559322,1902.1875,1.0,0.09504132231404959,0.015053763440860216,9.23125010728836,16.0,7.657142783914294,-3.2437501028180122,46,3,0,7.6252976318910015,
4427238,Dillon Gabriel,Quarterback,2025,Browns,5,Active,71.0,205.0,25,2025.0,3.0,94.0,10,16,84.08000087738037,8.408000087738037,8.275739,6.75,185,110,937,7,2,5.064864864864865,0.5945945945945946,0.0378378378378378,14,86,0,6.142857142857143,0.0,0,0,0,0,,,,0,0,63.2,4.0699999809265135,11.3,0.5,1824.1,1.2,0.0,0.05263157894736842,,,,,10,1,1,8.408000087738037,
4427278,Xavier Gipson,Wide Receiver,2025,Eagles,21,Active,69.0,189.0,25,,,,4,12,-1.4000000357627869,-0.3500000089406967,1.192686,-0.3500000089406967,0,0,0,0,0,,,,0,0,0,,,2,2,6,0,1.0,3.0,3.0,3,2,61.5,5.900000095367432,11.0,0.7692307692307693,2021.0,0.75,0.01834862385321101,0.0,1.599999984105428,9.0,3.7642857432365417,-1.9499999930461247,27,3,0,1.6714285728004243,
4427366,Breece Hall,Running Back,2025,Jets,20,Active,71.0,217.0,25,2022.0,2.0,36.0,16,17,209.66000032424927,13.10375002026558,7.7240987,9.799999952316284,1,1,4,1,0,4.0,1.0,1.0,243,1065,4,4.382716049382716,0.0164609053497942,48,36,350,1,0.75,7.291666666666667,9.72222222222222,2,2,60.25,4.4624999687075615,11.0,0.4324324324324324,1719.4375,1.4375,0.1016949152542373,0.5612009237875288,14.80624996125698,16.0,16.970587975838605,-1.7024999409914,56,4,0,15.330861322738292,
4427600,Terrell Jennings,Running Back,2025,Patriots,17,Active,72.0,217.0,25,,,,5,12,15.199999570846558,3.039999914169312,4.23065,3.3499999046325684,0,0,0,0,0,,,,23,73,1,3.1739130434782608,0.0434782608695652,1,1,9,0,1.0,9.0,9.0,0,0,64.6,6.140000057220459,10.8,0.4705882352941176,2019.6,1.2,0.006993006993006993,0.1419753086419753,1.649999976158142,2.0,,1.38999993801117,7,2,0,2.3449999451637273,
4427728,Bam Knight,Running Back,2025,Cardinals,22,Active,71.0,210.0,25,,,,10,15,92.8999979943037,9.28999979943037,4.884147,9.04999978467822,0,0,0,0,0,,,,82,269,4,3.2804878048780486,0.048780487804878,31,22,160,1,0.7096774193548387,5.161290322580645,7.272727272727272,1,1,67.4,5.32999997138977,10.7,0.5853658536585366,1874.8,1.5,0.07398568019093078,0.37104072398190047,1.5499999523162842,2.0,8.428571326392037,7.7399998471140865,19,3,0,6.4228570260462305,
4428085,Luke Musgrave,Tight End,2025,Packers,9,Active,78.0,253.0,25,2023.0,2.0,42.0,13,16,49.199999928474426,3.7846153791134176,2.5215514,5.874999940395355,0,0,0,0,0,,,,0,0,0,,,31,24,252,0,0.7741935483870968,8.129032258064516,10.5,1,0,61.69230769230769,5.853846146510198,9.76923076923077,0.58,1847.692307692308,0.7692307692307693,0.07769423558897243,0.0,1.6428571769169398,7.0,6.836363586512479,2.1417582021964776,31,3,0,4.087945380847612,
4428209,Ricky Pearsall,Wide Receiver,2025,49ers,25,Active,73.0,189.0,25,2024.0,1.0,31.0,9,17,88.60000157356262,9.844444619284737,6.1420426,8.82500010728836,0,0,0,0,0,,,,2,-2,0,-1.0,0.0,53,36,528,0,0.6792452830188679,9.962264150943396,14.666666666666666,0,0,65.44444444444444,5.544444455040826,10.444444444444445,0.631578947368421,1905.3333333333333,1.4444444444444444,0.17434210526315788,0.0072992700729927005,9.349999904632568,10.0,,0.4944447146521682,19,2,0,9.597222261958652,
4428331,Rashee Rice,Wide Receiver,2025,Chiefs,12,Active,73.0,204.0,26,2023.0,2.0,55.0,8,15,148.1000018119812,18.51250022649765,7.4391594,17.75000011920929,0,0,0,0,0,,,,5,20,1,4.0,0.2,78,53,571,5,0.6794871794871795,7.32051282051282,10.773584905660377,2,0,67.125,5.275000035762787,10.125,0.5666666666666667,1927.25,1.375,0.2653061224489796,0.0228310502283105,21.63333320617676,3.0,13.28125011920929,-3.120832979679111,27,3,0,17.8090278506279,
4428512,Kedon Slovis,Quarterback,2025,Cardinals,22,Active,74.0,223.0,25,,,,2,12,-0.0799999982118606,-0.0399999991059303,0.04,-0.0399999991059303,2,1,-2,0,0,-1.0,0.5,0.0,0,0,0,,,0,0,0,0,,,,0,0,74.5,4.450000047683716,12.0,0.4444444444444444,1913.0,1.0,0.0,0.0,,,,,2,1,1,-0.0399999991059303,
4428557,Tyjae Spears,Running Back,2025,Titans,10,Active,71.0,195.0,24,2023.0,3.0,81.0,13,18,111.69999933242798,8.592307640955998,5.3338485,9.47499993443489,0,0,0,0,0,,,,72,283,2,3.9305555555555554,0.0277777777777777,50,45,264,0,0.9,5.28,5.866666666666666,0,0,59.53846153846154,4.615384578704834,10.692307692307692,0.6153846153846154,1773.0,1.0769230769230769,0.11235955056179775,0.2482758620689655,9.466666782895723,12.0,9.04705877865062,-0.8743591419397259,42,3,0,9.035344400834113,
4428678,Jamari Thrash,Wide Receiver,2025,Browns,5,Active,72.0,190.0,25,2024.0,5.0,156.0,8,10,20.699999928474423,2.5874999910593037,1.4391292,2.924999952316284,0,0,0,0,0,,,,0,0,0,,,15,10,107,0,0.6666666666666666,7.133333333333334,10.7,0,0,64.625,4.137500017881393,11.0,0.5714285714285714,1812.25,0.875,0.05016722408026756,0.0,0.8666666348775228,6.0,,1.7208333561817808,14,2,0,1.7270833129684133,
4428718,Tre Tucker,Wide Receiver,2025,Raiders,13,Active,68.0,182.0,25,2023.0,3.0,100.0,17,18,161.7000012397766,9.511764778810388,8.671041,6.174999833106995,0,0,0,0,0,,,,11,51,0,4.636363636363637,0.0,92,57,696,5,0.6195652173913043,7.565217391304348,12.210526315789474,0,0,55.76470588235294,4.352941204519833,10.705882352941176,0.5,1682.8823529411766,1.3529411764705883,0.1786407766990291,0.02981029810298103,7.605882294037762,17.0,5.523077001938453,1.9058824847726257,47,3,0,7.546908024928868,
4428796,Casey Washington,Wide Receiver,2025,Falcons,1,Active,72.0,205.0,25,2024.0,6.0,187.0,5,8,15.40000033378601,3.080000066757202,2.0103729,2.275000035762787,0,0,0,0,0,,,,0,0,0,,,14,6,94,0,0.4285714285714285,6.714285714285714,15.666666666666666,0,0,62.0,5.540000057220459,10.4,0.5333333333333333,1811.6,0.6,0.08284023668639054,0.0,1.2000000476837158,2.0,,1.8800000190734862,7,2,0,2.140000057220459,
4428811,Xavier Weaver,Wide Receiver,2025,Cardinals,22,Active,73.0,185.0,25,,,,6,17,13.700000166893004,2.2833333611488342,1.786446,2.550000041723252,0,0,0,0,0,,,,0,0,0,,,13,7,67,0,0.5384615384615384,5.153846153846154,9.571428571428571,0,0,63.66666666666666,5.250000079472859,10.333333333333334,0.5294117647058824,1723.5,1.3333333333333333,0.05078125,0.0,0.0,2.0,,2.2833333611488342,8,2,0,1.1416666805744171,
4428850,Dontayvion Wicks,Wide Receiver,2025,Packers,9,Active,73.0,206.0,24,2023.0,5.0,159.0,13,17,75.7999997138977,5.830769208761362,6.744158,8.625000029802322,0,0,0,0,0,,,,1,6,0,6.0,0.0,46,30,332,2,0.6521739130434783,7.217391304347826,11.066666666666666,0,0,60.15384615384615,5.646153835149912,9.846153846153848,0.6170212765957447,1807.6153846153843,0.7692307692307693,0.12137203166226913,0.002631578947368421,6.499999964938445,17.0,7.984000062942504,-0.6692307561770825,45,3,0,6.771589745547437,
4428943,Jacardia Wright,Running Back,2025,Seahawks,26,Active,72.0,218.0,25,,,,1,3,2.0,2.0,0.0,2.0,0,0,0,0,0,,,,5,20,0,4.0,0.0,0,0,0,0,,,,0,0,54.0,5.900000095367432,11.0,0.8,1664.0,1.0,0.0,0.15151515151515152,,,,,1,1,1,2.0,
4429012,Kendall Milton,Running Back,2025,Bengals,4,Active,73.0,230.0,24,,,,1,11,0.2000000029802322,0.2000000029802322,0.0,0.2000000029802322,0,0,0,0,0,,,,2,2,0,1.0,0.0,0,0,0,0,,,,0,0,63.0,4.699999809265137,10.0,0.0,1795.0,2.0,0.0,0.09090909090909091,,,,,1,1,1,0.2000000029802322,
4429013,Tank Bigsby,Running Back,2025,Eagles,21,Active,71.0,215.0,23,2023.0,3.0,88.0,11,18,53.79999974370003,4.890909067609093,5.2507057,8.724999994039536,0,0,0,0,0,,,,63,356,2,5.650793650793651,0.0317460317460317,4,3,32,0,0.75,8.0,10.666666666666666,0,0,60.90909090909091,5.563636432994496,10.454545454545457,0.5806451612903226,1868.909090909091,1.0,0.012422360248447204,0.1903323262839879,8.599999954303106,15.0,1.7538461639330938,-3.709090886694013,39,3,0,5.081585061948431,
4429022,Kayshon Boutte,Wide Receiver,2025,Patriots,17,Active,71.0,197.0,24,2023.0,6.0,187.0,14,18,124.09999918937685,8.864285656384059,7.104183,6.125,0,0,0,0,0,,,,0,0,0,,,46,33,551,6,0.717391304347826,11.978260869565217,16.696969696969695,0,0,61.5,6.142857142857143,10.214285714285714,0.5294117647058824,1888.2142857142856,1.0714285714285714,0.11165048543689321,0.0,7.993333379427592,15.0,1.2999999523162842,0.8709522769564666,32,3,0,6.052539662709312,
4429025,Quentin Johnston,Wide Receiver,2025,Chargers,24,Active,74.0,208.0,24,2023.0,1.0,21.0,13,17,171.19999814033508,13.169230626179624,7.150944,12.324999988079073,0,0,0,0,0,,,,2,7,0,3.5,0.0,85,51,735,8,0.6,8.647058823529411,14.411764705882351,1,1,63.84615384615385,5.230769230769231,10.384615384615383,0.5,1950.6153846153843,1.2307692307692308,0.19630484988452657,0.005747126436781609,11.646666717529296,15.0,5.529411778730505,1.5225639086503282,45,3,0,10.11510304081314,
4429059,Woody Marks,Running Back,2025,Texans,34,Active,70.0,208.0,25,2025.0,4.0,116.0,16,18,145.10000091791153,9.06875005736947,6.7143235,8.925000190734863,0,0,0,0,0,,,,196,703,2,3.586734693877551,0.010204081632653,36,24,208,3,0.6666666666666666,5.777777777777778,8.666666666666666,1,0,64.1875,5.143750041723251,11.375,0.4615384615384615,1909.0,0.75,0.06581352833638025,0.4365256124721604,,,,,16,1,1,9.06875005736947,
4429084,Anthony Richardson Sr.,Quarterback,2025,Colts,11,Active,76.0,244.0,24,2023.0,1.0,4.0,2,5,2.1599999889731407,1.0799999944865704,1.18,1.0799999944865704,2,1,9,0,0,4.5,0.5,0.0,4,-1,0,-0.25,0.0,1,1,9,0,1.0,9.0,9.0,0,0,55.0,6.25,8.5,0.8,1658.0,0.0,0.017543859649122806,0.07547169811320754,16.12363624572754,11.0,18.670000076293945,-15.043636251240969,17,3,0,11.957878772169352,
4429086,Michael Mayer,Tight End,2025,Raiders,13,Active,76.0,256.0,24,2023.0,2.0,35.0,12,18,73.7999997138977,6.149999976158142,5.336431,7.4999998807907104,0,0,0,0,0,,,,0,0,0,,,50,35,328,1,0.7,6.56,9.371428571428572,1,0,57.91666666666666,4.375000019868215,11.333333333333334,0.52,1754.1666666666667,1.25,0.13227513227513227,0.0,3.327272718602961,11.0,5.7833333015441895,2.822727257555181,35,3,0,5.086868665435097,
4429096,Blake Corum,Running Back,2025,Rams,14,Active,68.0,202.0,25,2024.0,3.0,83.0,17,18,122.2000014781952,7.188235381070306,6.2991014,8.975000202655792,0,0,0,0,0,,,,145,746,6,5.144827586206897,0.0413793103448275,14,8,36,0,0.5714285714285714,2.571428571428572,4.5,0,0,63.88235294117647,6.147058795480167,10.647058823529411,0.631578947368421,1845.764705882353,0.8823529411764706,0.023411371237458192,0.3118279569892473,2.3928571423249587,14.0,,4.7953782387453465,31,2,0,4.790546261697632,
4429105,Arian Smith,Wide Receiver,2025,Jets,20,Active,72.0,179.0,24,2025.0,4.0,110.0,12,18,13.500000074505806,1.1250000062088172,1.023169,0.425000000745058,0,0,0,0,0,,,,4,13,0,3.25,0.0,16,7,52,0,0.4375,3.25,7.428571428571429,0,0,59.5,4.033333271741867,10.75,0.4583333333333333,1686.1666666666667,1.25,0.045584045584045586,0.012658227848101266,,,,,12,1,1,1.1250000062088172,
4429121,Kalel Mullings,Running Back,2025,Titans,10,Active,74.0,226.0,23,2025.0,6.0,188.0,3,17,0.7000000178813934,0.2333333392937978,0.1699673,0.2333333392937978,0,0,0,0,0,,,,3,7,0,2.333333333333333,0.0,0,0,0,0,,,,0,0,63.66666666666666,5.433333237965901,10.666666666666666,0.6666666666666666,1852.3333333333333,0.3333333333333333,0.0,0.03409090909090909,,,,,3,1,1,0.2333333392937978,
4429148,Theo Johnson,Tight End,2025,Giants,19,Active,78.0,264.0,25,2024.0,4.0,107.0,15,16,127.7999987602234,8.519999917348226,5.626272,6.699999928474426,0,0,0,0,0,,,,0,0,0,,,74,45,528,5,0.6081081081081081,7.135135135135135,11.733333333333333,0,0,63.53333333333333,5.113333336512247,10.2,0.4693877551020408,1850.2,1.0666666666666669,0.15982721382289417,0.0,6.810000002384186,10.0,,1.7099999149640404,25,2,0,7.664999959866206,
4429160,De'Von Achane,Running Back,2025,Dolphins,15,Active,69.0,191.0,24,2023.0,3.0,84.0,16,17,322.8000030517578,20.175000190734863,6.792586,17.100000143051147,0,0,0,0,0,,,,238,1350,8,5.6722689075630255,0.0336134453781512,85,67,488,4,0.788235294117647,5.741176470588235,7.2835820895522385,1,0,55.9375,5.531249955296516,10.3125,0.5777777777777777,1736.375,1.375,0.18722466960352424,0.5847665847665847,17.641176490222705,17.0,17.336363608186897,2.5338237005121584,44,3,0,18.38418009638149,
4429205,Jordan Addison,Wide Receiver,2025,Vikings,16,Active,71.0,179.0,24,2023.0,1.0,23.0,14,18,135.099999666214,9.649999976158142,5.4555016,6.875000059604645,0,0,0,0,0,,,,2,81,1,40.5,0.5,79,42,610,3,0.5316455696202531,7.7215189873417724,14.523809523809524,0,0,57.21428571428572,4.742857132639204,10.642857142857142,0.5476190476190477,1714.428571428571,1.7857142857142858,0.18854415274463007,0.005988023952095809,14.166666666666666,15.0,13.017646999920116,-4.516666690508524,46,3,0,12.278104547581641,
4429275,Trey Benson,Running Back,2025,Cardinals,22,Active,72.0,220.0,23,2024.0,3.0,66.0,4,4,35.39999961853027,8.849999904632568,0.9069106,8.849999904632568,0,0,0,0,0,,,,29,160,0,5.517241379310345,0.0,16,13,64,0,0.8125,4.0,4.923076923076923,0,0,59.25,4.674999952316284,9.5,0.5384615384615384,1841.5,0.75,0.12307692307692308,0.30851063829787234,3.916666651765505,12.0,,4.9333332528670635,16,2,0,6.383333278199037,
4429299,Tahj Brooks,Running Back,2025,Bengals,4,Active,69.0,220.0,24,2025.0,6.0,193.0,6,17,6.400000132620335,1.0666666887700558,0.9551032,1.1500000208616257,0,0,0,0,0,,,,16,45,0,2.8125,0.0,2,1,9,0,0.5,4.5,9.0,0,0,62.833333333333336,5.516666611035665,11.333333333333334,0.7894736842105263,1837.1666666666667,1.8333333333333333,0.00904977375565611,0.11267605633802817,,,,,6,1,1,1.0666666887700558,
4429435,Brady Cook,Quarterback,2025,Jets,20,Active,74.0,215.0,24,,,,5,18,30.459999799728397,6.091999959945679,3.3043153,6.98499995470047,153,88,739,2,7,4.830065359477124,0.5751633986928104,0.0130718954248366,13,49,0,3.769230769230769,0.0,0,0,0,0,,,,3,1,59.4,3.699999952316284,10.6,0.2,1625.4,1.8,0.0,0.10833333333333334,,,,,5,1,1,6.091999959945679,
4429466,Drake Dabney,Tight End,2025,Packers,9,Active,77.0,246.0,24,,,,1,18,1.2999999523162842,1.2999999523162842,0.0,1.2999999523162842,0,0,0,0,0,,,,0,0,0,,,2,1,3,0,0.5,1.5,3.0,0,0,50.0,2.400000095367432,10.0,0.0,1590.0,0.0,0.18181818181818182,0.0,,,,,1,1,1,1.2999999523162842,
4429501,Ray Davis,Running Back,2025,Bills,2,Active,68.0,211.0,26,2024.0,4.0,128.0,13,18,58.09999916702509,4.469230705155776,6.641523,8.92499989271164,0,0,0,0,0,,,,58,275,0,4.741379310344827,0.0,13,10,86,2,0.7692307692307693,6.615384615384615,8.6,0,0,64.53846153846153,5.769230769230769,10.23076923076923,0.6666666666666666,2029.0,0.9230769230769232,0.034482758620689655,0.13302752293577982,7.256250023841858,16.0,,-2.787019318686082,29,2,0,5.862740364498817,
4429615,Zay Flowers,Wide Receiver,2025,Ravens,33,Active,69.0,183.0,25,2023.0,1.0,22.0,17,18,243.30000054836276,14.311764738138985,7.2596273,19.95000004768372,0,0,0,0,0,,,,10,62,1,6.2,0.1,118,86,1211,5,0.7288135593220338,10.26271186440678,14.081395348837209,3,3,57.294117647058826,5.917647081262925,10.470588235294118,0.4745762711864407,1751.1764705882354,1.3529411764705883,0.2796208530805687,0.01972386587771203,12.32352949591244,17.0,12.775000229477882,1.9882352422265441,50,3,0,13.136764821176437,
4429676,Tyler Goodson,Running Back,2025,Colts,11,Active,69.0,197.0,25,,,,7,18,5.19999997317791,0.7428571390254157,0.51229763,0.8499999865889549,0,0,0,0,0,,,,9,24,0,2.6666666666666665,0.0,3,2,8,0,0.6666666666666666,2.6666666666666665,4.0,0,0,61.57142857142857,6.257142952510288,10.857142857142858,0.6521739130434783,1830.142857142857,2.2857142857142856,0.012711864406779662,0.05142857142857143,4.9333333240615,9.0,3.01666659116745,-4.190476185036084,22,3,0,2.897619018084788,
4429684,Anthony Gould,Wide Receiver,2025,Colts,11,Active,68.0,174.0,25,2024.0,5.0,142.0,2,14,2.5999999046325684,1.2999999523162842,0.0,1.2999999523162842,0,0,0,0,0,,,,0,0,0,,,2,2,6,0,1.0,3.0,3.0,0,0,60.5,5.700000047683716,10.5,0.6666666666666666,1664.0,1.5,0.02857142857142857,0.0,3.299999952316284,1.0,,-2.0,3,2,0,2.299999952316284,
4429795,Jahmyr Gibbs,Running Back,2025,Lions,8,Active,69.0,202.0,24,2023.0,1.0,12.0,17,18,366.90000200271606,21.582353058983298,13.123317,14.824999690055847,0,0,0,0,0,,,,243,1223,13,5.032921810699588,0.0534979423868312,94,77,616,5,0.8191489361702128,6.553191489361702,8.0,2,1,62.52941176470589,5.97058824931874,11.0,0.625,1833.235294117647,0.8823529411764706,0.16151202749140894,0.5497737556561086,21.34705852059757,17.0,16.140000120798746,0.23529453838572678,49,3,0,19.689803900126538,
4429835,George Holani,Running Back,2025,Seahawks,26,Active,71.0,210.0,26,,,,4,11,14.800000190734863,3.700000047683716,3.4227183,3.700000047683716,0,0,0,0,0,,,,22,73,1,3.3181818181818183,0.0454545454545454,2,2,15,0,1.0,7.5,7.5,1,1,60.0,6.524999976158142,11.0,0.6,1897.75,2.25,0.019801980198019802,0.15942028985507245,0.949999988079071,2.0,,2.7500000596046448,6,2,0,2.3250000178813934,
4429939,Jawhar Jordan,Running Back,2025,Texans,34,Active,70.0,185.0,26,2024.0,6.0,205.0,4,18,29.70000010728836,7.42500002682209,5.6339927,7.42500002682209,0,0,0,0,0,,,,43,193,0,4.488372093023256,0.0,7,7,34,0,1.0,4.857142857142857,4.857142857142857,0,0,62.5,5.450000166893005,11.5,0.5454545454545454,1840.0,0.5,0.056451612903225805,0.344,,,,,4,1,1,7.42500002682209,
4430027,Sam LaPorta,Tight End,2025,Lions,8,Active,75.0,245.0,25,2023.0,2.0,34.0,9,10,106.9000015258789,11.877777947319878,6.0850954,13.25000023841858,0,0,0,0,0,,,,0,0,0,,,49,40,489,3,0.8163265306122449,9.979591836734691,12.225,0,0,61.55555555555556,6.033333381017049,10.88888888888889,0.6842105263157895,1909.555555555556,0.6666666666666666,0.17753623188405798,0.0,10.912500008940697,16.0,13.841176509857178,0.965277938379181,42,3,0,12.21048482203925,
4430034,Xavier Legette,Wide Receiver,2025,Panthers,29,Active,75.0,227.0,25,2024.0,1.0,32.0,15,18,89.30000013113022,5.953333342075348,6.627806,3.649999976158142,0,0,0,0,0,,,,1,0,0,0.0,0.0,64,35,363,3,0.546875,5.671875,10.371428571428572,1,0,59.4,4.97333337465922,9.8,0.5,1760.7333333333331,1.4666666666666666,0.14065934065934066,0.0024813895781637717,8.340000041325887,15.0,,-2.3866666992505383,30,2,0,7.146666691700617,
4430191,Skyy Moore,Wide Receiver,2025,49ers,25,Active,70.0,195.0,25,2022.0,2.0,54.0,10,17,14.799999810755253,1.479999981075525,1.330263,2.549999952316284,0,0,0,0,0,,,,2,11,0,5.5,0.0,7,5,87,0,0.7142857142857143,12.428571428571429,17.4,1,0,64.9,5.85,10.1,0.6428571428571429,1853.7,1.4,0.019943019943019943,0.006968641114982578,0.0,2.0,4.130769209219859,1.479999981075525,40,4,0,2.126025638457101,
4430539,Brenton Strange,Tight End,2025,Jaguars,30,Active,76.0,253.0,25,2023.0,2.0,61.0,12,18,117.99999976158142,9.833333313465118,4.539337,11.024999976158142,0,0,0,0,0,,,,0,0,0,,,60,46,540,3,0.7666666666666667,9.0,11.73913043478261,0,0,62.5,5.59166665871938,11.416666666666666,0.6274509803921569,1857.75,1.1666666666666667,0.15228426395939088,0.0,6.507142739636557,14.0,2.899999976158142,3.326190573828561,31,3,0,6.413492009753273,
4430656,Myles Price,Wide Receiver,2025,Vikings,16,Active,69.0,183.0,24,,,,3,12,-6.0,-2.0,0.0,-2.0,0,0,0,0,0,,,,0,0,0,,,0,0,0,0,,,,4,3,50.333333333333336,4.533333381017049,10.666666666666666,0.4,1472.6666666666667,3.333333333333333,0.0,0.0,,,,,3,1,1,-2.0,
4430681,Jared Wayne,Wide Receiver,2025,Texans,34,Active,75.0,210.0,25,,,,1,8,4.0,4.0,0.0,4.0,0,0,0,0,0,,,,0,0,0,,,2,2,20,0,1.0,10.0,10.0,0,0,75.0,6.300000190734863,10.0,0.2,2482.0,1.0,0.05128205128205128,0.0,,,,,1,1,1,4.0,
4430723,Jared Wiley,Tight End,2025,Chiefs,12,Active,78.0,249.0,25,2024.0,4.0,131.0,1,13,1.399999976158142,1.399999976158142,0.0,1.399999976158142,0,0,0,0,0,,,,0,0,0,,,1,1,4,0,1.0,4.0,4.0,0,0,60.0,6.0,9.0,1.0,1746.0,0.0,0.029411764705882353,0.0,1.7000000476837158,1.0,,-0.30000007152557373,2,2,0,1.550000011920929,
4430737,Kyren Williams,Running Back,2025,Rams,14,Active,69.0,207.0,25,2022.0,5.0,164.0,17,18,263.3000011444092,15.488235361435834,5.9322524,15.099999904632568,0,0,0,0,0,,,,259,1252,10,4.833976833976834,0.0386100386100386,50,36,281,3,0.72,5.62,7.805555555555555,2,2,63.88235294117647,6.147058795480167,10.647058823529411,0.631578947368421,1845.764705882353,0.8823529411764706,0.08361204013377926,0.556989247311828,17.006250023841858,16.0,21.083333492279053,-1.5180146624060242,53,4,0,14.347579724977122,
4430802,Darnell Washington,Tight End,2025,Steelers,23,Active,79.0,264.0,24,2023.0,3.0,93.0,13,17,71.3999993801117,5.492307644623977,3.0401068,3.949999988079071,0,0,0,0,0,,,,0,0,0,,,43,31,364,1,0.7209302325581395,8.465116279069768,11.741935483870968,2,1,58.07692307692308,5.323076963424683,10.384615384615383,0.525,1702.1538461538462,1.0,0.10386473429951691,0.0,3.4615384431985707,13.0,1.6375000029802322,2.030769201425406,34,3,0,3.53044869693426,
4430807,Bijan Robinson,Running Back,2025,Falcons,1,Active,71.0,215.0,24,2023.0,1.0,8.0,17,18,368.79999923706055,21.694117602180032,10.046862,26.62500023841858,0,0,0,0,0,,,,287,1478,7,5.149825783972125,0.024390243902439,103,79,820,4,0.7669902912621359,7.961165048543689,10.379746835443038,4,3,61.64705882352941,5.382352969225715,10.823529411764708,0.62,1799.6470588235295,1.0588235294117647,0.1889908256880734,0.6016771488469602,19.982352817759796,17.0,14.488235345658136,1.711764784420236,51,3,0,18.721568588532655,
4430834,Jalen McMillan,Wide Receiver,2025,Buccaneers,27,Active,73.0,192.0,24,2024.0,3.0,92.0,4,18,29.899999618530277,7.474999904632568,6.443359,7.474999904632568,0,0,0,0,0,,,,1,1,0,1.0,0.0,15,12,178,0,0.8,11.866666666666667,14.833333333333334,0,0,62.75,5.375,9.5,0.6666666666666666,1984.0,1.5,0.11904761904761904,0.008849557522123894,10.415384595210735,13.0,,-2.940384690578167,17,2,0,8.945192249921652,
4430870,KeAndre Lambert-Smith,Wide Receiver,2025,Chargers,24,Active,73.0,182.0,23,2025.0,5.0,158.0,7,18,16.100000500679016,2.3000000715255737,2.9640708,3.7500001192092896,0,0,0,0,0,,,,0,0,0,,,12,5,51,1,0.4166666666666667,4.25,10.2,0,0,63.285714285714285,5.414285796029227,10.142857142857142,0.4285714285714285,1938.571428571429,0.8571428571428571,0.05106382978723404,0.0,,,,,7,1,1,2.3000000715255737,
4430871,Sean Tucker,Running Back,2025,Buccaneers,27,Active,70.0,205.0,24,,,,14,18,91.39999936521052,6.528571383229324,8.365527,3.350000001490116,0,0,0,0,0,,,,86,320,7,3.72093023255814,0.0813953488372093,11,8,34,1,0.7272727272727273,3.090909090909091,4.25,2,0,61.71428571428572,5.085714306150164,10.642857142857142,0.6,1889.7142857142856,1.0,0.024390243902439025,0.225130890052356,6.245454639196396,11.0,1.7333333616455395,0.2831167440329283,28,3,0,4.8357864613570865,
4430878,Jaxon Smith-Njigba,Wide Receiver,2025,Seahawks,26,Active,72.0,197.0,24,2023.0,1.0,20.0,17,18,359.899998664856,21.17058815675623,7.257832,18.125,0,0,0,0,0,,,,7,36,0,5.142857142857143,0.0,163,119,1793,10,0.7300613496932515,11.0,15.067226890756302,3,1,59.70588235294117,5.976470610674689,11.0,0.5423728813559322,1812.2941176470588,1.6470588235294117,0.3388773388773389,0.013806706114398421,14.88235299727496,17.0,8.81176471710205,6.288235159481271,51,3,0,14.954901957044413,
4430968,Kimani Vidal,Running Back,2025,Chargers,24,Active,68.0,215.0,24,2024.0,6.0,181.0,12,18,117.89999997615814,9.824999998013178,7.893048,5.074999958276749,0,0,0,0,0,,,,155,643,3,4.148387096774194,0.0193548387096774,22,16,136,1,0.7272727272727273,6.181818181818182,8.5,1,0,65.25,5.050000031789144,10.166666666666666,0.5121951219512195,2025.8333333333333,1.25,0.05670103092783505,0.4403409090909091,3.633333398236169,9.0,,6.191666599777009,21,2,0,6.729166698124674,
4431210,Beaux Collins,Wide Receiver,2025,Giants,19,Active,75.0,206.0,23,,,,3,8,4.5,1.5,1.15181,1.5,0,0,0,0,0,,,,0,0,0,,,6,2,25,0,0.3333333333333333,4.166666666666667,12.5,0,0,63.0,5.100000063578288,10.333333333333334,0.6666666666666666,1775.3333333333333,2.0,0.061855670103092786,0.0,,,,,3,1,1,1.5,
4431268,Chimere Dike,Wide Receiver,2025,Titans,10,Active,73.0,196.0,23,2025.0,4.0,103.0,17,18,114.09999810904264,6.711764594649567,5.903226,8.474999904632568,0,0,0,0,0,,,,11,18,0,1.6363636363636365,0.0,74,48,423,4,0.6486486486486487,5.716216216216216,8.8125,2,1,59.05882352941177,4.376470579820521,10.764705882352942,0.5757575757575758,1748.1176470588234,1.1176470588235294,0.12982456140350876,0.0291005291005291,,,,,17,1,1,6.711764594649567,
4431280,Troy Franklin,Wide Receiver,2025,Broncos,7,Active,75.0,180.0,23,2024.0,4.0,102.0,17,18,171.09999775886536,10.064705750521492,7.461347,9.274999856948853,0,0,0,0,0,,,,5,12,0,2.4,0.0,104,65,709,6,0.625,6.8173076923076925,10.907692307692308,1,1,64.23529411764706,5.323529467863195,11.176470588235292,0.5789473684210527,1873.6470588235293,1.0,0.16965742251223492,0.010964912280701754,4.193750031292439,16.0,,5.870955719229053,33,2,0,7.129227890906966,
4431299,Rome Odunze,Wide Receiver,2025,Bears,3,Active,75.0,214.0,24,2024.0,1.0,9.0,12,13,146.09999823570251,12.17499985297521,8.782192,9.45000010728836,0,0,0,0,0,,,,0,0,0,,,90,44,661,6,0.4888888888888889,7.344444444444444,15.022727272727272,0,0,66.25,5.675000031789144,11.416666666666666,0.5853658536585366,1916.6666666666667,0.75,0.22388059701492538,0.0,8.523529375300688,17.0,,3.651470477674522,29,2,0,10.34926461413795,
4431353,Xavier Restrepo,Wide Receiver,2025,Titans,10,Active,70.0,202.0,24,,,,2,13,7.099999904632568,3.549999952316284,1.05,3.549999952316284,0,0,0,0,0,,,,0,0,0,,,7,3,41,0,0.4285714285714285,5.857142857142857,13.666666666666666,0,0,61.5,3.900000095367432,9.5,0.5,1979.5,1.0,0.0875,0.0,,,,,2,1,1,3.549999952316284,
4431431,Corey Kiner,Running Back,2025,Cardinals,22,Active,69.0,210.0,24,,,,4,18,9.30000026524067,2.3250000663101678,1.7963506,2.3250000663101678,0,0,0,0,0,,,,12,58,0,4.833333333333333,0.0,3,2,15,0,0.6666666666666666,5.0,7.5,0,0,56.5,5.225000023841858,9.25,0.4,1485.25,1.25,0.02142857142857143,0.16666666666666666,,,,,4,1,1,2.3250000663101678,
4431452,Drake Maye,Quarterback,2025,Patriots,17,Active,76.0,225.0,23,2024.0,1.0,3.0,17,18,409.9599962234497,24.115293895497043,7.078108,26.59499979019165,492,354,4394,31,8,8.93089430894309,0.7195121951219512,0.0630081300813008,103,450,4,4.368932038834951,0.0388349514563106,1,1,2,0,1.0,2.0,2.0,8,3,61.41176470588236,6.229411770315731,10.294117647058824,0.5714285714285714,1877.7058823529408,0.9411764705882352,0.00199203187250996,0.20850202429149797,15.62615387256329,13.0,,8.489140022933753,30,2,0,19.870723884030166,
4431459,Tyler Warren,Tight End,2025,Colts,11,Active,78.0,256.0,24,2025.0,1.0,14.0,17,18,188.49999690055847,11.088235111797555,4.732726,6.950000047683716,1,0,0,0,0,0.0,0.0,0.0,6,8,1,1.3333333333333333,0.1666666666666666,112,76,817,4,0.6785714285714286,7.294642857142857,10.75,1,0,59.88235294117647,5.770588257733514,10.176470588235292,0.6515151515151515,1777.3529411764705,1.3529411764705883,0.20475319926873858,0.013574660633484163,,,,,17,1,1,11.088235111797555,
4431466,Jordan Watkins,Wide Receiver,2025,49ers,25,Active,71.0,196.0,24,2025.0,4.0,138.0,2,9,4.600000143051148,2.3000000715255737,0.5999997,2.3000000715255737,0,0,0,0,0,,,,0,0,0,,,3,2,26,0,0.6666666666666666,8.666666666666666,13.0,0,0,54.5,5.450000047683716,10.0,0.8571428571428571,1554.5,1.0,0.05357142857142857,0.0,,,,,2,1,1,2.3000000715255737,
4431487,Savion Williams,Wide Receiver,2025,Packers,9,Active,76.0,222.0,24,2025.0,3.0,87.0,11,16,25.500000678002834,2.3181818798184395,2.4127762,1.8500000536441803,0,0,0,0,0,,,,11,37,0,3.363636363636364,0.0,10,10,78,1,1.0,7.8,7.8,1,1,62.54545454545455,5.609090913425792,9.818181818181818,0.5777777777777777,1907.3636363636365,0.7272727272727273,0.030395136778115502,0.03225806451612903,,,,,11,1,1,2.3181818798184395,
4431492,Roman Wilson,Wide Receiver,2025,Steelers,23,Active,70.0,186.0,24,2024.0,3.0,84.0,9,13,38.59999978542328,4.288888865047031,5.7593293,3.550000011920929,0,0,0,0,0,,,,0,0,0,,,20,12,166,2,0.6,8.3,13.833333333333334,1,1,56.77777777777778,5.055555582046509,10.555555555555555,0.625,1640.0,1.4444444444444444,0.06968641114982578,0.0,,,,,9,1,1,4.288888865047031,
4431545,Will Shipley,Running Back,2025,Eagles,21,Active,71.0,209.0,23,2024.0,4.0,127.0,11,18,17.499999850988388,1.5909090773625807,1.6648529,1.0249999798834324,0,0,0,0,0,,,,14,49,0,3.5,0.0,12,9,56,0,0.75,4.666666666666667,6.222222222222222,1,1,58.18181818181818,5.418181852860884,10.545454545454543,0.68,1717.4545454545455,0.9090909090909092,0.036923076923076927,0.04794520547945205,3.1399999797344207,5.0,,-1.54909090237184,16,2,0,2.3654545285485007,
4431562,Phil Mafah,Running Back,2025,Cowboys,6,Active,72.0,234.0,23,2025.0,7.0,239.0,1,18,10.899999618530272,10.899999618530272,0.0,10.899999618530272,0,0,0,0,0,,,,5,18,1,3.6,0.2,2,2,11,0,1.0,5.5,5.5,0,0,54.0,5.300000190734863,11.0,0.5,1613.0,2.0,0.08333333333333333,0.16666666666666666,,,,,1,1,1,10.899999618530272,
4431588,Ja'Tavion Sanders,Tight End,2025,Panthers,29,Active,76.0,252.0,23,2024.0,4.0,101.0,11,16,53.999998688697815,4.90909078988162,3.57172,4.799999862909317,0,0,0,0,0,,,,0,0,0,,,34,29,190,1,0.8529411764705882,5.588235294117647,6.551724137931035,0,0,59.45454545454545,4.690909082239324,9.727272727272728,0.4827586206896552,1774.5454545454545,1.3636363636363635,0.09855072463768116,0.0,4.8800000111262,15.0,,0.029090778755419322,26,2,0,4.89454540050391,
4431611,Caleb Williams,Quarterback,2025,Bears,3,Active,73.0,226.0,24,2024.0,1.0,1.0,17,18,370.6799988746643,21.804705816156723,9.687018,23.3899998664856,568,330,3942,27,7,6.940140845070423,0.5809859154929577,0.0475352112676056,77,388,3,5.038961038961039,0.0389610389610389,2,2,22,1,1.0,11.0,11.0,9,1,64.88235294117646,5.711764700272504,10.882352941176473,0.5818181818181818,1858.5882352941176,0.6470588235294118,0.003484320557491289,0.15247524752475247,16.972940977881937,17.0,,4.831764838274786,34,2,0,19.38882339701933,
4432577,C.J. Stroud,Quarterback,2025,Texans,34,Active,75.0,218.0,24,2023.0,1.0,2.0,14,18,246.5399966239929,17.609999758856638,8.380154,19.97499990463257,423,273,3041,19,8,7.1891252955082745,0.6453900709219859,0.0449172576832151,48,209,1,4.354166666666667,0.0208333333333333,0,0,0,0,,,,2,0,63.92857142857143,5.100000074931553,11.357142857142858,0.4285714285714285,1933.5,0.7142857142857143,0.0,0.1188118811881188,15.31647045472089,17.0,21.334666617711385,2.293529304135749,46,3,0,18.087045610429637,
4432620,Parker Washington,Wide Receiver,2025,Jaguars,30,Active,70.0,204.0,24,2023.0,6.0,185.0,15,18,172.70000161975622,11.513333441317082,7.0842433,18.37500023841858,0,0,0,0,0,,,,7,0,0,0.0,0.0,95,58,847,5,0.6105263157894737,8.91578947368421,14.60344827586207,2,0,64.46666666666667,5.200000031789144,11.133333333333333,0.6379310344827587,1927.6666666666667,1.0666666666666669,0.18962075848303392,0.01647058823529412,7.416666547457377,12.0,6.53333334128062,4.096666893859704,33,3,0,8.487777776685027,
4432665,Brock Bowers,Tight End,2025,Raiders,13,Active,76.0,235.0,23,2024.0,1.0,13.0,12,16,174.20000004768372,14.51666667064031,9.791903,15.0,0,0,0,0,0,,,,2,2,0,1.0,0.0,86,64,680,7,0.7441860465116279,7.906976744186046,10.625,0,0,56.75,4.550000031789144,10.833333333333334,0.625,1665.8333333333333,1.25,0.225130890052356,0.008032128514056224,15.452941165250891,17.0,,-0.936274494610581,29,2,0,14.984803917945602,
4432708,Marvin Harrison Jr.,Wide Receiver,2025,Cardinals,22,Active,75.0,220.0,23,2024.0,1.0,4.0,12,17,125.80000114440918,10.483333428700766,6.733973,6.899999976158142,0,0,0,0,0,,,,0,0,0,,,73,41,608,4,0.5616438356164384,8.32876712328767,14.829268292682928,0,0,62.5,5.066666603088379,9.916666666666666,0.5581395348837209,1772.0833333333333,1.0833333333333333,0.17136150234741784,0.0,11.55882343825172,17.0,,-1.075490009550954,29,2,0,11.021078433476243,
4432710,TreVeyon Henderson,Running Back,2025,Patriots,17,Active,70.0,202.0,23,2025.0,2.0,38.0,17,18,206.19999957084656,12.12941173946156,9.31051,14.44999986886978,0,0,0,0,0,,,,180,911,9,5.061111111111111,0.05,42,35,221,1,0.8333333333333334,5.261904761904762,6.314285714285714,1,1,61.41176470588236,6.229411770315731,10.294117647058824,0.5714285714285714,1877.7058823529408,0.9411764705882352,0.08366533864541832,0.3643724696356275,,,,,17,1,1,12.12941173946156,
4432731,Moliki Matavao,Tight End,2025,Saints,18,Active,78.0,263.0,23,2025.0,7.0,248.0,1,17,3.0,3.0,0.0,3.0,0,0,0,0,0,,,,0,0,0,,,2,2,10,0,1.0,5.0,5.0,0,0,52.0,8.100000381469727,11.0,1.0,1699.0,1.0,0.07407407407407407,0.0,,,,,1,1,1,3.0,
4432734,Jalen Milroe,Quarterback,2025,Seahawks,26,Active,74.0,216.0,23,2025.0,3.0,92.0,3,5,-1.599999986588955,-0.533333328862985,1.0402992,-0.533333328862985,0,0,0,0,0,,,,3,4,0,1.3333333333333333,0.0,0,0,0,0,,,,1,1,52.66666666666666,6.366666793823242,10.0,0.75,1531.3333333333333,1.6666666666666667,0.0,0.0379746835443038,,,,,3,1,1,-0.533333328862985,
4432762,Shedeur Sanders,Quarterback,2025,Browns,5,Active,74.0,212.0,24,2025.0,5.0,144.0,8,18,98.89999961853027,12.362499952316284,11.106248,8.284999966621399,212,120,1400,7,10,6.60377358490566,0.5660377358490566,0.0330188679245283,21,169,1,8.047619047619047,0.0476190476190476,0,0,0,0,,,,2,1,56.0,4.58749994635582,11.625,0.4666666666666667,1685.875,1.875,0.0,0.10552763819095477,,,,,8,1,1,12.362499952316284,
4432773,Brian Thomas Jr.,Wide Receiver,2025,Jaguars,30,Active,74.0,209.0,23,2024.0,1.0,23.0,14,18,138.80000042915344,9.914285744939532,4.8312755,9.17500013113022,0,0,0,0,0,,,,3,21,1,7.0,0.3333333333333333,91,48,707,2,0.5274725274725275,7.769230769230769,14.729166666666666,0,0,64.85714285714286,5.328571455819266,11.071428571428571,0.6037735849056604,1918.0,0.7857142857142857,0.1864754098360656,0.007751937984496124,16.47058830541723,17.0,,-6.5563025604776985,31,2,0,13.192437025178382,
4432775,Dont'e Thornton Jr.,Wide Receiver,2025,Raiders,13,Active,77.0,205.0,23,2025.0,4.0,108.0,11,18,23.50000011920929,2.1363636472008447,2.0763922,1.925000011920929,0,0,0,0,0,,,,0,0,0,,,30,10,135,0,0.3333333333333333,4.5,13.5,0,0,57.27272727272727,4.354545484889638,11.272727272727272,0.4545454545454545,1753.2727272727273,1.6363636363636365,0.09063444108761329,0.0,,,,,11,1,1,2.1363636472008447,
4433959,Ben Yurosek,Tight End,2025,Vikings,16,Active,76.0,251.0,24,,,,3,18,3.399999976158142,1.1333333253860474,0.8178562,1.1333333253860474,0,0,0,0,0,,,,0,0,0,,,3,2,14,0,0.6666666666666666,4.666666666666667,7.0,0,0,57.333333333333336,5.066666603088379,10.666666666666666,0.5,1637.0,1.6666666666666667,0.028846153846153848,0.0,,,,,3,1,1,1.1333333253860474,
4433970,J.J. McCarthy,Quarterback,2025,Vikings,16,Active,75.0,219.0,23,2024.0,1.0,10.0,10,18,145.37999841570854,14.537999841570857,9.6814785,17.554999947547913,243,140,1632,11,12,6.716049382716049,0.5761316872427984,0.0452674897119341,37,181,4,4.891891891891892,0.1081081081081081,0,0,0,0,,,,6,2,54.8,4.929999995231628,10.6,0.5806451612903226,1676.5,1.8,0.0,0.1434108527131783,,,,,10,1,1,14.537999841570857,
4434153,Tyson Bagent,Quarterback,2025,Bears,3,Active,75.0,212.0,26,,,,2,9,2.5799999833106995,1.2899999916553495,0.49000004,1.2899999916553495,4,3,47,0,0,11.75,0.75,0.0,2,7,0,3.5,0.0,0,0,0,0,,,,1,0,70.0,6.450000047683716,12.0,0.75,1925.0,1.0,0.0,0.03125,-0.0650000050663948,4.0,11.851999855041504,1.3549999967217443,11,3,0,4.358999947210153,
4565185,Tai Felton,Wide Receiver,2025,Vikings,16,Active,73.0,186.0,23,2025.0,3.0,102.0,3,16,5.5,1.8333333333333333,0.16996771,1.8333333333333333,0,0,0,0,0,,,,0,0,0,,,3,3,25,0,1.0,8.333333333333334,8.333333333333334,0,0,59.0,5.099999904632568,9.666666666666666,0.75,1936.3333333333333,0.6666666666666666,0.04285714285714286,0.0,,,,,3,1,1,1.8333333333333333,
4567048,Kenneth Walker III,Running Back,2025,Seahawks,26,Active,69.0,211.0,25,2022.0,2.0,41.0,17,18,191.8999989032745,11.288235229604384,6.3346734,13.324999690055847,0,0,0,0,0,,,,221,1027,5,4.647058823529412,0.0226244343891402,36,31,282,0,0.8611111111111112,7.833333333333333,9.096774193548388,1,0,59.70588235294117,5.976470610674689,11.0,0.5423728813559322,1812.2941176470588,1.6470588235294117,0.07484407484407485,0.4358974358974359,16.472726951945912,11.0,13.293333387374878,-5.184491722341528,58,4,0,13.638573876336721,
4567096,John Metchie III,Wide Receiver,2025,Jets,20,Active,71.0,187.0,25,2022.0,2.0,44.0,12,18,71.89999985694885,5.991666654745738,5.1601768,5.099999994039536,0,0,0,0,0,,,,3,-5,0,-1.6666666666666667,0.0,48,33,274,2,0.6875,5.708333333333333,8.303030303030303,0,0,58.333333333333336,3.941666682561239,10.75,0.5185185185185185,1680.1666666666667,1.1666666666666667,0.14328358208955225,0.009146341463414634,5.540000021457672,10.0,2.300000020435878,0.4516666332880659,36,3,0,4.61055556554643,
4567156,Treylon Burks,Wide Receiver,2025,Commanders,28,Active,74.0,225.0,26,2022.0,1.0,18.0,8,18,29.00000023841858,3.6250000298023215,3.0408676,2.574999988079071,0,0,0,0,0,,,,0,0,0,,,22,10,130,1,0.4545454545454545,5.909090909090909,13.0,0,0,57.5,5.237500011920929,9.875,0.6521739130434783,1742.5,1.375,0.1073170731707317,0.0,1.4999999761581422,5.0,4.433333304193285,2.1250000536441793,33,4,0,4.391856068899535,
4567506,Tahj Washington,Wide Receiver,2025,Dolphins,15,Active,70.0,174.0,25,2024.0,7.0,241.0,2,18,4.6999999061226845,2.3499999530613422,2.25,2.3499999530613422,0,0,0,0,0,,,,0,0,0,,,5,3,37,0,0.6,7.4,12.333333333333334,1,1,58.0,4.350000023841858,11.0,0.1666666666666666,1724.0,2.5,0.07692307692307693,0.0,,,,,2,1,1,2.3499999530613422,
4567750,Emeka Egbuka,Wide Receiver,2025,Buccaneers,27,Active,73.0,205.0,23,2025.0,1.0,19.0,17,18,193.6999990940094,11.39411759376526,7.893813,5.549999892711639,0,0,0,0,0,,,,2,9,0,4.5,0.0,127,63,938,6,0.4960629921259842,7.385826771653543,14.88888888888889,0,0,62.8235294117647,5.123529434204102,10.764705882352942,0.54,1913.4117647058824,0.9411764705882352,0.22759856630824374,0.00423728813559322,,,,,17,1,1,11.39411759376526,
4568024,Josh Williams,Running Back,2025,Buccaneers,27,Active,69.0,210.0,24,,,,1,8,1.100000023841858,1.100000023841858,0.0,1.100000023841858,0,0,0,0,0,,,,4,11,0,2.75,0.0,0,0,0,0,,,,0,0,56.0,3.799999952316284,10.0,0.5,1976.0,1.0,0.0,0.13793103448275862,,,,,1,1,1,1.100000023841858,
4568490,RJ Harvey,Running Back,2025,Broncos,7,Active,68.0,205.0,25,2025.0,2.0,60.0,17,18,206.60000157356265,12.152941269033096,7.427385,13.87500023841858,1,0,0,0,0,0.0,0.0,0.0,146,540,7,3.6986301369863015,0.047945205479452,58,47,356,5,0.8103448275862069,6.137931034482759,7.574468085106383,1,1,64.23529411764706,5.323529467863195,11.176470588235292,0.5789473684210527,1873.6470588235293,1.0,0.09461663947797716,0.3201754385964912,,,,,17,1,1,12.152941269033096,
4569173,Rhamondre Stevenson,Running Back,2025,Patriots,17,Active,72.0,227.0,28,2021.0,4.0,120.0,14,18,174.79999947547913,12.48571424824851,9.512537,22.25,0,0,0,0,0,,,,130,603,7,4.638461538461539,0.0538461538461538,37,32,345,2,0.8648648648648649,9.324324324324325,10.78125,3,3,61.07142857142857,6.299999986376081,10.142857142857142,0.5576923076923077,1878.9285714285716,0.9285714285714286,0.09068627450980392,0.3194103194103194,11.459999984999495,15.0,12.141666650772097,1.0257142632490144,70,5,0,12.06306439851909,
4569371,Isaiah Williams,Wide Receiver,2025,Jets,20,Active,70.0,185.0,25,,,,10,18,46.70000076293945,4.670000076293945,4.0583363,8.175000071525574,1,0,0,0,0,0.0,0.0,0.0,3,34,0,11.333333333333334,0.0,36,26,193,0,0.7222222222222222,5.361111111111111,7.423076923076923,1,1,59.1,4.499999976158142,10.7,0.3333333333333333,1676.4,1.4,0.1245674740484429,0.010948905109489052,2.5999999046325684,1.0,,2.070000171661377,11,2,0,3.634999990463257,
4569382,Jordan Whittington,Wide Receiver,2025,Rams,14,Active,73.0,202.0,25,2024.0,6.0,213.0,13,16,36.30000030994415,2.7923077161495504,2.013975,1.100000023841858,0,0,0,0,0,,,,3,12,0,4.0,0.0,25,18,171,0,0.72,6.84,9.5,0,0,62.23076923076923,6.253846131838285,10.76923076923077,0.6206896551724138,1772.8461538461538,0.9230769230769232,0.05530973451327434,0.008797653958944282,7.499999948910305,7.0,,-4.707692232760754,20,2,0,5.146153832529928,
4569547,Nick Kallerup,Tight End,2025,Seahawks,26,Active,77.0,266.0,25,,,,1,10,0.0,0.0,0.0,0.0,0,0,0,0,0,,,,0,0,0,,,1,0,0,0,0.0,0.0,,0,0,59.0,6.300000190734863,11.0,0.5,2020.0,3.0,0.08333333333333333,0.0,,,,,1,1,1,0.0,
4569559,Devaughn Vele,Wide Receiver,2025,Saints,18,Active,77.0,210.0,28,2024.0,7.0,235.0,9,15,66.29999876022339,7.36666652891371,6.4091945,12.22499966621399,0,0,0,0,0,,,,0,0,0,,,39,25,293,2,0.6410256410256411,7.512820512820513,11.72,0,0,66.77777777777777,4.711111148198445,10.11111111111111,0.4166666666666667,1775.4444444444443,1.2222222222222223,0.11926605504587157,0.0,8.192307692307692,13.0,,-0.825641163393982,22,2,0,7.779487110610701,
4569587,Wan'Dale Robinson,Wide Receiver,2025,Giants,19,Active,68.0,185.0,25,2022.0,2.0,43.0,16,17,217.89999914169312,13.61874994635582,7.9299455,13.574999570846558,0,0,0,0,0,,,,3,5,0,1.6666666666666667,0.0,140,92,1014,4,0.6571428571428571,7.242857142857143,11.021739130434783,1,0,63.5,5.131250008940697,10.125,0.4814814814814814,1850.0625,1.0,0.2839756592292089,0.006263048016701462,10.747058952555935,17.0,8.879999923706055,2.8716909937998842,54,4,0,10.461452181812595,
4569603,Malik Washington,Wide Receiver,2025,Dolphins,15,Active,68.0,195.0,25,2024.0,6.0,184.0,17,18,110.7000002861023,6.5117647227119,3.2410755,6.375,0,0,0,0,0,,,,17,110,1,6.470588235294118,0.0588235294117647,65,46,317,3,0.7076923076923077,4.876923076923077,6.891304347826087,1,1,55.8235294117647,5.399999955121209,10.352941176470589,0.5625,1737.235294117647,1.411764705882353,0.13569937369519833,0.03935185185185185,4.5666666974624,12.0,,1.9450980252495,29,2,0,5.53921571008715,
4569609,Evan Hull,Running Back,2025,Saints,18,Active,70.0,209.0,25,2023.0,5.0,176.0,6,18,6.400000095367432,1.0666666825612383,0.61282575,0.7250000238418579,0,0,0,0,0,,,,19,48,0,2.526315789473684,0.0,1,1,6,0,1.0,6.0,6.0,0,0,63.66666666666666,5.483333428700765,10.666666666666666,0.625,1803.3333333333333,1.1666666666666667,0.0049261083743842365,0.12025316455696203,1.7000000476837158,1.0,,-0.6333333651224775,7,2,0,1.383333365122477,
4569618,Garrett Wilson,Wide Receiver,2025,Jets,20,Active,72.0,183.0,25,2022.0,1.0,10.0,7,10,99.50000095367432,14.214285850524902,8.941306,10.90000033378601,0,0,0,0,0,,,,0,0,0,,,59,36,395,4,0.6101694915254238,6.694915254237288,10.97222222222222,1,0,58.0,4.457142778805324,11.0,0.5333333333333333,1738.142857142857,1.2857142857142858,0.3259668508287293,0.0,14.700000117806828,17.0,12.541176368208491,-0.4857142672819261,58,4,0,13.535924404859543,
4569682,Audric Estime,Running Back,2025,Saints,18,Active,71.0,227.0,22,2024.0,5.0,147.0,5,18,48.0999995470047,9.61999990940094,5.8591466,11.74999988079071,0,0,0,0,0,,,,46,198,1,4.304347826086956,0.0217391304347826,13,12,103,0,0.9230769230769232,7.923076923076923,8.583333333333334,0,0,62.6,5.720000076293945,10.4,0.5714285714285714,1805.6,1.0,0.07878787878787878,0.3511450381679389,3.7461538246044745,13.0,,5.873846084796465,18,2,0,6.683076867002708,
4569987,Jaylen Warren,Running Back,2025,Steelers,23,Active,68.0,215.0,27,,,,16,18,217.09999895095825,13.56874993443489,5.437107,14.550000071525574,0,0,0,0,0,,,,211,958,6,4.540284360189573,0.0284360189573459,45,40,333,2,0.8888888888888888,7.4,8.325,1,0,58.4375,5.181250020861626,10.375,0.6086956521739131,1712.625,0.9375,0.08522727272727272,0.5582010582010583,8.273333366711935,15.0,11.552941154031192,5.295416567722956,64,4,0,9.806568617007567,
4570037,Terrance Ferguson,Tight End,2025,Rams,14,Active,77.0,252.0,23,2025.0,2.0,46.0,11,17,52.10000002384186,4.736363638531078,4.9604387,6.824999958276749,0,0,0,0,0,,,,1,0,0,0.0,0.0,25,11,231,3,0.44,9.24,21.0,0,0,64.72727272727273,6.309090874411843,10.636363636363637,0.6730769230769231,1903.5454545454545,0.9090909090909092,0.06361323155216285,0.003278688524590164,,,,,11,1,1,4.736363638531078,
4570738,Ke'Shawn Williams,Wide Receiver,2025,Bengals,4,Active,69.0,189.0,24,,,,5,18,0.4999999776482582,0.0999999955296516,1.184905,0.6249999944120646,0,0,0,0,0,,,,2,10,0,5.0,0.0,1,1,5,0,1.0,5.0,5.0,2,1,64.0,5.480000019073486,10.8,0.8947368421052632,1963.2,1.4,0.0058823529411764705,0.014492753623188406,,,,,5,1,1,0.0999999955296516,
4572680,Tucker Kraft,Tight End,2025,Packers,9,Active,77.0,259.0,25,2023.0,3.0,78.0,8,9,117.19999837875366,14.649999797344208,9.232956,16.59999966621399,0,0,0,0,0,,,,1,3,0,3.0,0.0,44,32,489,6,0.7272727272727273,11.113636363636363,15.28125,0,0,61.125,5.862499982118607,10.0,0.6285714285714286,1855.0,0.625,0.176,0.0043859649122807015,9.4882352772881,17.0,7.8499999165534975,5.161764520056108,35,3,0,10.662744997061935,
4573398,Max Brosmer,Quarterback,2025,Vikings,16,Active,74.0,218.0,25,,,,7,18,4.220000080764294,0.6028571543948991,1.8876268,0.6600000336766243,71,47,328,0,4,4.619718309859155,0.6619718309859155,0.0,7,11,0,1.5714285714285714,0.0,0,0,0,0,,,,2,1,55.57142857142857,4.499999931880406,11.0,0.5882352941176471,1706.142857142857,1.5714285714285714,0.0,0.04093567251461988,,,,,7,1,1,0.6028571543948991,
4573697,Mason Tipton,Wide Receiver,2025,Saints,18,Active,71.0,187.0,25,,,,6,16,20.40000069141388,3.4000001152356467,3.1927004,5.10000017285347,0,0,0,0,0,,,,4,18,0,4.5,0.0,17,11,76,0,0.6470588235294118,4.470588235294118,6.909090909090909,1,0,68.66666666666667,4.566666801770528,10.5,0.3846153846153846,1765.0,2.1666666666666665,0.06827309236947791,0.029197080291970802,2.655555566151937,9.0,,0.7444445490837097,15,2,0,3.027777840693792,
4573699,Jackson Hawes,Tight End,2025,Bills,2,Active,76.0,253.0,25,2025.0,5.0,173.0,13,18,52.700000405311584,4.053846185023968,2.523616,3.7000000178813934,0,0,0,0,0,,,,0,0,0,,,19,16,187,3,0.8421052631578947,9.842105263157896,11.6875,0,0,64.6923076923077,5.938461560469407,10.153846153846152,0.6666666666666666,2032.692307692308,0.7692307692307693,0.05093833780160858,0.0,,,,,13,1,1,4.053846185023968,
4575131,Jacory Croskey-Merritt,Running Back,2025,Commanders,28,Active,71.0,208.0,25,2025.0,7.0,245.0,17,18,140.30000066757202,8.252941215739531,7.245618,12.37500011920929,0,0,0,0,0,,,,175,805,8,4.6,0.0457142857142857,13,9,68,0,0.6923076923076923,5.230769230769231,7.555555555555555,4,2,58.23529411764706,5.529411792755127,9.823529411764708,0.6521739130434783,1721.235294117647,1.3529411764705883,0.02771855010660981,0.3615702479338843,,,,,17,1,1,8.252941215739531,
4576297,AJ Barner,Tight End,2025,Seahawks,26,Active,78.0,251.0,24,2024.0,4.0,121.0,17,18,147.29999965429306,8.66470586201724,6.2990136,9.350000023841858,0,0,0,0,0,,,,10,14,1,1.4,0.1,68,52,519,6,0.7647058823529411,7.632352941176471,9.98076923076923,2,0,59.70588235294117,5.976470610674689,11.0,0.5423728813559322,1812.2941176470588,1.6470588235294117,0.14137214137214138,0.01972386587771203,5.607142806053162,14.0,,3.057563055964078,31,2,0,7.1359243340352005,
4578436,Coleman Owen,Wide Receiver,2025,Colts,11,Active,70.0,181.0,25,,,,1,16,0.0,0.0,0.0,0.0,0,0,0,0,0,,,,0,0,0,,,1,0,0,0,0.0,0.0,,0,0,58.0,5.400000095367432,10.0,1.0,1615.0,2.0,0.027777777777777776,0.0,,,,,1,1,1,0.0,
4586312,Jaylin Noel,Wide Receiver,2025,Texans,34,Active,71.0,201.0,23,2025.0,3.0,79.0,14,18,68.40000051259995,4.885714322328568,4.8286133,5.050000071525574,0,0,0,0,0,,,,6,12,0,2.0,0.0,35,26,292,2,0.7428571428571429,8.342857142857143,11.23076923076923,0,0,65.57142857142857,5.014285734721592,11.428571428571429,0.4772727272727273,1945.357142857143,0.8571428571428571,0.0708502024291498,0.015113350125944584,,,,,14,1,1,4.885714322328568,
4595342,Oronde Gadsden,Tight End,2025,Chargers,24,Active,77.0,236.0,22,2025.0,5.0,165.0,15,18,131.40000176429749,8.760000117619832,7.2886024,7.075000107288361,0,0,0,0,0,,,,0,0,0,,,69,49,664,3,0.7101449275362319,9.623188405797102,13.551020408163266,1,1,65.2,5.066666666666666,10.466666666666669,0.48,1982.7333333333331,1.3333333333333333,0.13582677165354332,0.0,,,,,15,1,1,8.760000117619832,
4595348,Malik Nabers,Wide Receiver,2025,Giants,19,Active,72.0,200.0,22,2024.0,1.0,6.0,4,4,57.10000109672546,14.275000274181366,13.959653,14.275000274181366,0,0,0,0,0,,,,0,0,0,,,35,18,271,2,0.5142857142857142,7.742857142857143,15.055555555555555,0,0,64.25,4.925000011920929,10.25,0.2666666666666666,1902.25,0.75,0.26717557251908397,0.0,18.10666675567627,15.0,,-3.831666481494903,19,2,0,16.19083351492882,
4596334,Keaton Mitchell,Running Back,2025,Ravens,33,Active,68.0,191.0,24,,,,12,18,55.40000052750111,4.6166667106250925,3.007445,3.475000012665987,0,0,0,0,0,,,,59,341,1,5.779661016949152,0.0169491525423728,12,9,63,0,0.75,5.25,7.0,1,0,57.41666666666666,5.899999976158142,10.5,0.4883720930232558,1764.6666666666667,1.3333333333333333,0.043010752688172046,0.15364583333333334,3.400000095367432,2.0,9.985714214188713,1.2166666152576604,21,3,0,6.000793673393747,
4596448,Bucky Irving,Running Back,2025,Buccaneers,27,Active,70.0,195.0,23,2024.0,4.0,125.0,10,18,138.50000143051147,13.850000143051147,5.320386,8.575000166893005,0,0,0,0,0,,,,173,588,1,3.398843930635838,0.0057803468208092,35,30,277,3,0.8571428571428571,7.914285714285715,9.233333333333333,1,1,63.7,5.130000019073487,10.3,0.5172413793103449,1925.4,0.9,0.10835913312693499,0.5924657534246576,14.376470734091368,17.0,,-0.526470591040221,27,2,0,14.113235438571259,
4596602,Brashard Smith,Running Back,2025,Chiefs,12,Active,70.0,196.0,23,2025.0,7.0,228.0,15,18,63.30000006407499,4.220000004271666,3.8766315,4.70000004209578,0,0,0,0,0,,,,44,151,0,3.4318181818181817,0.0,35,25,172,1,0.7142857142857143,4.914285714285715,6.88,1,0,62.86666666666667,4.926666641235352,10.2,0.5660377358490566,1825.0666666666664,1.0,0.0684931506849315,0.11282051282051282,,,,,15,1,1,4.220000004271666,
4597500,Adonai Mitchell,Wide Receiver,2025,Jets,20,Active,74.0,205.0,23,2024.0,2.0,52.0,16,18,87.90000057220459,5.493750035762787,6.5723357,7.474999904632568,0,0,0,0,0,,,,1,-4,0,-4.0,0.0,74,33,453,2,0.4459459459459459,6.121621621621622,13.727272727272728,1,1,60.0625,5.218750044703484,10.125,0.5660377358490566,1711.125,1.3125,0.14396887159533073,0.0024509803921568627,3.162352947627797,17.0,,2.33139708813499,33,2,0,4.328051491695292,
4597703,Tory Horton,Wide Receiver,2025,Seahawks,26,Active,74.0,196.0,23,2025.0,5.0,166.0,7,9,59.09999847412109,8.442856924874443,7.3519387,8.424999713897705,0,0,0,0,0,,,,0,0,0,,,22,13,161,5,0.5909090909090909,7.318181818181818,12.384615384615383,0,0,57.85714285714285,6.642857142857143,11.285714285714286,0.75,1752.428571428571,1.5714285714285714,0.1116751269035533,0.0,,,,,7,1,1,8.442856924874443,
4599739,Kendre Miller,Running Back,2025,Saints,18,Active,72.0,220.0,23,2023.0,3.0,71.0,7,7,33.29999989271164,4.7571428418159485,3.623281,5.82499997317791,0,0,0,0,0,,,,47,193,1,4.1063829787234045,0.0212765957446808,5,5,30,0,1.0,6.0,6.0,0,0,62.42857142857143,4.842857156481061,10.428571428571429,0.45,1684.428571428571,1.1428571428571428,0.02092050209205021,0.2568306010928962,4.849999924500783,6.0,6.185714244842529,-0.0928570826848345,20,3,0,5.26428567038642,
4600981,Pat Bryant,Wide Receiver,2025,Broncos,7,Active,74.0,204.0,23,2025.0,3.0,74.0,12,18,74.79999911785126,6.233333259820938,3.7577326,7.674999833106995,0,0,0,0,0,,,,0,0,0,,,49,31,378,1,0.6326530612244898,7.714285714285714,12.193548387096774,0,0,63.91666666666666,5.425000071525574,11.083333333333334,0.5609756097560976,1854.9166666666667,0.9166666666666666,0.11212814645308924,0.0,,,,,12,1,1,6.233333259820938,
4601080,Raheim Sanders,Running Back,2025,Browns,5,Active,72.0,230.0,24,,,,4,18,20.300000190734863,5.075000047683716,0.91207385,5.075000047683716,0,0,0,0,0,,,,27,92,1,3.4074074074074074,0.037037037037037,4,3,21,0,0.75,5.25,7.0,0,0,59.25,4.549999892711639,10.0,0.4444444444444444,1874.75,1.75,0.03333333333333333,0.25961538461538464,,,,,4,1,1,5.075000047683716,
4602667,Jaylin Lane,Wide Receiver,2025,Commanders,28,Active,70.0,196.0,24,2025.0,4.0,128.0,13,15,37.19999986886978,2.861538451451522,2.4637494,1.8499999642372127,0,0,0,0,0,,,,1,7,0,7.0,0.0,32,16,225,0,0.5,7.03125,14.0625,3,1,60.46153846153846,5.6307692527771,10.0,0.7058823529411765,1759.6153846153843,1.3076923076923077,0.08488063660477453,0.0026455026455026454,,,,,13,1,1,2.861538451451522,
4603186,Jack Bech,Wide Receiver,2025,Raiders,13,Active,73.0,214.0,23,2025.0,2.0,58.0,12,18,42.39999985694885,3.5333333214124045,3.01229,5.250000059604645,0,0,0,0,0,,,,0,0,0,,,29,20,224,0,0.6896551724137931,7.724137931034483,11.2,0,0,53.5,4.191666682561238,10.75,0.4782608695652174,1629.25,1.0,0.08579881656804733,0.0,,,,,12,1,1,3.5333333214124045,
4605841,Nathan Carter,Running Back,2025,Falcons,1,Active,70.0,202.0,24,,,,2,8,3.9999998807907104,1.9999999403953552,0.5999997,1.9999999403953552,0,0,0,0,0,,,,9,60,0,6.666666666666667,0.0,0,0,0,0,,,,1,1,57.5,4.650000095367432,11.0,0.5,1502.0,2.0,0.0,0.225,,,,,2,1,1,1.9999999403953552,
4608686,Kyle Monangai,Running Back,2025,Bears,3,Active,68.0,207.0,24,2025.0,7.0,233.0,17,18,142.69999885559082,8.394117579740637,6.176946,6.800000011920929,0,0,0,0,0,,,,169,783,5,4.633136094674557,0.029585798816568,30,18,164,0,0.6,5.466666666666667,9.11111111111111,0,0,64.88235294117646,5.711764700272504,10.882352941176473,0.5818181818181818,1858.5882352941176,0.6470588235294118,0.05226480836236934,0.3346534653465347,,,,,17,1,1,8.394117579740637,
4608810,Tez Johnson,Wide Receiver,2025,Buccaneers,27,Active,70.0,165.0,24,2025.0,7.0,235.0,15,18,92.40000104904176,6.160000069936117,6.287003,2.0000000298023224,0,0,0,0,0,,,,7,22,0,3.142857142857143,0.0,44,28,322,5,0.6363636363636364,7.318181818181818,11.5,0,0,61.8,5.180000019073487,10.8,0.5333333333333333,1891.1333333333332,1.0,0.08979591836734693,0.017369727047146403,,,,,15,1,1,6.160000069936117,
4612826,Ladd McConkey,Wide Receiver,2025,Chargers,24,Active,72.0,185.0,24,2024.0,2.0,34.0,16,17,180.89999985694885,11.306249991059303,6.637721,6.150000035762787,0,0,0,0,0,,,,0,0,0,,,106,66,789,6,0.6226415094339622,7.443396226415095,11.954545454545457,0,0,64.125,5.318750023841858,10.25,0.4909090909090909,1990.1875,1.1875,0.2019047619047619,0.0,14.931249976158142,16.0,,-3.624999985098839,32,2,0,13.118749983608723,
4613050,Quentin Skinner,Wide Receiver,2025,Jets,20,Free Agent,77.0,195.0,24,,,,1,18,2.0,2.0,0.0,2.0,0,0,0,0,0,,,,0,0,0,,,1,1,10,0,1.0,10.0,10.0,0,0,46.0,2.700000047683716,8.0,1.0,1300.0,0.0,0.045454545454545456,0.0,,,,,1,1,1,2.0,
4613104,Malachi Corley,Wide Receiver,2025,Browns,5,Active,71.0,215.0,24,2024.0,3.0,65.0,12,18,31.600000217556957,2.6333333514630795,1.8038538,3.8250000178813934,0,0,0,0,0,,,,13,127,0,9.76923076923077,0.0,14,11,79,0,0.7857142857142857,5.642857142857143,7.181818181818182,0,0,57.5,4.458333313465118,11.666666666666666,0.5384615384615384,1724.4166666666667,1.4166666666666667,0.04093567251461988,0.041666666666666664,1.040000006556511,5.0,,1.5933333449065685,17,2,0,1.8366666790097952,
4613202,Kyle Williams,Wide Receiver,2025,Patriots,17,Active,71.0,190.0,23,2025.0,3.0,69.0,13,18,49.20000033080578,3.784615410061983,4.97298,7.100000143051148,0,0,0,0,0,,,,2,3,0,1.5,0.0,21,10,209,3,0.4761904761904761,9.952380952380953,20.9,0,0,62.84615384615385,6.138461553133451,10.23076923076923,0.5869565217391305,1901.2307692307693,0.9230769230769232,0.05223880597014925,0.005221932114882507,,,,,13,1,1,3.784615410061983,
4635008,Keon Coleman,Wide Receiver,2025,Bills,2,Active,75.0,213.0,23,2024.0,2.0,33.0,12,18,100.40000081062315,8.366666734218597,5.8092365,8.25,0,0,0,0,0,,,,0,0,0,,,59,38,404,4,0.6440677966101694,6.8474576271186445,10.63157894736842,1,1,64.41666666666667,6.108333388964335,10.083333333333334,0.6595744680851063,2054.75,1.0,0.16905444126074498,0.0,8.423076904737032,13.0,,-0.056410170518434555,25,2,0,8.394871819477814,
4678006,Elijah Arroyo,Tight End,2025,Seahawks,26,Active,77.0,254.0,23,2025.0,2.0,50.0,13,14,36.89999949932098,2.838461499947768,3.203733,0.375,0,0,0,0,0,,,,0,0,0,,,26,15,179,1,0.5769230769230769,6.884615384615385,11.933333333333334,1,1,58.46153846153846,6.146153853489802,11.0,0.6,1782.6153846153843,1.7692307692307692,0.07262569832402235,0.0,,,,,13,1,1,2.838461499947768,
4682652,Devin Neal,Running Back,2025,Saints,18,Active,71.0,213.0,22,2025.0,6.0,184.0,9,15,59.99999926239252,6.66666658471028,4.9676743,11.649999856948853,0,0,0,0,0,,,,57,206,2,3.6140350877192975,0.0350877192982456,19,17,104,0,0.8947368421052632,5.473684210526316,6.117647058823529,0,0,62.77777777777778,4.755555603239271,10.0,0.4090909090909091,1658.0,1.7777777777777777,0.059748427672955975,0.2626728110599078,,,,,9,1,1,6.66666658471028,
4682745,Jaylen Wright,Running Back,2025,Dolphins,15,Active,70.0,208.0,23,2024.0,4.0,120.0,9,18,48.200000792741776,5.355555643637975,5.205363,6.0,0,0,0,0,0,,,,70,288,2,4.114285714285714,0.0285714285714285,9,5,44,0,0.5555555555555556,4.888888888888889,8.8,2,1,56.44444444444444,5.577777730094062,11.0,0.5555555555555556,1831.2222222222224,1.0,0.041474654377880185,0.25735294117647056,2.053846180438996,13.0,,3.301709463198979,22,2,0,3.7047009120384855,
4683062,Xavier Worthy,Wide Receiver,2025,Chiefs,12,Active,71.0,165.0,23,2024.0,1.0,28.0,14,17,109.90000066906214,7.850000047790153,4.3600063,5.049999976530671,0,0,0,0,0,,,,11,87,0,7.909090909090909,0.0,73,42,532,1,0.5753424657534246,7.287671232876712,12.666666666666666,0,0,62.5,5.242857132639204,9.714285714285714,0.5961538461538461,1817.571428571429,0.8571428571428571,0.14989733059548255,0.031161473087818695,11.69999986886978,16.0,,-3.849999821079627,30,2,0,9.774999958329966,
4683243,Mitchell Evans,Tight End,2025,Panthers,29,Active,77.0,258.0,23,2025.0,5.0,163.0,13,18,48.20000064373016,3.707692357210013,3.0492015,3.3500000536441803,0,0,0,0,0,,,,1,1,0,1.0,0.0,25,19,171,2,0.76,6.84,9.0,0,0,60.07692307692308,5.038461593481211,10.076923076923077,0.5263157894736842,1817.6153846153843,1.1538461538461535,0.06067961165048544,0.0029069767441860465,,,,,13,1,1,3.707692357210013,
4683423,Riley Leonard,Quarterback,2025,Colts,11,Active,76.0,213.0,23,2025.0,6.0,189.0,5,18,33.000000573694706,6.6000001147389415,9.974568,8.225000143051147,67,39,415,2,3,6.1940298507462686,0.582089552238806,0.0298507462686567,6,27,2,4.5,0.3333333333333333,0,0,-3,0,,,,2,2,58.4,5.440000104904175,11.0,0.6470588235294118,1703.0,2.0,0.0,0.05263157894736842,,,,,5,1,1,6.6000001147389415,
4685201,Tanner McKee,Quarterback,2025,Eagles,21,Active,78.0,231.0,26,2023.0,6.0,188.0,4,18,15.759999603033066,3.9399999007582656,5.8574224,3.9399999007582656,43,24,274,1,1,6.372093023255814,0.5581395348837209,0.0232558139534883,8,8,0,1.0,0.0,0,0,0,0,,,,0,0,62.75,6.050000071525574,9.25,0.7857142857142857,1989.5,0.5,0.0,0.06015037593984962,18.410000324249268,2.0,,-14.470000423491001,6,2,0,11.175000112503767,
4685247,Braelon Allen,Running Back,2025,Jets,20,Active,73.0,235.0,22,2024.0,4.0,134.0,4,4,15.299999952316284,3.824999988079071,2.981086,3.824999988079071,0,0,0,0,0,,,,18,76,1,4.222222222222222,0.0555555555555555,3,2,17,0,0.6666666666666666,5.666666666666667,8.5,1,1,57.25,5.249999940395355,10.5,0.6,1700.75,1.75,0.028037383177570093,0.16216216216216217,5.011764747254989,17.0,,-1.1867647591759178,21,2,0,4.41838236766703,
4685278,Luther Burden III,Wide Receiver,2025,Bears,3,Active,72.0,210.0,22,2025.0,2.0,39.0,15,18,127.89999884366988,8.526666589577992,7.285281,15.174999713897703,0,0,0,0,0,,,,6,37,0,6.166666666666667,0.0,60,47,652,2,0.7833333333333333,10.866666666666667,13.872340425531917,0,0,64.46666666666667,5.520000012715657,11.0,0.574468085106383,1863.5333333333333,0.7333333333333333,0.11928429423459244,0.013574660633484163,,,,,15,1,1,8.526666589577992,
4685279,Jaydon Blue,Running Back,2025,Cowboys,6,Active,69.0,196.0,22,2025.0,5.0,149.0,5,18,20.399999797344208,4.079999959468841,4.4449525,4.924999952316284,0,0,0,0,0,,,,38,129,1,3.3947368421052637,0.0263157894736842,1,1,5,0,1.0,5.0,5.0,1,0,59.2,5.9,11.0,0.6,1741.6,0.8,0.006578947368421052,0.2714285714285714,,,,,5,1,1,4.079999959468841,
4685350,Trevor Etienne,Running Back,2025,Panthers,29,Active,68.0,198.0,21,2025.0,4.0,114.0,10,13,11.700000151991844,1.1700000151991845,1.5956503,0.8000000007450581,0,0,0,0,0,,,,20,94,0,4.7,0.0,3,3,13,0,1.0,4.333333333333333,4.333333333333333,2,1,62.6,5.240000009536743,10.0,0.5,1883.2,1.4,0.009287925696594427,0.07194244604316546,,,,,10,1,1,1.1700000151991845,
4685382,Omarion Hampton,Running Back,2025,Chargers,24,Active,72.0,220.0,23,2025.0,1.0,22.0,9,17,135.69999980926514,15.077777756585014,7.613263,14.674999952316284,0,0,0,0,0,,,,124,545,4,4.395161290322581,0.032258064516129,35,32,192,1,0.9142857142857144,5.485714285714286,6.0,1,0,63.55555555555556,5.422222243414985,10.444444444444445,0.4074074074074074,1953.888888888889,1.3333333333333333,0.1174496644295302,0.5145228215767634,,,,,9,1,1,15.077777756585014,
4685415,Travis Hunter,Wide Receiver,2025,Jaguars,30,Active,73.0,185.0,23,2025.0,1.0,2.0,7,7,63.799999713897705,9.114285673413958,6.4687,11.549999952316284,0,0,0,0,0,,,,1,0,0,0.0,0.0,45,28,298,1,0.6222222222222222,6.622222222222222,10.642857142857142,1,0,65.42857142857143,5.142857142857143,11.142857142857142,0.5,1865.142857142857,0.8571428571428571,0.17374517374517376,0.00558659217877095,,,,,7,1,1,9.114285673413958,
4685472,Tetairoa McMillan,Wide Receiver,2025,Panthers,29,Active,77.0,212.0,23,2025.0,1.0,8.0,17,18,211.39999961853027,12.435294095207665,6.87296,8.949999809265137,0,0,0,0,0,,,,0,0,0,,,122,70,1014,7,0.5737704918032787,8.311475409836065,14.485714285714286,1,1,59.47058823529412,4.923529442618875,9.823529411764708,0.5333333333333333,1790.764705882353,1.3529411764705883,0.23689320388349513,0.0,,,,,17,1,1,12.435294095207665,
4685702,Quinshon Judkins,Running Back,2025,Browns,5,Active,71.0,221.0,22,2025.0,2.0,36.0,14,16,167.80000019073486,11.985714299338204,6.4219313,9.524999856948853,0,0,0,0,0,,,,230,827,7,3.595652173913044,0.0304347826086956,36,26,171,0,0.7222222222222222,4.75,6.576923076923077,0,0,61.21428571428572,4.285714285714286,11.785714285714286,0.5454545454545454,1750.928571428571,1.4285714285714286,0.07692307692307693,0.6609195402298851,,,,,14,1,1,11.985714299338204,
4685720,Bryce Young,Quarterback,2025,Panthers,29,Active,70.0,204.0,24,2023.0,1.0,1.0,16,18,262.04000091552734,16.37750005722046,9.16117,17.115000009536743,478,304,3011,23,11,6.299163179916318,0.6359832635983264,0.0481171548117154,54,216,2,4.0,0.037037037037037,0,0,0,0,,,,7,4,59.5,4.975000038743019,9.75,0.5348837209302325,1803.4375,1.25,0.0,0.12471131639722864,16.07285716491086,14.0,10.898750111460686,0.30464289230959807,46,3,0,14.449702444530667,
4686422,Xavier Hutchinson,Wide Receiver,2025,Texans,34,Active,75.0,210.0,26,2023.0,6.0,205.0,16,18,97.99999833106996,6.124999895691872,5.1994586,5.574999898672104,0,0,0,0,0,,,,3,22,0,7.333333333333333,0.0,57,35,428,3,0.6140350877192983,7.508771929824562,12.228571428571428,0,0,63.6875,5.043750047683716,11.375,0.4285714285714285,1911.875,0.625,0.10614525139664804,0.006622516556291391,1.6928571122033256,14.0,1.9909090995788572,4.432142783488546,41,3,0,3.2695887024913515,
4686472,Marvin Mims Jr.,Wide Receiver,2025,Broncos,7,Active,71.0,182.0,24,2023.0,2.0,63.0,15,18,87.0000000745058,5.800000004967054,5.522439,5.149999976158142,0,0,0,0,0,,,,12,78,1,6.5,0.0833333333333333,51,37,322,1,0.7254901960784313,6.313725490196078,8.702702702702704,2,1,64.93333333333334,5.48000005086263,10.933333333333334,0.6037735849056604,1898.8,0.8666666666666667,0.09306569343065693,0.029556650246305417,8.093750044703484,16.0,4.3133333086967465,-2.2937500397364294,46,3,0,6.069027786122429,
4686612,Tre' Harris,Wide Receiver,2025,Chargers,24,Active,75.0,210.0,24,2025.0,2.0,55.0,16,18,69.40000009536743,4.3375000059604645,2.7847514,6.149999976158142,0,0,0,0,0,,,,2,10,0,5.0,0.0,43,30,324,1,0.6976744186046512,7.534883720930233,10.8,0,0,64.375,5.187500029802322,10.4375,0.4727272727272727,1958.9375,1.1875,0.08022388059701492,0.004555808656036446,,,,,16,1,1,4.3375000059604645,
4686728,Gunnar Helm,Tight End,2025,Titans,10,Active,77.0,241.0,23,2025.0,4.0,120.0,16,17,91.70000040531158,5.731250025331974,3.8619494,5.174999922513962,0,0,0,0,0,,,,0,0,0,,,55,44,357,2,0.8,6.490909090909091,8.113636363636363,0,0,59.4375,4.418749988079071,10.8125,0.5625,1756.3125,1.125,0.10242085661080075,0.0,,,,,16,1,1,5.731250025331974,
4688380,Cam Ward,Quarterback,2025,Titans,10,Active,74.0,219.0,24,2025.0,1.0,1.0,17,18,216.66000318527225,12.744706069721897,6.3712144,17.8100004196167,540,323,3169,15,7,5.868518518518519,0.5981481481481481,0.0277777777777777,39,159,2,4.076923076923077,0.0512820512820512,0,0,0,0,,,,11,7,59.05882352941177,4.376470579820521,10.764705882352942,0.5757575757575758,1748.1176470588234,1.1176470588235294,0.0,0.10317460317460317,,,,,17,1,1,12.744706069721897,
4688552,Keleki Latu,Tight End,2025,Bills,2,Active,78.0,249.0,23,,,,2,18,7.4999998807907104,3.7499999403953552,2.35,3.7499999403953552,0,0,0,0,0,,,,0,0,0,,,4,4,35,0,1.0,8.75,8.75,0,0,62.5,7.150000095367432,10.0,0.8,1896.5,1.5,0.06779661016949153,0.0,,,,,2,1,1,3.7499999403953552,
4688813,Josh Downs,Wide Receiver,2025,Colts,11,Active,69.0,171.0,24,2023.0,3.0,79.0,16,18,136.4000015258789,8.525000095367432,4.3592567,9.27500021457672,0,0,0,0,0,,,,2,-2,0,-1.0,0.0,88,58,566,4,0.6590909090909091,6.431818181818182,9.758620689655173,1,1,60.0,5.700000017881393,10.25,0.639344262295082,1792.625,1.4375,0.17153996101364521,0.00477326968973747,13.107142840112958,14.0,9.241176464978386,-4.582142744745527,47,3,0,10.291106466819592,
4689114,Jaxson Dart,Quarterback,2025,Giants,19,Active,74.0,223.0,23,2025.0,1.0,25.0,14,18,269.57999851182103,19.255714179415783,11.105386,18.909999732859436,339,216,2272,15,5,6.702064896755163,0.6371681415929203,0.0442477876106194,86,487,9,5.662790697674419,0.1046511627906976,0,0,0,0,,,,5,2,62.642857142857146,5.1642857279096335,10.142857142857142,0.4897959183673469,1812.071428571429,1.0,0.0,0.20924574209245742,,,,,14,1,1,19.255714179415783,
4689334,Malik Heath,Wide Receiver,2025,Packers,9,Free Agent,74.0,213.0,26,,,,5,13,14.59999978542328,2.919999957084656,2.111303,2.4749999940395355,0,0,0,0,0,,,,0,0,0,,,7,6,86,0,0.8571428571428571,12.285714285714286,14.333333333333334,0,0,65.6,6.339999961853027,10.2,0.6363636363636364,1906.2,0.6,0.03932584269662921,0.0,6.340000104904175,5.0,2.7916667064030967,-3.4200001478195188,22,3,0,4.017222256130643,
4689988,Jason Brownlee,Wide Receiver,2025,Chiefs,12,Active,75.0,202.0,27,,,,1,1,0.0,0.0,0.0,0.0,0,0,0,0,0,,,,0,0,0,,,1,0,0,0,0.0,0.0,,0,0,58.0,6.0,8.0,0.3333333333333333,1636.0,0.0,0.02564102564102564,0.0,4.150000095367432,4.0,,-4.150000095367432,5,2,0,2.075000047683716,
4690013,Rasheen Ali,Running Back,2025,Ravens,33,Active,71.0,210.0,25,2024.0,5.0,165.0,8,18,24.199999809265137,3.024999976158142,3.2633379,4.049999952316284,0,0,0,0,0,,,,7,24,0,3.4285714285714284,0.0,11,9,68,1,0.8181818181818182,6.181818181818182,7.555555555555555,0,0,57.5,6.637500047683716,10.375,0.44,1710.625,1.75,0.06077348066298342,0.027131782945736434,0.7750000096857548,4.0,,2.2499999664723873,12,2,0,1.8999999929219484,
4690070,Mitchell Tinsley,Wide Receiver,2025,Bengals,4,Active,73.0,205.0,26,,,,8,16,31.5999995470047,3.949999943375588,3.6155913,4.424999833106995,0,0,0,0,0,,,,0,0,0,,,24,8,116,2,0.3333333333333333,4.833333333333333,14.5,0,0,62.375,5.087499976158142,11.25,0.5833333333333334,1798.5,1.875,0.08,0.0,,,,,8,1,1,3.949999943375588,
4690143,LaJohntay Wester,Wide Receiver,2025,Ravens,33,Active,69.0,170.0,24,2025.0,6.0,203.0,2,11,-2.0,-1.0,1.0,-1.0,0,0,0,0,0,,,,0,0,0,,,0,0,0,0,,,,2,1,63.0,5.350000143051148,12.5,0.3333333333333333,1967.0,1.5,0.0,0.0,,,,,2,1,1,-1.0,
4690923,Ben Sinnott,Tight End,2025,Commanders,28,Active,76.0,245.0,23,2024.0,2.0,53.0,8,18,28.40000009536743,3.550000011920929,2.0560884,3.574999988079071,0,0,0,0,0,,,,0,0,0,,,13,11,114,1,0.8461538461538461,8.76923076923077,10.363636363636363,0,0,53.75,5.100000023841858,9.625,0.631578947368421,1636.125,1.25,0.06341463414634146,0.0,3.4500001072883606,4.0,,0.09999990463256836,12,2,0,3.5000000596046448,
4692590,Jalin Hyatt,Wide Receiver,2025,Giants,19,Active,72.0,185.0,24,2023.0,3.0,73.0,5,15,8.499999761581421,1.699999952316284,2.101428,2.1249999403953552,0,0,0,0,0,,,,0,0,0,,,14,5,35,0,0.3571428571428571,2.5,7.0,0,0,68.4,5.3,10.6,0.7222222222222222,1897.6,1.8,0.08484848484848485,0.0,1.4200000047683716,10.0,4.638461479773889,0.27999994754791246,28,3,0,2.5861538122861814,
4692835,Jalen Brooks,Wide Receiver,2025,Cardinals,22,Active,74.0,205.0,26,2023.0,7.0,244.0,2,15,6.099999785423279,3.0499998927116394,2.1499996,3.0499998927116394,0,0,0,0,0,,,,0,0,0,,,6,3,51,0,0.5,8.5,17.0,1,1,62.0,5.0,10.5,0.5714285714285714,1579.0,1.5,0.07142857142857142,0.0,2.9749999741713204,12.0,4.133333404858907,0.07499991854031895,17,3,0,3.386111090580622,
4695193,Efton Chism III,Wide Receiver,2025,Patriots,17,Active,70.0,198.0,24,,,,2,18,16.5,8.25,3.75,8.25,0,0,0,0,0,,,,0,0,0,,,3,3,75,1,1.0,25.0,25.0,0,0,59.0,7.649999856948851,11.0,0.9,1882.0,0.0,0.06382978723404255,0.0,,,,,2,1,1,8.25,
4695404,Isaiah Davis,Running Back,2025,Jets,20,Active,73.0,220.0,24,2024.0,5.0,173.0,15,17,69.19999939203262,4.613333292802175,4.7017536,7.175000011920929,0,0,0,0,0,,,,43,236,1,5.488372093023256,0.0232558139534883,28,21,186,0,0.75,6.642857142857143,8.857142857142858,0,0,60.06666666666667,4.479999979337056,11.0,0.4117647058823529,1722.8,1.4,0.06422018348623854,0.1048780487804878,5.099999970859951,9.0,,-0.48666667805777575,24,2,0,4.856666631831063,
4695883,Jalen Coker,Wide Receiver,2025,Panthers,29,Active,75.0,213.0,24,,,,11,18,88.39999949932098,8.036363590847362,5.524701,10.50000011920929,0,0,0,0,0,,,,0,0,0,,,43,33,394,3,0.7674418604651163,9.16279069767442,11.93939393939394,1,1,56.72727272727273,4.818181883205067,9.727272727272728,0.4615384615384615,1716.3636363636365,1.2727272727272727,0.13870967741935483,0.0,8.414545384320347,11.0,,-0.37818179347298475,22,2,0,8.225454487583853,
4696700,Tip Reiman,Tight End,2025,Cardinals,22,Active,77.0,271.0,24,2024.0,3.0,82.0,3,5,4.799999952316284,1.599999984105428,1.1775681,1.599999984105428,0,0,0,0,0,,,,0,0,0,,,5,3,18,0,0.6,3.6,6.0,0,0,63.0,4.733333269755046,10.333333333333334,0.6,2021.6666666666667,1.0,0.052083333333333336,0.0,1.9400000095367431,5.0,,-0.34000002543131513,8,2,0,1.7699999968210856,
4696882,Devontez Walker,Wide Receiver,2025,Ravens,33,Active,73.0,198.0,24,2024.0,4.0,113.0,5,18,37.600000858306885,7.520000171661377,6.1143765,5.2500001192092896,0,0,0,0,0,,,,0,0,0,,,8,6,136,3,0.75,17.0,22.666666666666668,0,0,54.0,5.659999942779541,11.2,0.5333333333333333,1604.6,1.4,0.06153846153846154,0.0,4.550000190734863,2.0,,2.969999980926514,7,2,0,6.03500018119812,
4696981,Cam Skattebo,Running Back,2025,Giants,19,Active,71.0,215.0,24,2025.0,4.0,105.0,8,8,125.69999933242798,15.712499916553496,8.179918,18.449999809265137,0,0,0,0,0,,,,101,410,5,4.05940594059406,0.0495049504950495,32,24,207,2,0.75,6.46875,8.625,1,1,64.125,5.062500029802322,10.25,0.4814814814814814,1849.25,1.125,0.12598425196850394,0.43162393162393164,,,,,8,1,1,15.712499916553496,
4697815,Rachaad White,Running Back,2025,Buccaneers,27,Active,72.0,214.0,27,2022.0,3.0,91.0,17,18,143.00000071525574,8.41176474795622,5.3338966,5.349999964237213,0,0,0,0,0,,,,132,572,4,4.333333333333333,0.0303030303030303,45,40,218,0,0.8888888888888888,4.844444444444444,5.45,0,0,62.8235294117647,5.123529434204102,10.764705882352942,0.54,1913.4117647058824,0.9411764705882352,0.08064516129032258,0.2796610169491525,13.306666707992552,15.0,15.758823422824635,-4.894901960036332,65,4,0,11.542751219716635,
4700712,Cam Grandy,Tight End,2025,Bengals,4,Active,77.0,253.0,26,,,,2,16,2.700000047683716,1.350000023841858,0.25,1.350000023841858,0,0,0,0,0,,,,0,0,0,,,2,2,7,0,1.0,3.5,3.5,1,0,56.5,4.9999998807907104,12.5,1.0,1818.0,2.5,0.03333333333333333,0.0,1.9500000178813932,4.0,,-0.5999999940395353,6,2,0,1.6500000208616257,
4701936,Matthew Golden,Wide Receiver,2025,Packers,9,Active,71.0,191.0,22,2025.0,1.0,23.0,14,18,70.00000038743019,5.000000027673585,4.1443596,3.225000001490116,0,0,0,0,0,,,,10,49,0,4.9,0.0,44,29,361,0,0.6590909090909091,8.204545454545455,12.448275862068966,0,0,58.5,5.785714268684387,9.714285714285714,0.5576923076923077,1768.142857142857,0.7857142857142857,0.10972568578553615,0.02544529262086514,,,,,14,1,1,5.000000027673585,
4708486,Jimmy Horn Jr.,Wide Receiver,2025,Panthers,29,Active,68.0,174.0,23,2025.0,6.0,208.0,10,18,28.699999690055847,2.8699999690055846,1.6444141,2.400000035762787,0,0,0,0,0,,,,8,69,0,8.625,0.0,15,11,108,0,0.7333333333333333,7.2,9.818181818181818,0,0,56.6,5.000000071525574,9.6,0.5384615384615384,1673.4,1.5,0.05454545454545454,0.02952029520295203,,,,,10,1,1,2.8699999690055846,
4710855,Konata Mumpfield,Wide Receiver,2025,Rams,14,Active,73.0,188.0,23,2025.0,7.0,242.0,9,18,25.20000004768372,2.8000000052981906,2.7704792,2.5,0,0,0,0,0,,,,0,0,0,,,23,10,92,1,0.4347826086956521,4.0,9.2,0,0,65.77777777777777,6.077777756585015,10.88888888888889,0.65,1908.111111111111,0.5555555555555556,0.0705521472392638,0.0,,,,,9,1,1,2.8000000052981906,
4711533,Ollie Gordon II,Running Back,2025,Dolphins,15,Active,74.0,225.0,22,2025.0,6.0,179.0,16,18,54.10000015050173,3.381250009406358,4.268229,2.424999928101897,0,0,0,0,0,,,,70,199,3,2.842857142857143,0.0428571428571428,9,7,32,1,0.7777777777777778,3.555555555555556,4.571428571428571,0,0,55.9375,5.393749952316284,10.3125,0.5777777777777777,1741.1875,1.5,0.019693654266958426,0.17412935323383086,,,,,16,1,1,3.381250009406358,
4715355,Darius Cooper,Wide Receiver,2025,Eagles,21,Active,71.0,210.0,24,,,,5,18,18.200000405311584,3.640000081062317,1.7385055,3.875000089406967,0,0,0,0,0,,,,0,0,0,,,11,9,92,0,0.8181818181818182,8.363636363636363,10.22222222222222,0,0,61.2,5.140000057220459,10.8,0.6,1805.0,1.6,0.06707317073170732,0.0,,,,,5,1,1,3.640000081062317,
4722893,Jaleel McLaughlin,Running Back,2025,Broncos,7,Active,67.0,187.0,25,,,,8,18,31.399999767541885,3.924999970942736,2.6508253,3.725000061094761,0,0,0,0,0,,,,37,187,1,5.054054054054054,0.027027027027027,6,4,27,0,0.6666666666666666,4.5,6.75,0,0,64.75,5.225000083446503,10.375,0.5,1970.125,0.75,0.020477815699658702,0.17452830188679244,6.075000032782555,16.0,6.235294024733936,-2.1500000618398185,41,3,0,5.4117646761530755,
4722908,Drew Ogletree,Tight End,2025,Colts,11,Active,77.0,260.0,27,2022.0,6.0,192.0,4,16,12.700000047683716,3.175000011920929,3.345426,3.175000011920929,0,0,0,0,0,,,,0,0,0,,,6,4,27,1,0.6666666666666666,4.5,6.75,0,0,52.75,6.025000095367432,10.25,0.6428571428571429,1546.0,0.5,0.048,0.0,2.354545463215221,11.0,3.5700000286102296,0.8204545487057078,25,3,0,3.033181834582127,
4723086,Colston Loveland,Tight End,2025,Bears,3,Active,78.0,241.0,22,2025.0,1.0,10.0,16,18,165.09999918937683,10.318749949336052,8.2301445,15.650000095367432,0,0,0,0,0,,,,1,-2,0,-2.0,0.0,82,58,713,6,0.7073170731707317,8.695121951219512,12.29310344827586,0,0,64.9375,5.8062500059604645,10.875,0.6078431372549019,1850.375,0.625,0.1527001862197393,0.0020876826722338203,,,,,16,1,1,10.318749949336052,
4808766,Mason Taylor,Tight End,2025,Jets,20,Active,77.0,251.0,22,2025.0,2.0,42.0,13,14,86.89999973773956,6.6846153644415045,4.6784024,6.575000047683716,0,0,0,0,0,,,,0,0,0,,,65,44,369,1,0.676923076923077,5.676923076923077,8.386363636363637,0,0,59.23076923076923,4.553846130004296,11.0,0.4838709677419355,1701.3076923076924,1.3076923076923077,0.17567567567567569,0.0,,,,,13,1,1,6.6846153644415045,
4808839,Isaiah Bond,Wide Receiver,2025,Browns,5,Active,71.0,180.0,22,,,,15,18,54.70000010728836,3.646666673819224,3.0970664,4.549999892711639,0,0,0,0,0,,,,5,29,0,5.8,0.0,44,18,338,0,0.4090909090909091,7.681818181818182,18.77777777777778,0,0,60.46666666666667,4.37999997138977,11.466666666666669,0.5151515151515151,1729.3333333333333,1.6666666666666667,0.08661417322834646,0.014044943820224719,,,,,15,1,1,3.646666673819224,
4819231,Kaleb Johnson,Running Back,2025,Steelers,23,Active,73.0,224.0,22,2025.0,3.0,83.0,10,15,8.80000003427267,0.880000003427267,0.86232245,0.6500000059604645,0,0,0,0,0,,,,28,69,0,2.4642857142857144,0.0,2,1,9,0,0.5,4.5,9.0,1,0,55.1,5.050000023841858,10.5,0.5806451612903226,1624.3,0.8,0.006688963210702341,0.1206896551724138,,,,,10,1,1,0.880000003427267,
4874509,DJ Giddens,Running Back,2025,Colts,11,Active,72.0,212.0,22,2025.0,5.0,151.0,5,18,9.599999964237211,1.9199999928474427,1.5689486,1.3750000149011612,0,0,0,0,0,,,,26,96,0,3.692307692307693,0.0,2,0,0,0,0.0,0.0,,0,0,62.2,6.219999980926514,9.0,0.5769230769230769,1894.2,0.6,0.012903225806451613,0.16993464052287582,,,,,5,1,1,1.9199999928474427,
4876006,Zaire Mitchell-Paden,Tight End,2025,Saints,18,Active,77.0,257.0,26,,,,3,10,3.700000047683716,1.2333333492279053,0.9809292,1.2333333492279053,0,0,0,0,0,,,,0,0,0,,,3,2,17,0,0.6666666666666666,5.666666666666667,8.5,0,0,53.333333333333336,5.199999968210856,10.0,0.5,1699.6666666666667,1.3333333333333333,0.03896103896103896,0.0,,,,,3,1,1,1.2333333492279053,
4877203,Gage Larvadain,Wide Receiver,2025,Browns,5,Active,68.0,171.0,23,,,,7,15,12.399999678134918,1.7714285254478457,1.6359482,1.9749999642372127,0,0,0,0,0,,,,1,3,0,3.0,0.0,14,7,71,0,0.5,5.071428571428571,10.142857142857142,4,1,59.142857142857146,4.114285707473755,11.428571428571429,0.4666666666666667,1677.7142857142858,1.4285714285714286,0.05982905982905983,0.006329113924050633,,,,,7,1,1,1.7714285254478457,
4877706,Jayden Higgins,Wide Receiver,2025,Texans,34,Active,76.0,215.0,23,2025.0,2.0,34.0,17,18,129.49999833106995,7.617646960651173,5.210196,7.799999862909317,0,0,0,0,0,,,,0,0,0,,,68,41,525,6,0.6029411764705882,7.720588235294118,12.804878048780488,0,0,64.0,5.100000044878791,11.352941176470589,0.4629629629629629,1908.8235294117649,0.7058823529411765,0.11683848797250859,0.0,,,,,17,1,1,7.617646960651173,
4878878,Amar Johnson,Running Back,2025,Chargers,24,Active,70.0,205.0,23,,,,1,11,0.800000011920929,0.800000011920929,0.0,0.800000011920929,0,0,0,0,0,,,,2,8,0,4.0,0.0,1,0,0,0,0.0,0.0,,0,0,45.0,3.0,9.0,0.0,1325.0,1.0,0.038461538461538464,0.125,,,,,1,1,1,0.800000011920929,
4882093,Bhayshul Tuten,Running Back,2025,Jaguars,30,Active,69.0,209.0,23,2025.0,4.0,104.0,15,18,88.60000026226044,5.906666684150696,4.751345,6.25,0,0,0,0,0,,,,83,307,5,3.6987951807228914,0.0602409638554216,14,10,79,2,0.7142857142857143,5.642857142857143,7.9,2,1,63.8,5.273333358764648,11.133333333333333,0.6206896551724138,1909.8666666666663,1.0666666666666669,0.02857142857142857,0.19168591224018475,,,,,15,1,1,5.906666684150696,
4883647,Elic Ayomanor,Wide Receiver,2025,Titans,10,Active,74.0,206.0,23,2025.0,4.0,136.0,16,18,116.49999976158142,7.281249985098839,4.1046047,8.300000011920929,0,0,0,0,0,,,,0,0,0,,,89,41,515,4,0.4606741573033708,5.786516853932584,12.560975609756095,0,0,58.5,4.374999985098839,10.9375,0.5666666666666667,1717.0625,1.1875,0.16856060606060605,0.0,,,,,16,1,1,7.281249985098839,
4887558,Emanuel Wilson,Running Back,2025,Packers,9,Active,70.0,226.0,27,,,,16,18,92.49999997019768,5.781249998137355,6.659037,4.42500002682209,0,0,0,0,0,,,,125,496,3,3.968,0.024,17,15,99,0,0.8823529411764706,5.823529411764706,6.6,1,0,59.1875,5.562499985098839,9.625,0.5636363636363636,1778.25,0.8125,0.03711790393013101,0.27056277056277056,5.64705884106019,17.0,2.959999990463257,0.134191157077165,38,3,0,4.796102943220267,
4889929,Quinn Ewers,Quarterback,2025,Dolphins,15,Active,74.0,209.0,23,2025.0,7.0,231.0,4,18,39.18000078201294,9.795000195503237,6.467787,9.795000195503237,83,55,622,3,3,7.493975903614458,0.6626506024096386,0.036144578313253,8,19,0,2.375,0.0,1,1,-6,0,1.0,-6.0,-6.0,3,0,55.75,4.824999928474426,11.5,0.4,1707.0,2.25,0.009259259259259259,0.0761904761904762,,,,,4,1,1,9.795000195503237,
4890973,Ashton Jeanty,Running Back,2025,Raiders,13,Active,68.0,208.0,22,2025.0,1.0,6.0,17,18,245.0999984741211,14.417646969065949,8.4259615,15.424999713897703,0,0,0,0,0,,,,266,975,5,3.6654135338345855,0.018796992481203,73,55,346,5,0.7534246575342466,4.739726027397261,6.290909090909091,2,1,55.76470588235294,4.352941204519833,10.705882352941176,0.5,1682.8823529411766,1.3529411764705883,0.141747572815534,0.7208672086720868,,,,,17,1,1,14.417646969065949,
4911851,LeQuint Allen Jr.,Running Back,2025,Jaguars,30,Active,72.0,201.0,21,2025.0,7.0,236.0,15,17,24.799999609589577,1.6533333073059715,0.9680676,1.6749999672174454,0,0,0,0,0,,,,23,94,0,4.086956521739131,0.0,11,10,54,0,0.9090909090909092,4.909090909090909,5.4,0,0,65.4,5.21333335240682,11.333333333333334,0.5901639344262295,1927.7333333333331,1.0666666666666669,0.021739130434782608,0.05239179954441914,,,,,15,1,1,1.6533333073059715,
4912274,Sione Vaki,Running Back,2025,Lions,8,Active,71.0,216.0,24,2024.0,4.0,132.0,1,10,0.4000000059604645,0.4000000059604645,0.0,0.4000000059604645,0,0,0,0,0,,,,1,4,0,4.0,0.0,0,0,0,0,,,,0,0,68.0,8.0,9.0,0.6666666666666666,1956.0,0.0,0.0,0.030303030303030304,2.0250000059604645,4.0,,-1.625,5,2,0,1.2125000059604645,
5081397,Dylan Sampson,Running Back,2025,Browns,5,Active,68.0,200.0,21,2025.0,4.0,126.0,15,18,87.59999990463257,5.839999993642171,5.40824,6.050000011920929,0,0,0,0,0,,,,65,175,0,2.6923076923076925,0.0,40,33,271,2,0.825,6.775,8.212121212121213,1,1,60.66666666666666,4.373333311080932,11.533333333333331,0.5454545454545454,1742.5333333333333,1.3333333333333333,0.08113590263691683,0.17379679144385027,,,,,15,1,1,5.839999993642171,
5082630,Jalen Royals,Wide Receiver,2025,Chiefs,12,Active,72.0,195.0,23,2025.0,4.0,133.0,1,18,2.400000095367432,2.400000095367432,0.0,2.400000095367432,0,0,0,0,0,,,,0,0,0,,,3,2,4,0,0.6666666666666666,1.3333333333333333,2.0,0,0,62.0,2.700000047683716,15.0,0.0,1756.0,2.0,0.0967741935483871,0.0,,,,,1,1,1,2.400000095367432,
5083076,Harold Fannin Jr.,Tight End,2025,Browns,5,Active,76.0,241.0,21,2025.0,3.0,67.0,16,17,186.39999961853027,11.649999976158142,5.5471787,16.97499990463257,0,0,0,0,0,,,,7,13,1,1.8571428571428568,0.1428571428571428,107,72,731,6,0.6728971962616822,6.831775700934579,10.15277777777778,1,1,61.125,4.362499982118607,11.625,0.5405405405405406,1776.4375,1.5,0.19962686567164178,0.017632241813602016,,,,,16,1,1,11.649999976158142,
5083297,Jacoby Jones,Wide Receiver,2025,Commanders,28,Active,75.0,228.0,24,,,,1,11,3.5,3.5,0.0,3.5,0,0,0,0,0,,,,0,0,0,,,1,1,25,0,1.0,25.0,25.0,0,0,64.0,5.900000095367432,8.0,0.0,1956.0,2.0,0.03333333333333333,0.0,,,,,1,1,1,3.5,
5083754,Ryan Flournoy,Wide Receiver,2025,Cowboys,6,Active,73.0,200.0,26,2024.0,6.0,216.0,13,18,113.99999976158142,8.769230750890879,6.78453,14.025000095367432,0,0,0,0,0,,,,4,25,0,6.25,0.0,56,40,475,4,0.7142857142857143,8.482142857142858,11.875,0,0,64.0,6.0,10.307692307692308,0.5094339622641509,1804.3076923076924,1.4615384615384617,0.11889596602972399,0.011764705882352941,2.6000000004257475,7.0,,6.169230750465131,20,2,0,5.684615375658313,
5097554,Kameron Johnson,Wide Receiver,2025,Buccaneers,27,Active,70.0,170.0,24,,,,6,15,17.699999645352364,2.9499999408920607,6.027644,0.2750000059604645,0,0,0,0,0,,,,2,13,0,6.5,0.0,7,4,64,1,0.5714285714285714,9.142857142857142,16.0,2,0,61.66666666666666,5.600000023841858,11.166666666666666,0.7058823529411765,1817.3333333333333,0.6666666666666666,0.03286384976525822,0.013888888888888888,0.3666666746139526,3.0,,2.583333266278108,9,2,0,1.6583333077530067,
5123663,Isaac TeSlaa,Wide Receiver,2025,Lions,8,Active,76.0,214.0,24,2025.0,3.0,70.0,14,18,75.8999993801117,5.421428527150836,5.402404,7.974999845027924,0,0,0,0,0,,,,0,0,0,,,27,16,239,6,0.5925925925925926,8.851851851851851,14.9375,0,0,63.71428571428572,6.150000010217939,11.071428571428571,0.625,1845.571428571429,0.9285714285714286,0.05521472392638037,0.0,,,,,14,1,1,5.421428527150836,
5155825,Carter Runyon,Tight End,2025,Raiders,13,Active,76.0,243.0,24,,,,1,7,1.2999999523162842,1.2999999523162842,0.0,1.2999999523162842,0,0,0,0,0,,,,0,0,0,,,1,1,3,0,1.0,3.0,3.0,0,0,30.0,3.200000047683716,10.0,,1072.0,1.0,0.05555555555555555,0.0,,,,,1,1,1,1.2999999523162842,
5160110,Jahdae Walker,Wide Receiver,2025,Bears,3,Active,75.0,206.0,23,,,,3,18,26.700000762939453,8.90000025431315,2.8248897,8.90000025431315,0,0,0,0,0,,,,0,0,0,,,10,6,87,2,0.6,8.7,14.5,0,0,58.66666666666666,6.266666571299235,8.666666666666666,0.5,1538.3333333333333,0.3333333333333333,0.09174311926605505,0.0,,,,,3,1,1,8.90000025431315,
5178972,Jakobie Keeney-James,Wide Receiver,2025,Packers,9,Active,72.0,190.0,25,,,,1,18,3.5,3.5,0.0,3.5,0,0,0,0,0,,,,0,0,0,,,2,2,15,0,1.0,7.5,7.5,0,0,50.0,2.400000095367432,10.0,0.0,1590.0,0.0,0.18181818181818182,0.0,,,,,1,1,1,3.5,
