player_id,player_name,position,season,team_name,team_id,status,height,weight,age,draft_year,draft_round,draft_selection,games_played,last_week_played,total_fantasy_points,ppg,ppg_stddev,ppg_last4,pass_att,pass_cmp,pass_yds,pass_td,pass_int,yds_per_att,completion_pct,pass_td_rate,rush_att,rush_yds,rush_td,yds_per_carry,rush_td_rate,total_targets,total_receptions,rec_yds,rec_td,catch_rate,yds_per_target,yds_per_reception,total_fumbles,total_fumbles_lost,team_plays_pg,team_yards_per_play,team_drives_pg,team_rz_conv_rate,team_possession_secs,team_turnovers_pg,adp
5529,Philip Rivers,Quarterback,2025,Colts,11,Inactive,77.0,228.0,44,2004.0,1.0,4.0,3,17,39.65999984741211,13.21999994913737,5.572241,13.21999994913737,92,58,544,4,3,5.913043478260869,0.6304347826086957,0.0434782608695652,2,-1,0,-0.5,0.0,0,0,0,0,,,,2,0,57.0,4.300000031789144,10.333333333333334,0.8333333333333334,1713.6666666666667,1.6666666666666667,
8439,Aaron Rodgers,Quarterback,2025,Steelers,23,Active,74.0,223.0,42,2005.0,1.0,24.0,16,18,273.079998254776,17.0674998909235,7.9931383,16.395000100135803,498,327,3322,24,7,6.670682730923695,0.6566265060240963,0.0481927710843373,21,61,1,2.9047619047619047,0.0476190476190476,1,1,-9,0,1.0,-9.0,-9.0,4,1,57.4375,5.23750002682209,10.4375,0.5625,1687.4375,0.8125,
11252,Joe Flacco,Quarterback,2025,Bengals,4,Active,78.0,245.0,41,2008.0,1.0,18.0,13,18,172.65999983251095,13.281538448654688,12.149909,3.2849999628961086,416,251,2479,15,10,5.959134615384615,0.6033653846153846,0.0360576923076923,21,35,1,1.6666666666666667,0.0476190476190476,0,0,0,0,,,,3,3,65.23076923076923,5.369230765562791,10.76923076923077,0.7142857142857143,1862.2307692307693,1.2307692307692308,
12483,Matthew Stafford,Quarterback,2025,Rams,14,Active,75.0,214.0,38,2009.0,1.0,1.0,17,18,442.3800058364868,26.022353284499225,8.637163,28.30500030517578,597,388,4707,46,8,7.884422110552764,0.6499162479061976,0.0770519262981574,29,1,0,0.0344827586206896,0.0,0,0,0,0,,,,7,3,63.88235294117647,6.147058795480167,10.647058823529411,0.631578947368421,1845.764705882353,0.8823529411764706,
14012,Andy Dalton,Quarterback,2025,Panthers,29,Active,74.0,220.0,38,2011.0,2.0,35.0,4,8,11.519999764859676,2.879999941214919,3.2444108,2.879999941214919,37,25,293,1,1,7.918918918918919,0.6756756756756757,0.027027027027027,5,-2,0,-0.4,0.0,0,0,0,0,,,,2,2,62.25,4.375,10.5,0.6,1931.25,1.0,
14163,Tyrod Taylor,Quarterback,2025,Jets,20,Active,73.0,217.0,36,2011.0,6.0,180.0,6,14,69.46000099182129,11.576666831970217,9.115434,9.610000133514404,134,80,779,5,5,5.813432835820896,0.5970149253731343,0.0373134328358208,27,143,1,5.296296296296297,0.037037037037037,0,0,0,0,,,,1,1,57.833333333333336,4.0,11.166666666666666,0.4615384615384615,1535.6666666666667,1.6666666666666667,
14880,Kirk Cousins,Quarterback,2025,Falcons,1,Active,75.0,209.0,37,2012.0,4.0,102.0,10,18,123.5399967432022,12.35399967432022,9.550576,19.20999956130981,269,166,1721,10,5,6.397769516728625,0.6171003717472119,0.037174721189591,14,7,1,0.5,0.0714285714285714,0,0,0,0,,,,3,1,61.0,5.280000019073486,10.9,0.6538461538461539,1754.2,1.4,
14881,Russell Wilson,Quarterback,2025,Giants,19,Free Agent,71.0,206.0,37,2012.0,3.0,75.0,6,10,55.83999902009964,9.30666650334994,12.62783,2.1049999743700027,119,69,831,3,3,6.983193277310924,0.5798319327731093,0.0252100840336134,18,106,0,5.888888888888889,0.0,0,0,0,0,,,,3,0,65.66666666666667,5.233333309491475,10.333333333333334,0.3636363636363636,1891.0,0.6666666666666666,
15795,DeAndre Hopkins,Wide Receiver,2025,Ravens,33,Free Agent,73.0,210.0,34,2013.0,1.0,27.0,17,18,66.99999952316284,3.941176442538991,4.043304,3.075000047683716,0,0,0,0,0,,,,0,0,0,,,39,22,330,2,0.5641025641025641,8.461538461538462,15.0,0,0,57.294117647058826,5.917647081262925,10.470588235294118,0.4745762711864407,1751.1764705882354,1.3529411764705883,
15818,Keenan Allen,Wide Receiver,2025,Chargers,24,Free Agent,74.0,211.0,34,2013.0,3.0,76.0,17,18,182.6999990940094,10.747058770235848,6.6026835,7.825000107288361,0,0,0,0,0,,,,0,0,0,,,122,81,777,4,0.6639344262295082,6.368852459016393,9.592592592592592,2,0,64.41176470588235,5.188235310947194,10.352941176470589,0.4736842105263157,1964.8235294117649,1.2352941176470589,
15835,Zach Ertz,Tight End,2025,Commanders,28,Free Agent,77.0,250.0,35,2013.0,2.0,35.0,13,14,124.39999914169312,9.569230703207165,5.9641733,10.074999928474426,0,0,0,0,0,,,,0,0,0,,,72,50,504,4,0.6944444444444444,7.0,10.08,1,0,59.76923076923077,5.5,9.615384615384617,0.6571428571428571,1733.4615384615386,1.3846153846153846,
15847,Travis Kelce,Tight End,2025,Chiefs,12,Active,77.0,250.0,36,2013.0,3.0,63.0,17,18,191.20000064373016,11.247058861395892,6.2084484,7.10000005364418,0,0,0,0,0,,,,1,1,0,1.0,0.0,108,76,851,5,0.7037037037037037,7.87962962962963,11.197368421052632,1,0,62.41176470588236,5.052941154031193,10.0,0.576271186440678,1809.2941176470588,0.8823529411764706,
15864,Geno Smith,Quarterback,2025,Raiders,13,Active,74.0,221.0,35,2013.0,2.0,39.0,15,17,209.89999914169312,13.993333276112876,8.82272,13.55500030517578,448,302,3025,19,17,6.752232142857143,0.6741071428571429,0.0424107142857142,41,109,0,2.658536585365854,0.0,0,0,0,0,,,,4,1,56.333333333333336,4.593333371480306,10.666666666666666,0.5294117647058824,1702.0,1.3333333333333333,
16460,Adam Thielen,Wide Receiver,2025,Steelers,23,Inactive,74.0,195.0,35,,,,14,18,37.59999966621399,2.685714261872428,2.648681,5.324999988079071,0,0,0,0,0,,,,0,0,0,,,35,19,186,0,0.5428571428571428,5.314285714285714,9.789473684210526,0,0,58.5,5.185714295932224,10.571428571428571,0.4883720930232558,1722.7857142857142,1.3571428571428572,
16728,Teddy Bridgewater,Quarterback,2025,Buccaneers,27,Active,74.0,212.0,33,2014.0,1.0,32.0,3,12,2.8799999207258224,0.959999973575274,1.4990664,0.959999973575274,15,8,62,0,0,4.133333333333334,0.5333333333333333,0.0,3,4,0,1.3333333333333333,0.0,0,0,0,0,,,,0,0,67.0,4.033333381017049,12.666666666666666,0.375,1905.3333333333333,2.0,
16731,Brandin Cooks,Wide Receiver,2025,Bills,2,Free Agent,70.0,189.0,32,2014.0,1.0,20.0,13,17,51.89999961853027,3.992307662963867,3.4991124,4.100000083446503,0,0,0,0,0,,,,0,0,0,,,36,24,279,0,0.6666666666666666,7.75,11.625,0,0,62.46153846153846,4.8692307472229,10.153846153846152,0.525,1739.5384615384614,1.3076923076923077,
16737,Mike Evans,Wide Receiver,2025,Buccaneers,27,Active,77.0,231.0,32,2014.0,1.0,7.0,8,18,84.80000257492065,10.600000321865082,5.424481,12.700000405311584,0,0,0,0,0,,,,0,0,0,,,61,30,368,3,0.4918032786885246,6.032786885245901,12.266666666666667,0,0,63.625,5.037499994039536,10.375,0.5454545454545454,1910.625,1.0,
16760,Jimmy Garoppolo,Quarterback,2025,Rams,14,Free Agent,74.0,225.0,34,2014.0,2.0,62.0,3,18,-1.0000000298023224,-0.3333333432674408,0.04714043,-0.3333333432674408,0,0,0,0,0,,,,9,-10,0,-1.1111111111111112,0.0,0,0,0,0,,,,0,0,67.0,5.933333396911621,11.0,0.75,1980.3333333333333,0.0,
16800,Davante Adams,Wide Receiver,2025,Rams,14,Active,73.0,204.0,33,2014.0,2.0,53.0,14,15,222.9000029563904,15.921428782599312,6.5905914,15.75000011920929,0,0,0,0,0,,,,0,0,0,,,114,60,789,14,0.5263157894736842,6.921052631578948,13.15,0,0,61.785714285714285,6.171428544180734,10.428571428571429,0.6666666666666666,1799.928571428571,0.8571428571428571,
2310331,Tyler Johnson,Wide Receiver,2025,Jets,20,Active,73.0,208.0,27,2020.0,5.0,161.0,9,17,37.69999933242798,4.18888881471422,4.920128,4.599999904632568,0,0,0,0,0,,,,0,0,0,,,18,12,197,1,0.6666666666666666,10.944444444444445,16.416666666666668,0,0,59.11111111111112,4.19999995496538,10.88888888888889,0.45,1695.6666666666667,1.1111111111111112,
2468609,Taysom Hill,Quarterback,2025,Saints,18,Free Agent,74.0,221.0,35,,,,13,18,43.77999953180552,3.367692271677347,4.473344,5.929999876767397,6,2,57,1,0,9.5,0.3333333333333333,0.1666666666666666,52,114,1,2.1923076923076925,0.0192307692307692,16,11,91,0,0.6875,5.6875,8.272727272727273,3,1,61.84615384615385,5.230769322468684,10.153846153846152,0.4193548387096774,1706.923076923077,1.6153846153846154,
2573079,Carson Wentz,Quarterback,2025,Vikings,16,Active,77.0,237.0,33,2016.0,1.0,2.0,5,8,80.34000015258789,16.068000030517577,4.984517,15.255000114440918,169,110,1216,6,5,7.195266272189349,0.650887573964497,0.0355029585798816,11,57,0,5.181818181818182,0.0,0,0,0,0,,,,3,0,61.0,5.259999942779541,10.6,0.5555555555555556,1787.8,1.4,
2573401,Tyler Higbee,Tight End,2025,Rams,14,Active,78.0,253.0,33,2016.0,4.0,110.0,9,18,71.1000006198883,7.900000068876478,5.759437,10.000000178813934,0,0,0,0,0,,,,0,0,0,,,36,25,281,3,0.6944444444444444,7.805555555555555,11.24,0,0,63.77777777777778,5.633333312140571,10.77777777777778,0.6341463414634146,1837.7777777777776,0.5555555555555556,
2574511,Brandon Allen,Quarterback,2025,Titans,10,Active,74.0,219.0,33,2016.0,6.0,201.0,1,18,0.8799999952316284,0.8799999952316284,0.0,0.8799999952316284,30,17,72,0,1,2.4,0.5666666666666667,0.0,0,0,0,,,0,0,0,0,,,,0,0,53.0,3.700000047683716,10.0,1.0,1617.0,1.0,
2574808,Robbie Chosen,Wide Receiver,2025,Commanders,28,Free Agent,75.0,190.0,33,,,,3,11,10.299999952316284,3.433333317438761,3.1457198,3.433333317438761,0,0,0,0,0,,,,0,0,0,,,9,5,53,0,0.5555555555555556,5.888888888888889,10.6,0,0,59.66666666666666,5.600000063578288,10.0,0.6666666666666666,1773.0,1.3333333333333333,
2576336,Ameer Abdullah,Running Back,2025,Colts,11,Active,69.0,203.0,32,2015.0,2.0,54.0,12,18,35.89999961853027,2.991666634877523,2.744831,3.7499999403953552,0,0,0,0,0,,,,14,60,1,4.285714285714286,0.0714285714285714,17,16,99,0,0.9411764705882352,5.823529411764706,6.1875,1,1,60.083333333333336,5.558333357175191,10.5,0.7441860465116279,1753.8333333333333,1.6666666666666667,
2576414,Raheem Mostert,Running Back,2025,Raiders,13,Free Agent,70.0,212.0,34,,,,12,16,29.400000423192974,2.4500000352660813,2.1994317,1.225000023841858,0,0,0,0,0,,,,22,104,0,4.727272727272728,0.0,12,12,70,0,1.0,5.833333333333333,5.833333333333333,0,0,53.66666666666666,4.250000019868215,10.5,0.56,1616.8333333333333,1.25,
2576581,Chris Moore,Wide Receiver,2025,Commanders,28,Free Agent,73.0,200.0,32,2016.0,4.0,107.0,8,17,38.6000007390976,4.825000092387199,4.044054,7.200000166893005,0,0,0,0,0,,,,1,9,0,9.0,0.0,23,11,207,1,0.4782608695652174,9.0,18.818181818181817,0,0,56.75,6.450000047683716,9.75,0.6086956521739131,1673.25,1.25,
2576925,Darren Waller,Tight End,2025,Dolphins,15,Free Agent,78.0,238.0,33,2015.0,6.0,204.0,8,17,88.70000004768372,11.087500005960464,8.104388,9.07500010728836,0,0,0,0,0,,,,1,4,0,4.0,0.0,34,24,283,6,0.7058823529411765,8.323529411764707,11.791666666666666,0,0,55.875,5.637499928474426,11.0,0.6956521739130435,1757.375,1.0,
2576980,Marcus Mariota,Quarterback,2025,Commanders,28,Active,76.0,222.0,32,2015.0,1.0,2.0,10,16,143.49999976158142,14.34999997615814,9.076065,11.400000035762789,227,139,1695,10,7,7.466960352422907,0.6123348017621145,0.0440528634361233,50,297,1,5.94,0.02,0,0,0,0,,,,6,3,57.9,5.430000066757202,9.8,0.6153846153846154,1711.7,1.5,
2577327,Tyler Lockett,Wide Receiver,2025,Raiders,13,Free Agent,70.0,182.0,33,2015.0,3.0,69.0,17,18,67.09999895095825,3.9470587618210735,3.4366739,3.749999910593033,0,0,0,0,0,,,,0,0,0,,,55,32,291,1,0.5818181818181818,5.290909090909091,9.09375,0,0,56.47058823529412,4.005882389405194,10.823529411764708,0.5517241379310345,1629.1764705882354,1.3529411764705883,
2577417,Dak Prescott,Quarterback,2025,Cowboys,6,Active,74.0,238.0,32,2016.0,4.0,135.0,17,18,367.7799975275993,21.63411750162349,10.496,15.625000044703484,600,404,4552,30,10,7.586666666666667,0.6733333333333333,0.05,53,177,2,3.339622641509434,0.0377358490566037,0,0,0,0,,,,6,2,65.88235294117646,5.96470588796279,10.411764705882351,0.5692307692307692,1847.6470588235293,1.2352941176470589,
2578570,Jacoby Brissett,Quarterback,2025,Cardinals,22,Active,76.0,235.0,33,2016.0,3.0,91.0,14,18,271.4400007277727,19.388571480555196,8.695634,19.8199999332428,485,315,3366,23,8,6.9402061855670105,0.6494845360824743,0.0474226804123711,38,168,1,4.421052631578948,0.0263157894736842,0,0,0,0,,,,5,4,63.21428571428572,5.385714258466448,10.142857142857142,0.5384615384615384,1759.428571428571,1.3571428571428572,
2580216,DeAndre Carter,Wide Receiver,2025,Browns,5,Free Agent,68.0,190.0,33,,,,1,4,0.0,0.0,0.0,0.0,0,0,0,0,0,,,,0,0,0,,,0,0,0,0,,,,1,0,65.0,3.799999952316284,14.0,0.5,1904.0,3.0,
2969939,Jameis Winston,Quarterback,2025,Giants,19,Active,76.0,231.0,32,2015.0,1.0,1.0,3,15,47.280001640319824,15.760000546773275,15.166701,15.760000546773275,66,37,567,2,2,8.590909090909092,0.5606060606060606,0.0303030303030303,7,23,1,3.2857142857142856,0.1428571428571428,1,1,33,1,1.0,33.0,33.0,1,1,71.0,5.766666571299235,11.0,0.5833333333333334,2046.3333333333333,1.3333333333333333,
2971281,Pharaoh Brown,Tight End,2025,Cardinals,22,Free Agent,77.0,246.0,32,,,,1,15,2.0999999046325684,2.0999999046325684,0.0,2.0999999046325684,0,0,0,0,0,,,,0,0,0,,,2,2,1,0,1.0,0.5,0.5,0,0,63.0,4.900000095367432,10.0,0.6666666666666666,1662.0,2.0,
2972515,Cooper Rush,Quarterback,2025,Ravens,33,Free Agent,75.0,225.0,32,,,,4,6,1.7199998795986176,0.4299999698996544,1.2596428,0.4299999698996544,52,34,303,0,4,5.826923076923077,0.6538461538461539,0.0,4,-4,0,-1.0,0.0,0,0,0,0,,,,1,1,55.25,5.125,10.25,0.4545454545454545,1722.0,2.0,
2973405,Kalif Raymond,Wide Receiver,2025,Lions,8,Active,69.0,160.0,31,,,,12,18,60.799999594688416,5.066666632890701,4.302777,7.2250001430511475,0,0,0,0,0,,,,2,19,0,9.5,0.0,30,24,289,1,0.8,9.633333333333333,12.041666666666666,0,0,64.33333333333333,5.9583333532015486,11.166666666666666,0.5957446808510638,1858.8333333333333,1.0833333333333333,
2975674,Robert Tonyan,Tight End,2025,Chiefs,12,Active,77.0,240.0,32,,,,1,11,1.100000023841858,1.100000023841858,0.0,1.100000023841858,0,0,0,0,0,,,,0,0,0,,,1,1,1,0,1.0,1.0,1.0,0,0,62.0,5.0,10.0,0.25,1831.0,1.0,
2975863,Eric Saubert,Tight End,2025,Seahawks,26,Active,77.0,248.0,32,2017.0,5.0,174.0,5,18,7.100000023841858,1.4200000047683716,1.2139193,1.2249999940395355,0,0,0,0,0,,,,0,0,0,,,7,4,31,0,0.5714285714285714,4.428571428571429,7.75,0,0,62.0,5.400000095367432,10.4,0.4736842105263157,1933.8,0.8,
2976212,Stefon Diggs,Wide Receiver,2025,Patriots,17,Free Agent,72.0,191.0,32,2015.0,5.0,146.0,17,18,210.3000001907349,12.370588246513815,6.6082625,14.449999928474426,0,0,0,0,0,,,,0,0,0,,,102,85,1013,4,0.8333333333333334,9.931372549019608,11.91764705882353,0,0,61.41176470588236,6.229411770315731,10.294117647058824,0.5714285714285714,1877.7058823529408,0.9411764705882352,
2976592,Sterling Shepard,Wide Receiver,2025,Buccaneers,27,Free Agent,70.0,194.0,33,2016.0,2.0,40.0,13,14,81.99999976158142,6.307692289352417,3.4863384,4.325000047683716,0,0,0,0,0,,,,4,19,0,4.75,0.0,53,39,371,1,0.7358490566037735,7.0,9.512820512820513,1,1,62.84615384615385,5.046153875497671,11.153846153846152,0.5,1891.692307692308,0.7692307692307693,
2977187,Cooper Kupp,Wide Receiver,2025,Seahawks,26,Active,73.0,205.0,32,2017.0,3.0,69.0,16,18,114.30000007152556,7.143750004470348,3.9662592,5.250000149011612,1,0,0,0,1,0.0,0.0,0.0,0,0,0,,,70,47,593,2,0.6714285714285714,8.471428571428572,12.617021276595745,1,1,60.4375,5.806250035762787,11.0625,0.5263157894736842,1823.1875,1.6875,
2983509,Dare Ogunbowale,Running Back,2025,Texans,34,Free Agent,70.0,205.0,32,,,,9,18,24.100000023841854,2.677777780426873,2.16527,3.925000011920929,0,0,0,0,0,,,,11,25,1,2.272727272727273,0.0909090909090909,13,10,76,0,0.7692307692307693,5.846153846153846,7.6,1,1,66.0,4.7777778307596845,11.555555555555555,0.3666666666666666,1936.2222222222224,0.4444444444444444,
2991662,Mack Hollins,Wide Receiver,2025,Patriots,17,Active,76.0,221.0,32,2017.0,4.0,118.0,14,16,113.400000333786,8.100000023841858,4.446666,8.075000047683716,0,0,0,0,0,,,,1,4,0,4.0,0.0,65,46,550,2,0.7076923076923077,8.461538461538462,11.956521739130435,1,0,62.142857142857146,6.0428571701049805,10.214285714285714,0.5102040816326531,1902.0,1.0714285714285714,
2998565,Mo Alie-Cox,Tight End,2025,Colts,11,Active,77.0,267.0,32,,,,11,18,30.69999957084656,2.7909090518951416,3.0224776,4.949999928474426,0,0,0,0,0,,,,0,0,0,,,20,13,117,1,0.65,5.85,9.0,0,0,62.81818181818182,5.6636363593014805,10.363636363636363,0.6136363636363636,1845.1818181818185,1.7272727272727273,
3039707,Mitchell Trubisky,Quarterback,2025,Bills,2,Active,75.0,222.0,31,2017.0,1.0,2.0,4,18,37.12000063061714,9.280000157654284,14.770247,9.280000157654284,35,25,313,4,0,8.942857142857143,0.7142857142857143,0.1142857142857142,9,6,0,0.6666666666666666,0.0,0,0,0,0,,,,0,0,67.0,6.200000047683716,10.25,0.6428571428571429,2124.0,0.75,
3040151,George Kittle,Tight End,2025,49ers,25,Active,76.0,250.0,32,2017.0,5.0,146.0,11,18,161.5,14.681818181818182,7.8758316,16.47499978542328,0,0,0,0,0,,,,1,-3,0,-3.0,0.0,69,57,628,7,0.8260869565217391,9.101449275362318,11.017543859649123,0,0,61.0,5.345454562794078,9.818181818181818,0.6888888888888889,1829.4545454545453,1.181818181818182,
3042519,Aaron Jones Sr.,Running Back,2025,Vikings,16,Active,70.0,208.0,31,2017.0,5.0,182.0,12,17,118.70000004768372,9.89166667064031,4.316916,10.925000071525574,0,0,0,0,0,,,,132,548,2,4.151515151515151,0.0151515151515151,41,28,199,1,0.6829268292682927,4.853658536585366,7.107142857142857,2,1,52.66666666666666,4.4583333532015486,11.0,0.6333333333333333,1600.0,1.9166666666666667,
3043078,Derrick Henry,Running Back,2025,Ravens,33,Active,74.0,252.0,32,2016.0,2.0,45.0,17,18,279.4999988079071,16.441176400465125,9.704038,22.74999952316284,1,0,0,0,0,0.0,0.0,0.0,307,1595,16,5.195439739413681,0.0521172638436482,21,15,150,0,0.7142857142857143,7.142857142857143,10.0,4,3,57.294117647058826,5.917647081262925,10.470588235294118,0.4745762711864407,1751.1764705882354,1.3529411764705883,
3043116,Demarcus Robinson,Wide Receiver,2025,49ers,25,Active,73.0,202.0,31,2016.0,4.0,126.0,14,18,56.200000405311584,4.014285743236542,2.9237592,6.575000047683716,0,0,0,0,0,,,,1,6,0,6.0,0.0,35,22,276,1,0.6285714285714286,7.885714285714286,12.545454545454543,0,0,62.85714285714285,5.52142858505249,9.928571428571429,0.6909090909090909,1847.642857142857,1.2857142857142858,
3043275,Austin Hooper,Tight End,2025,Patriots,17,Active,76.0,254.0,31,2016.0,3.0,81.0,13,18,59.30000162124634,4.561538586249719,2.8266692,5.725000143051148,0,0,0,0,0,,,,0,0,0,,,26,21,263,2,0.8076923076923077,10.115384615384617,12.523809523809524,0,0,62.46153846153846,6.207692293020395,10.384615384615383,0.6086956521739131,1922.3846153846157,1.0769230769230769,
3044720,Joshua Dobbs,Quarterback,2025,Patriots,17,Free Agent,75.0,220.0,31,2017.0,4.0,135.0,4,18,2.100000038743019,0.5250000096857548,0.5177596,0.5250000096857548,10,7,65,0,0,6.5,0.7,0.0,10,-5,0,-0.5,0.0,0,0,0,0,,,,0,0,57.5,6.924999952316284,10.25,0.8823529411764706,1870.5,0.0,
3045147,James Conner,Running Back,2025,Cardinals,22,Active,73.0,233.0,31,2017.0,3.0,105.0,3,3,33.29999923706055,11.09999974568685,3.2383118,11.09999974568685,0,0,0,0,0,,,,32,95,1,2.96875,0.03125,9,8,38,1,0.8888888888888888,4.222222222222222,4.75,1,0,57.66666666666666,4.899999936421712,9.0,0.5,1903.3333333333333,0.3333333333333333,
3045523,Kendrick Bourne,Wide Receiver,2025,49ers,25,Active,73.0,203.0,30,,,,14,18,92.1000018119812,6.578571557998657,6.640158,3.224999964237213,0,0,0,0,0,,,,0,0,0,,,53,37,551,0,0.6981132075471698,10.39622641509434,14.891891891891891,0,0,63.42857142857143,5.557142836706979,9.857142857142858,0.660377358490566,1816.142857142857,1.2142857142857142,
3046439,Hunter Henry,Tight End,2025,Patriots,17,Active,77.0,249.0,31,2016.0,2.0,35.0,17,18,178.80000019073486,10.517647070043228,7.0582676,10.699999988079073,0,0,0,0,0,,,,0,0,0,,,87,60,768,7,0.6896551724137931,8.827586206896552,12.8,0,0,61.41176470588236,6.229411770315731,10.294117647058824,0.5714285714285714,1877.7058823529408,0.9411764705882352,
3046779,Jared Goff,Quarterback,2025,Lions,8,Active,76.0,217.0,31,2016.0,1.0,1.0,17,18,365.05999755859375,21.47411750344669,9.271844,21.324999809265137,578,393,4564,34,8,7.896193771626297,0.6799307958477508,0.0588235294117647,19,45,0,2.3684210526315788,0.0,0,0,0,0,,,,6,5,62.52941176470589,5.97058824931874,11.0,0.625,1833.235294117647,0.8823529411764706,
3047876,KhaDarel Hodge,Wide Receiver,2025,Falcons,1,Free Agent,74.0,210.0,31,,,,3,11,6.099999904632568,2.033333301544189,2.8755677,2.033333301544189,0,0,0,0,0,,,,0,0,0,,,10,3,31,0,0.3,3.1,10.333333333333334,0,0,59.333333333333336,5.100000063578288,11.0,0.7142857142857143,1699.0,0.6666666666666666,
3049698,Anthony Firkser,Tight End,2025,Lions,8,Active,74.0,245.0,31,,,,5,18,13.300000071525574,2.6600000143051146,2.7681038,2.975000023841858,0,0,0,0,0,,,,0,0,0,,,10,8,53,0,0.8,5.3,6.625,0,0,64.4,5.579999923706055,10.6,0.5294117647058824,1846.4,1.4,
3050481,Tanner Hudson,Tight End,2025,Bengals,4,Active,77.0,241.0,31,,,,10,17,47.79999887943268,4.779999887943268,2.9885774,3.299999922513962,0,0,0,0,0,,,,0,0,0,,,24,19,168,2,0.7916666666666666,7.0,8.842105263157896,0,0,65.2,5.6,10.4,0.6764705882352942,1887.2,1.1,
3051738,Marquez Valdes-Scantling,Wide Receiver,2025,Steelers,23,Active,76.0,206.0,31,2018.0,5.0,174.0,9,18,31.999998927116398,3.555555436346266,3.1521106,5.999999791383743,0,0,0,0,0,,,,0,0,0,,,29,14,120,1,0.4827586206896552,4.137931034482759,8.571428571428571,1,0,66.77777777777777,5.488888899485271,10.22222222222222,0.4482758620689655,1916.6666666666667,0.5555555555555556,
3051876,Evan Engram,Tight End,2025,Broncos,7,Active,75.0,240.0,31,2017.0,1.0,23.0,16,18,102.79999923706056,6.424999952316284,3.7873979,5.349999964237213,0,0,0,0,0,,,,1,7,0,7.0,0.0,76,50,461,1,0.6578947368421053,6.065789473684211,9.22,0,0,65.25,5.312500059604645,11.125,0.5818181818181818,1902.0,1.0625,
3052096,Johnny Mundt,Tight End,2025,Jaguars,30,Active,76.0,245.0,31,,,,11,18,20.100000023841854,1.827272729440169,1.3444098,2.324999988079071,0,0,0,0,0,,,,0,0,0,,,19,9,111,0,0.4736842105263157,5.842105263157895,12.333333333333334,0,0,63.54545454545455,5.109090935100209,10.909090909090908,0.5897435897435898,1883.1818181818185,1.181818181818182,
3052587,Baker Mayfield,Quarterback,2025,Buccaneers,27,Active,73.0,215.0,31,2018.0,1.0,1.0,17,18,319.9199981689453,18.818823421702664,7.1425223,18.13500022888184,543,343,3693,26,11,6.801104972375691,0.6316758747697975,0.0478821362799263,55,382,1,6.945454545454545,0.0181818181818181,0,0,0,0,,,,11,3,62.8235294117647,5.123529434204102,10.764705882352942,0.54,1913.4117647058824,0.9411764705882352,
3052897,Durham Smythe,Tight End,2025,Bears,3,Active,77.0,248.0,30,2018.0,4.0,123.0,4,17,6.4999998807907104,1.6249999701976776,0.34910572,1.6249999701976776,0,0,0,0,0,,,,0,0,0,,,6,4,25,0,0.6666666666666666,4.166666666666667,6.25,0,0,66.5,5.325000047683716,10.5,0.5833333333333334,1856.5,0.75,
3054212,Jonnu Smith,Tight End,2025,Steelers,23,Free Agent,75.0,248.0,30,2017.0,3.0,100.0,17,18,85.20000064373016,5.0117647437488335,3.7995179,5.625000029802322,0,0,0,0,0,,,,9,70,1,7.777777777777778,0.1111111111111111,54,38,222,2,0.7037037037037037,4.111111111111111,5.842105263157895,1,0,58.11764705882353,5.223529437009026,10.411764705882351,0.5882352941176471,1705.1764705882354,0.8823529411764706,
3054850,Alvin Kamara,Running Back,2025,Saints,18,Active,70.0,215.0,30,2017.0,3.0,67.0,11,12,100.69999998807909,9.154545453461736,4.669897,6.299999997019768,0,0,0,0,0,,,,131,471,1,3.595419847328244,0.0076335877862595,39,33,186,0,0.8461538461538461,4.769230769230769,5.636363636363637,2,2,63.0,4.818181839856234,10.090909090909092,0.3448275862068966,1668.5454545454545,1.5454545454545454,
3059722,Zay Jones,Wide Receiver,2025,Cardinals,22,Free Agent,74.0,200.0,31,2017.0,2.0,37.0,6,10,30.29999935626984,5.049999892711639,4.4559884,6.099999845027924,0,0,0,0,0,,,,0,0,0,,,18,12,183,0,0.6666666666666666,10.166666666666666,15.25,0,0,67.0,4.866666555404663,10.333333333333334,0.5384615384615384,1936.6666666666667,1.1666666666666667,
3059915,Kareem Hunt,Running Back,2025,Chiefs,12,Free Agent,71.0,216.0,30,2017.0,3.0,86.0,17,18,145.40000076591969,8.552941221524687,5.869776,3.374999988824129,0,0,0,0,0,,,,163,611,8,3.748466257668712,0.0490797546012269,25,18,143,1,0.72,5.72,7.944444444444445,2,1,62.41176470588236,5.052941154031193,10.0,0.576271186440678,1809.2941176470588,0.8823529411764706,
3059989,Nick Mullens,Quarterback,2025,Jaguars,30,Active,72.0,210.0,31,,,,4,18,-0.0400000177323818,-0.0100000044330954,0.28442925,-0.0100000044330954,3,3,19,0,0,6.333333333333333,1.0,0.0,12,-8,0,-0.6666666666666666,0.0,0,0,0,0,,,,0,0,59.25,5.825000047683716,11.5,0.75,1821.75,0.5,
3061612,Jamal Agnew,Wide Receiver,2025,Falcons,1,Free Agent,70.0,190.0,31,2017.0,5.0,165.0,3,13,-2.0,-0.6666666666666666,0.942809,-0.6666666666666666,0,0,0,0,0,,,,0,0,0,,,0,0,0,0,,,,3,1,63.0,6.200000127156575,11.0,0.8333333333333334,1897.6666666666667,1.0,
3068267,Austin Ekeler,Running Back,2025,Commanders,28,Free Agent,70.0,200.0,31,,,,2,2,13.099999904632568,6.549999952316284,2.1499984,6.549999952316284,0,0,0,0,0,,,,14,43,0,3.071428571428572,0.0,7,5,38,0,0.7142857142857143,5.428571428571429,7.6,0,0,65.0,5.049999952316284,10.5,0.8,1711.0,0.0,
3115293,Kyle Allen,Quarterback,2025,Lions,8,Active,75.0,210.0,30,,,,2,10,-0.3000000044703483,-0.1500000022351741,0.050000012,-0.1500000022351741,2,0,0,0,0,0.0,0.0,0.0,3,-3,0,-1.0,0.0,0,0,0,0,,,,0,0,62.0,6.450000047683716,11.0,0.7777777777777778,1826.0,0.5,
3115306,Josh Reynolds,Wide Receiver,2025,Jets,20,Free Agent,75.0,192.0,31,2017.0,4.0,117.0,5,7,21.100000143051147,4.2200000286102295,2.2480218,4.325000047683716,0,0,0,0,0,,,,0,0,0,,,21,11,101,0,0.5238095238095238,4.809523809523809,9.181818181818182,0,0,61.8,4.759999966621399,11.2,0.5,1827.6,1.4,
3115928,Malik Turner,Wide Receiver,2025,49ers,25,Active,74.0,202.0,30,,,,1,5,0.0,0.0,0.0,0.0,0,0,0,0,0,,,,0,0,0,,,1,0,0,0,0.0,0.0,,0,0,83.0,4.900000095367432,11.0,0.4,2404.0,0.0,
3116164,Mike Gesicki,Tight End,2025,Bengals,4,Active,78.0,245.0,30,2018.0,2.0,42.0,12,18,70.70000040531158,5.891666700442632,5.3429794,6.149999916553497,0,0,0,0,0,,,,0,0,0,,,42,28,307,2,0.6666666666666666,7.309523809523809,10.964285714285714,0,0,61.41666666666666,4.90833334128062,10.666666666666666,0.7297297297297297,1844.1666666666667,1.5833333333333333,
3116165,Chris Godwin Jr.,Wide Receiver,2025,Buccaneers,27,Active,73.0,209.0,30,2017.0,3.0,84.0,9,18,80.99999928474426,8.99999992052714,6.206627,11.399999797344208,0,0,0,0,0,,,,0,0,0,,,51,33,360,2,0.6470588235294118,7.0588235294117645,10.909090909090908,0,0,63.333333333333336,5.166666719648573,10.333333333333334,0.5517241379310345,1945.111111111111,1.2222222222222223,
3116365,Mark Andrews,Tight End,2025,Ravens,33,Active,77.0,250.0,30,2018.0,3.0,86.0,17,18,131.0,7.705882352941177,6.5835342,4.600000083446503,0,0,0,0,0,,,,10,48,1,4.8,0.1,70,48,422,5,0.6857142857142857,6.0285714285714285,8.791666666666666,1,0,57.294117647058826,5.917647081262925,10.470588235294118,0.4745762711864407,1751.1764705882354,1.3529411764705883,
3116389,Samaje Perine,Running Back,2025,Bengals,4,Active,71.0,240.0,30,2017.0,4.0,114.0,14,18,77.90000057965517,5.564285755689655,4.5214734,8.475000143051147,0,0,0,0,0,,,,84,382,3,4.547619047619048,0.0357142857142857,21,17,87,0,0.8095238095238095,4.142857142857143,5.117647058823529,3,2,61.92857142857143,5.27142858505249,10.642857142857142,0.6808510638297872,1838.071428571429,1.2857142857142858,
3116406,Tyreek Hill,Wide Receiver,2025,Dolphins,15,Free Agent,70.0,191.0,32,2016.0,5.0,165.0,4,4,53.49999904632568,13.37499976158142,3.4694185,13.37499976158142,0,0,0,0,0,,,,0,0,0,,,29,21,265,1,0.7241379310344828,9.137931034482758,12.61904761904762,0,0,53.25,5.399999976158142,8.25,0.8,1598.25,1.25,
3116407,Mason Rudolph,Quarterback,2025,Steelers,23,Active,77.0,235.0,30,2018.0,3.0,76.0,5,13,18.99999949336052,3.799999898672104,5.359149,4.629999876022339,52,38,310,2,2,5.961538461538462,0.7307692307692307,0.0384615384615384,7,6,0,0.8571428571428571,0.0,0,0,0,0,,,,1,1,57.8,4.980000019073486,9.8,0.6666666666666666,1702.0,1.2,
3117251,Christian McCaffrey,Running Back,2025,49ers,25,Active,71.0,210.0,30,2017.0,1.0,8.0,17,18,416.5999975204468,24.505882207085104,7.978901,22.024999618530277,1,0,0,0,0,0.0,0.0,0.0,311,1202,10,3.864951768488746,0.0321543408360128,129,102,924,7,0.7906976744186046,7.162790697674419,9.058823529411764,2,0,63.64705882352941,5.494117652668672,10.058823529411764,0.6515151515151515,1853.5882352941176,1.2941176470588236,
3117256,Dalton Schultz,Tight End,2025,Texans,34,Active,77.0,242.0,29,2018.0,4.0,137.0,17,18,177.6999990940094,10.452941123177023,5.4707913,13.075000166893004,0,0,0,0,0,,,,0,0,0,,,106,82,777,3,0.7735849056603774,7.330188679245283,9.475609756097562,1,0,64.0,5.100000044878791,11.352941176470589,0.4629629629629629,1908.8235294117649,0.7058823529411765,
3118892,Justin Watson,Wide Receiver,2025,Texans,34,Active,74.0,215.0,30,2018.0,5.0,144.0,2,2,5.999999761581421,2.9999998807907104,1.6999998,2.9999998807907104,0,0,0,0,0,,,,0,0,0,,,4,3,30,0,0.75,7.5,10.0,0,0,51.5,5.200000047683716,10.0,0.0,1628.0,1.0,
3120303,Ross Dwelley,Tight End,2025,Lions,8,Free Agent,77.0,240.0,31,,,,3,14,2.6999999284744263,0.8999999761581421,0.6377042,0.8999999761581421,0,0,0,0,0,,,,0,0,0,,,5,2,7,0,0.4,1.4,3.5,0,0,61.66666666666666,7.0333333015441895,9.666666666666666,0.7142857142857143,1846.3333333333333,0.0,
3120348,JuJu Smith-Schuster,Wide Receiver,2025,Chiefs,12,Active,73.0,215.0,29,2017.0,2.0,62.0,16,18,73.50000023841858,4.593750014901161,3.9491246,2.524999976158142,0,0,0,0,0,,,,0,0,0,,,45,33,345,1,0.7333333333333333,7.666666666666667,10.454545454545457,0,0,62.4375,5.056249976158142,10.0,0.6,1807.9375,0.875,
3121023,Dallas Goedert,Tight End,2025,Eagles,21,Active,77.0,256.0,31,2018.0,2.0,49.0,15,17,185.09999990463257,12.339999993642172,6.9308796,15.700000047683716,0,0,0,0,0,,,,0,0,0,,,82,60,591,11,0.7317073170731707,7.2073170731707314,9.85,0,0,59.333333333333336,5.393333371480306,10.6,0.6923076923076923,1819.2,0.9333333333333332,
3121409,Noah Brown,Wide Receiver,2025,Commanders,28,Free Agent,74.0,225.0,30,2017.0,7.0,239.0,4,15,13.299999833106996,3.3249999582767487,1.0401326,3.3249999582767487,0,0,0,0,0,,,,0,0,0,,,10,5,83,0,0.5,8.3,16.6,0,0,59.25,5.049999952316284,10.0,0.625,1694.5,1.25,
3121422,Terry McLaurin,Wide Receiver,2025,Commanders,28,Active,72.0,210.0,30,2019.0,3.0,76.0,10,18,114.19999933242798,11.419999933242796,4.83876,11.299999952316284,0,0,0,0,0,,,,0,0,0,,,60,38,582,3,0.6333333333333333,9.7,15.31578947368421,0,0,58.3,5.410000038146973,10.0,0.6071428571428571,1700.0,1.2,
3121427,Curtis Samuel,Wide Receiver,2025,Bills,2,Free Agent,71.0,195.0,29,2017.0,2.0,40.0,5,11,21.100000381469727,4.220000076293945,3.295694,4.800000101327896,0,0,0,0,0,,,,0,0,0,,,9,7,81,1,0.7777777777777778,9.0,11.571428571428571,0,0,60.0,6.420000076293945,10.6,0.6666666666666666,1882.6,2.0,
3122168,Trent Sherfield,Wide Receiver,2025,Cardinals,22,Active,73.0,205.0,30,,,,4,14,5.099999904632568,1.274999976158142,0.8842369,1.274999976158142,0,0,0,0,0,,,,0,0,0,,,5,3,21,0,0.6,4.2,7.0,0,0,64.0,5.174999952316284,11.25,0.6153846153846154,1785.5,1.5,
3123075,Braxton Berrios,Wide Receiver,2025,Texans,34,Active,69.0,190.0,30,2018.0,6.0,210.0,2,8,9.700000166893004,4.850000083446503,3.95,4.850000083446503,0,0,0,0,0,,,,0,0,0,,,8,6,37,0,0.75,4.625,6.166666666666667,0,0,72.0,5.0000001192092896,12.0,0.25,2072.5,1.0,
3123076,David Njoku,Tight End,2025,Browns,5,Active,76.0,246.0,29,2017.0,1.0,29.0,11,14,86.3000009059906,7.845454627817327,4.8102865,5.325000107288361,0,0,0,0,0,,,,0,0,0,,,48,33,293,4,0.6875,6.104166666666667,8.878787878787879,0,0,64.27272727272727,4.281818173148415,11.545454545454543,0.56,1781.090909090909,1.3636363636363635,
3126486,Deebo Samuel,Wide Receiver,2025,Commanders,28,Free Agent,72.0,215.0,30,2019.0,2.0,36.0,16,18,188.2000012397766,11.762500077486038,6.7221546,7.300000071525574,0,0,0,0,0,,,,17,75,1,4.411764705882353,0.0588235294117647,99,72,727,5,0.7272727272727273,7.343434343434343,10.09722222222222,3,0,57.875,5.543750017881393,9.625,0.627906976744186,1721.375,1.3125,
3126997,Tom Kennedy,Wide Receiver,2025,Lions,8,Active,70.0,195.0,29,,,,1,13,7.599999904632568,7.599999904632568,0.0,7.599999904632568,0,0,0,0,0,,,,0,0,0,,,4,4,36,0,1.0,9.0,9.0,0,0,60.0,5.900000095367432,8.0,0.6666666666666666,1866.0,0.0,
3127292,Will Dissly,Tight End,2025,Chargers,24,Free Agent,76.0,265.0,29,2018.0,4.0,120.0,8,18,20.70000028610229,2.587500035762787,1.7402855,3.1000000834465027,0,0,0,0,0,,,,0,0,0,,,16,11,97,0,0.6875,6.0625,8.818181818181818,0,0,64.5,5.437500059604645,10.25,0.40625,1934.625,1.25,
3127306,Dante Pettis,Wide Receiver,2025,Saints,18,Free Agent,73.0,195.0,30,2018.0,2.0,44.0,4,18,19.70000028610229,4.925000071525574,4.1661587,4.925000071525574,0,0,0,0,0,,,,0,0,0,,,11,9,127,0,0.8181818181818182,11.545454545454543,14.11111111111111,1,1,68.25,5.600000083446503,10.75,0.3636363636363636,1856.75,1.5,
3127310,Drew Sample,Tight End,2025,Bengals,4,Active,77.0,260.0,30,2019.0,2.0,52.0,11,18,31.899999797344208,2.8999999815767463,2.7253022,3.6999999284744254,0,0,0,0,0,,,,1,3,0,3.0,0.0,20,15,106,1,0.75,5.3,7.066666666666666,0,0,63.63636363636363,4.86363638531078,10.727272727272728,0.7428571428571429,1886.5454545454545,1.5454545454545454,
3127586,Jeremy McNichols,Running Back,2025,Commanders,28,Active,69.0,205.0,30,2017.0,5.0,162.0,16,18,70.70000052452087,4.418750032782555,3.6683133,2.625,0,0,0,0,0,,,,44,221,1,5.0227272727272725,0.0227272727272727,31,25,196,0,0.8064516129032258,6.32258064516129,7.84,1,1,57.8125,5.656250029802322,9.75,0.6444444444444445,1725.4375,1.4375,
3128390,Allen Lazard,Wide Receiver,2025,Jets,20,Free Agent,77.0,227.0,30,,,,9,15,23.0,2.555555555555556,2.5390773,1.375,0,0,0,0,0,,,,0,0,0,,,18,10,70,1,0.5555555555555556,3.888888888888889,7.0,0,0,63.11111111111112,4.933333264456855,11.333333333333334,0.4583333333333333,1750.0,1.7777777777777777,
3128429,Courtland Sutton,Wide Receiver,2025,Broncos,7,Active,76.0,216.0,30,2018.0,2.0,40.0,17,18,217.6999992132187,12.805882306659925,7.2144017,13.599999904632568,0,0,0,0,0,,,,0,0,0,,,124,74,1017,7,0.5967741935483871,8.201612903225806,13.743243243243244,0,0,64.23529411764706,5.323529467863195,11.176470588235292,0.5789473684210527,1873.6470588235293,1.0,
3128720,Nick Chubb,Running Back,2025,Texans,34,Free Agent,71.0,227.0,30,2018.0,2.0,35.0,15,17,88.29999891668558,5.886666594445705,4.2281375,3.749999860301614,0,0,0,0,0,,,,122,506,3,4.147540983606557,0.0245901639344262,20,13,67,0,0.65,3.35,5.153846153846154,0,0,64.06666666666666,5.006666692097982,11.4,0.4444444444444444,1921.1333333333332,0.8,
3134353,Tim Patrick,Wide Receiver,2025,Jaguars,30,Active,77.0,210.0,32,,,,13,18,51.69999933242798,3.976923025571383,5.474297,5.574999779462814,0,0,0,0,0,,,,0,0,0,,,24,15,187,3,0.625,7.791666666666667,12.466666666666669,0,0,64.53846153846153,5.1923076923076925,11.384615384615383,0.6458333333333334,1906.923076923077,1.0,
3135321,Hunter Renfrow,Wide Receiver,2025,Panthers,29,Free Agent,70.0,185.0,30,2019.0,5.0,149.0,6,6,35.899999141693115,5.983333190282186,7.987368,2.25,0,0,0,0,0,,,,0,0,0,,,26,15,89,2,0.5769230769230769,3.423076923076923,5.933333333333334,0,0,64.5,5.1166666348775225,10.0,0.631578947368421,1927.1666666666667,1.5,
3139477,Patrick Mahomes,Quarterback,2025,Chiefs,12,Active,74.0,225.0,30,2017.0,1.0,10.0,14,15,325.67999839782715,23.262857028416224,10.417373,17.96999979019165,502,315,3587,22,11,7.145418326693227,0.6274900398406374,0.0438247011952191,64,422,5,6.59375,0.078125,1,1,-10,0,1.0,-10.0,-10.0,3,0,65.28571428571429,5.485714265278408,9.785714285714286,0.6,1889.357142857143,0.9285714285714286,
3139602,D'Ernest Johnson,Running Back,2025,Patriots,17,Free Agent,71.0,205.0,30,,,,5,18,2.499999977648258,0.4999999955296516,0.4604345,0.6249999944120646,0,0,0,0,0,,,,14,25,0,1.7857142857142858,0.0,0,0,0,0,,,,0,0,61.8,6.559999942779541,10.6,0.7142857142857143,1877.0,0.4,
3149687,Chris Brooks,Running Back,2025,Packers,9,Active,73.0,219.0,26,,,,14,18,32.69999963790178,2.3357142598501275,1.9178141,2.7999999299645424,0,0,0,0,0,,,,27,106,0,3.925925925925926,0.0,17,13,91,0,0.7647058823529411,5.352941176470588,7.0,0,0,58.57142857142857,5.742857149669102,9.571428571428571,0.5686274509803921,1768.642857142857,0.7142857142857143,
3676833,KaVontae Turpin,Wide Receiver,2025,Cowboys,6,Active,69.0,153.0,29,,,,15,18,84.50000071525574,5.633333381017049,4.4930563,6.0500000566244125,0,0,0,0,0,,,,17,89,0,5.235294117647059,0.0,38,26,396,2,0.6842105263157895,10.421052631578949,15.23076923076923,1,1,67.2,5.920000012715658,10.4,0.5614035087719298,1880.5333333333333,1.4,
3722362,Brett Rypien,Quarterback,2025,Bengals,4,Free Agent,74.0,210.0,29,,,,1,3,0.0,0.0,0.0,0.0,0,0,0,0,0,,,,0,0,0,,,0,0,0,0,,,,0,0,52.0,3.299999952316284,13.0,1.0,1744.0,5.0,
3728262,Ray-Ray McCloud III,Wide Receiver,2025,Giants,19,Free Agent,69.0,190.0,29,2018.0,6.0,187.0,5,9,13.900000393390656,2.780000078678131,3.0102494,1.4500000029802322,0,0,0,0,0,,,,0,0,0,,,15,7,69,0,0.4666666666666667,4.6,9.857142857142858,0,0,64.0,5.460000038146973,10.4,0.5,1930.0,1.0,
3843945,Foster Moreau,Tight End,2025,Saints,18,Active,76.0,250.0,29,2019.0,4.0,137.0,7,16,12.899999737739565,1.842857105391366,1.3468026,1.8499999642372127,0,0,0,0,0,,,,0,0,0,,,10,7,59,0,0.7,5.9,8.428571428571429,0,0,67.0,4.800000088555472,10.285714285714286,0.3125,1804.2857142857144,1.7142857142857142,
3871102,David Sills V,Wide Receiver,2025,Falcons,1,Active,75.0,211.0,30,,,,12,18,49.10000026226044,4.091666688521703,4.4798546,5.649999976158142,0,0,0,0,0,,,,0,0,0,,,36,18,191,2,0.5,5.305555555555555,10.61111111111111,0,0,60.333333333333336,5.241666714350383,11.0,0.71875,1722.1666666666667,1.25,
3886598,Jauan Jennings,Wide Receiver,2025,49ers,25,Active,75.0,212.0,28,2020.0,7.0,217.0,15,18,171.3000009059906,11.420000060399373,5.6617074,14.12500023841858,0,0,0,0,0,,,,0,0,0,,,90,55,643,9,0.6111111111111112,7.144444444444445,11.690909090909091,1,1,62.46666666666667,5.520000012715657,10.0,0.7017543859649122,1839.0666666666664,1.4,
3886809,Andre Baccellia,Wide Receiver,2025,Cardinals,22,Free Agent,70.0,180.0,29,,,,2,14,2.799999952316284,1.399999976158142,0.09999995,1.399999976158142,0,0,0,0,0,,,,0,0,0,,,4,2,8,0,0.5,2.0,4.0,0,0,66.0,6.0,11.0,0.5555555555555556,1775.5,2.0,
3886812,Jake Browning,Quarterback,2025,Bengals,4,Active,74.0,210.0,30,,,,5,12,60.73999935388565,12.14799987077713,9.577696,9.749999895691872,125,81,771,6,8,6.168,0.648,0.048,9,39,1,4.333333333333333,0.1111111111111111,0,0,0,0,,,,1,0,56.0,4.6,11.2,0.7777777777777778,1564.0,2.4,
3886818,Myles Gaskin,Running Back,2025,Seahawks,26,Free Agent,70.0,200.0,29,2019.0,7.0,234.0,1,13,0.6000000238418579,0.6000000238418579,0.0,0.6000000238418579,0,0,0,0,0,,,,3,6,0,2.0,0.0,0,0,0,0,,,,0,0,62.0,3.5,10.0,0.5,2061.0,2.0,
3892775,Jarrett Stidham,Quarterback,2025,Broncos,7,Active,75.0,215.0,29,2019.0,4.0,133.0,1,8,-0.1000000014901161,-0.1000000014901161,0.0,-0.1000000014901161,0,0,0,0,0,,,,1,-1,0,-1.0,0.0,0,0,0,0,,,,0,0,57.0,7.5,12.0,0.8,1588.0,1.0,
3895856,Christian Kirk,Wide Receiver,2025,Texans,34,Active,71.0,200.0,29,2018.0,2.0,47.0,11,18,57.89999884366989,5.263636258515445,4.550379,2.7749999314546585,0,0,0,0,0,,,,0,0,0,,,52,28,239,1,0.5384615384615384,4.596153846153846,8.535714285714286,0,0,64.27272727272727,4.9909091212532735,11.636363636363637,0.5625,1910.2727272727277,0.6363636363636364,
3911853,Adam Trautman,Tight End,2025,Broncos,7,Active,77.0,253.0,29,2020.0,3.0,105.0,11,17,45.49999976158142,4.13636361468922,2.5993955,4.800000011920929,0,0,0,0,0,,,,0,0,0,,,23,20,195,1,0.8695652173913043,8.478260869565217,9.75,0,0,66.45454545454545,5.245454614812678,10.636363636363637,0.5277777777777778,1937.636363636364,1.2727272727272727,
3912547,Sam Darnold,Quarterback,2025,Seahawks,26,Active,75.0,225.0,29,2018.0,1.0,3.0,17,18,281.41999864578247,16.55411756739897,10.03598,11.93499994277954,477,323,4048,25,14,8.48637316561845,0.6771488469601677,0.0524109014675052,35,95,0,2.7142857142857144,0.0,0,0,0,0,,,,11,6,59.70588235294117,5.976470610674689,11.0,0.5423728813559322,1812.2941176470588,1.6470588235294117,
3914151,Josiah Deguara,Tight End,2025,Cardinals,22,Free Agent,74.0,240.0,29,2020.0,3.0,94.0,4,18,11.100000023841858,2.7750000059604645,3.937242,2.7750000059604645,0,0,0,0,0,,,,0,0,0,,,5,3,21,1,0.6,4.2,7.0,0,0,61.5,5.274999976158142,10.25,0.3333333333333333,1719.25,1.0,
3914397,Scotty Miller,Wide Receiver,2025,Steelers,23,Active,69.0,174.0,28,2019.0,6.0,208.0,5,18,15.200000166893004,3.0400000333786013,2.003597,3.8000000417232513,0,0,0,0,0,,,,0,0,0,,,14,9,62,0,0.6428571428571429,4.428571428571429,6.888888888888889,0,0,63.0,5.980000114440918,10.4,0.3888888888888889,1810.0,0.6,
3915411,Ty Johnson,Running Back,2025,Bills,2,Active,70.0,210.0,28,2019.0,6.0,186.0,17,18,100.30000042915344,5.90000002524432,5.1274347,10.200000166893004,0,0,0,0,0,,,,50,200,3,4.0,0.06,33,24,263,2,0.7272727272727273,7.96969696969697,10.958333333333334,1,0,63.64705882352941,5.935294151306152,10.294117647058824,0.6615384615384615,1988.5294117647056,1.1176470588235294,
3915416,DJ Moore,Wide Receiver,2025,Bears,3,Active,72.0,213.0,29,2018.0,1.0,24.0,17,18,172.17999923229218,10.128235248958363,8.156198,12.149999797344208,1,1,2,1,0,2.0,1.0,1.0,15,79,1,5.266666666666667,0.0666666666666666,85,50,682,6,0.5882352941176471,8.023529411764706,13.64,1,1,64.88235294117646,5.711764700272504,10.882352941176473,0.5818181818181818,1858.5882352941176,0.6470588235294118,
3915486,Tyler Conklin,Tight End,2025,Chargers,24,Active,75.0,248.0,30,2018.0,5.0,157.0,6,18,17.299999833106995,2.8833333055178323,2.4511333,2.5250000059604645,0,0,0,0,0,,,,1,2,0,2.0,0.0,10,7,101,0,0.7,10.1,14.428571428571429,1,0,66.83333333333333,4.999999920527141,10.833333333333334,0.4,1914.8333333333333,1.3333333333333333,
3915511,Joe Burrow,Quarterback,2025,Bengals,4,Active,76.0,215.0,29,2020.0,1.0,1.0,8,18,168.45999813079834,21.057499766349792,10.625594,23.49999952316284,259,173,1809,17,5,6.984555984555985,0.667953667953668,0.0656370656370656,14,41,0,2.9285714285714284,0.0,0,0,0,0,,,,0,0,65.25,5.162500023841858,10.375,0.71875,1989.875,1.25,
3916148,Tony Pollard,Running Back,2025,Titans,10,Active,72.0,209.0,29,2019.0,4.0,128.0,17,18,185.8000020980835,10.92941188812256,5.451688,12.350000143051147,0,0,0,0,0,,,,242,1082,5,4.471074380165289,0.0206611570247933,41,33,206,0,0.8048780487804879,5.024390243902439,6.242424242424242,4,3,59.05882352941177,4.376470579820521,10.764705882352942,0.5757575757575758,1748.1176470588234,1.1176470588235294,
3916204,James Proche II,Wide Receiver,2025,Titans,10,Free Agent,71.0,193.0,29,2020.0,6.0,201.0,6,18,12.49999976158142,2.083333293596904,2.4354444,0.75,0,0,0,0,0,,,,0,0,0,,,12,6,65,0,0.5,5.416666666666667,10.833333333333334,0,0,60.16666666666666,4.49999996026357,10.833333333333334,0.6666666666666666,1794.6666666666667,0.8333333333333334,
3916430,Nyheim Hines,Running Back,2025,Chargers,24,Free Agent,68.0,198.0,29,2018.0,4.0,104.0,1,8,-0.2000000029802322,-0.2000000029802322,0.0,-0.2000000029802322,0,0,0,0,0,,,,2,-2,0,-1.0,0.0,0,0,0,0,,,,0,0,70.0,6.0,9.0,0.75,2344.0,1.0,
3916433,Jakobi Meyers,Wide Receiver,2025,Jaguars,30,Active,74.0,200.0,29,,,,16,18,175.80000066757202,10.987500041723251,4.2145376,9.50000011920929,0,0,0,0,0,,,,5,13,0,2.6,0.0,110,75,835,3,0.6818181818181818,7.590909090909091,11.133333333333333,1,1,61.3125,5.325000017881393,11.0,0.6031746031746031,1857.875,1.4375,
3916749,Giovanni Ricci,Tight End,2025,Lions,8,Free Agent,75.0,240.0,29,,,,1,17,0.0,0.0,0.0,0.0,0,0,0,0,0,,,,0,0,0,,,1,0,0,0,0.0,0.0,,0,0,64.0,3.5999999046325684,13.0,1.0,1950.0,6.0,
3916945,Darius Slayton,Wide Receiver,2025,Giants,19,Active,73.0,198.0,29,2019.0,5.0,171.0,14,18,94.80000019073486,6.77142858505249,3.6878996,6.025000035762787,0,0,0,0,0,,,,0,0,0,,,63,37,538,1,0.5873015873015873,8.53968253968254,14.54054054054054,1,1,62.85714285714285,5.114285724503653,10.071428571428571,0.4081632653061224,1840.142857142857,1.0,
3917315,Kyler Murray,Quarterback,2025,Cardinals,22,Active,70.0,207.0,28,2019.0,1.0,1.0,5,5,89.77999973297119,17.95599994659424,2.7610307,16.865000009536743,161,110,962,6,3,5.975155279503106,0.6832298136645962,0.0372670807453416,29,173,1,5.965517241379311,0.0344827586206896,0,0,0,0,,,,1,1,60.2,4.859999942779541,10.0,0.5882352941176471,1865.2,1.2,
3917792,Daniel Jones,Quarterback,2025,Colts,11,Active,77.0,230.0,29,2019.0,1.0,6.0,13,14,262.43999844789505,20.187692188299614,7.6111727,14.819999888539314,384,261,3101,19,8,8.075520833333334,0.6796875,0.0494791666666666,45,164,5,3.644444444444445,0.1111111111111111,0,0,0,0,,,,9,3,60.23076923076923,6.1307692527771,10.076923076923077,0.6428571428571429,1782.2307692307693,1.1538461538461535,
3917914,Olamide Zaccheaus,Wide Receiver,2025,Bears,3,Active,68.0,194.0,28,,,,14,16,84.799999833107,6.057142845221928,4.431658,4.475000023841858,0,0,0,0,0,,,,4,25,0,6.25,0.0,65,39,313,2,0.6,4.815384615384615,8.025641025641026,0,0,65.28571428571429,5.757142850330898,11.142857142857142,0.5918367346938775,1881.071428571429,0.7142857142857143,
3917960,Steven Sims,Wide Receiver,2025,Cardinals,22,Free Agent,70.0,190.0,29,,,,1,16,0.0,0.0,0.0,0.0,0,0,0,0,0,,,,0,0,0,,,1,0,0,0,0.0,0.0,,0,0,56.0,5.699999809265137,9.0,0.0,1466.0,1.0,
3918298,Josh Allen,Quarterback,2025,Bills,2,Active,77.0,237.0,30,2018.0,1.0,7.0,16,17,412.6199984550476,25.788749903440475,11.486028,25.61000025272369,460,319,3668,25,10,7.973913043478261,0.6934782608695652,0.0543478260869565,112,579,14,5.169642857142857,0.125,0,0,0,0,,,,7,3,63.125,5.900000035762787,10.375,0.6440677966101694,1969.0625,1.1875,
3919510,Alex Bachman,Wide Receiver,2025,Raiders,13,Free Agent,72.0,190.0,30,,,,4,18,3.1999999284744263,0.7999999821186066,0.82764727,0.7999999821186066,0,0,0,0,0,,,,0,0,0,,,3,2,12,0,0.6666666666666666,4.0,6.0,1,0,60.25,5.025000035762787,11.5,0.25,1834.5,1.5,
3921690,Josh Oliver,Tight End,2025,Vikings,16,Active,77.0,264.0,29,2019.0,3.0,69.0,12,18,54.9999994635582,4.5833332886298495,4.786932,3.350000023841858,0,0,0,0,0,,,,0,0,0,,,19,15,160,4,0.7894736842105263,8.421052631578947,10.666666666666666,0,0,57.583333333333336,5.049999952316284,10.5,0.575,1776.0833333333333,1.3333333333333333,
3924327,Drew Lock,Quarterback,2025,Seahawks,26,Active,76.0,228.0,29,2019.0,2.0,42.0,3,14,0.0999999940395355,0.0333333313465118,0.36817873,0.0333333313465118,3,2,15,0,0,5.0,0.6666666666666666,0.0,6,-5,0,-0.8333333333333334,0.0,0,0,0,0,,,,2,0,57.0,6.166666825612386,11.0,0.6153846153846154,1854.6666666666667,1.6666666666666667,
3925357,Calvin Ridley,Wide Receiver,2025,Titans,10,Active,73.0,190.0,31,2018.0,1.0,26.0,7,11,47.29999995231629,6.757142850330898,5.076516,7.050000071525574,0,0,0,0,0,,,,0,0,0,,,36,17,303,0,0.4722222222222222,8.416666666666666,17.823529411764707,0,0,58.71428571428572,3.8857143265860414,11.0,0.5,1671.428571428571,1.5714285714285714,
3926231,Britain Covey,Wide Receiver,2025,Eagles,21,Active,68.0,173.0,29,,,,3,18,4.0,1.3333333333333333,1.885618,1.3333333333333333,0,0,0,0,0,,,,0,0,0,,,4,2,20,0,0.5,5.0,10.0,2,0,59.66666666666666,5.566666603088379,11.666666666666666,0.4285714285714285,1519.6666666666667,2.6666666666666665,
3929630,Saquon Barkley,Running Back,2025,Eagles,21,Active,72.0,233.0,29,2018.0,1.0,2.0,16,17,230.30000162124637,14.393750101327896,6.861441,15.350000619888306,0,0,0,0,0,,,,280,1140,7,4.071428571428571,0.025,50,37,273,2,0.74,5.46,7.378378378378378,1,1,59.25,5.287500038743019,10.5625,0.7073170731707317,1827.625,0.875,
3929645,Juwan Johnson,Tight End,2025,Saints,18,Active,76.0,231.0,29,,,,17,18,179.90000128746033,10.582353016909432,4.680526,11.12499988079071,0,0,0,0,0,,,,0,0,0,,,102,77,889,3,0.7549019607843137,8.715686274509803,11.545454545454543,2,2,63.23529411764706,5.052941224154304,10.294117647058824,0.4444444444444444,1716.1176470588234,1.411764705882353,
3929785,Nick Westbrook-Ikhine,Wide Receiver,2025,Dolphins,15,Active,74.0,211.0,29,,,,9,15,19.899999737739563,2.2111110819710627,1.6353352,2.174999952316284,0,0,0,0,0,,,,0,0,0,,,20,11,89,0,0.55,4.45,8.090909090909092,0,0,55.0,5.588888883590698,9.88888888888889,0.5652173913043478,1690.5555555555557,1.8888888888888888,
3930066,Van Jefferson,Wide Receiver,2025,Titans,10,Active,73.0,200.0,29,2020.0,2.0,57.0,14,17,70.00000023841858,5.000000017029898,3.2577379,5.250000059604645,0,0,0,0,0,,,,0,0,0,,,52,29,350,1,0.5576923076923077,6.730769230769231,12.06896551724138,0,0,59.35714285714285,4.5214285509926935,10.428571428571429,0.6071428571428571,1769.7857142857142,1.0,
3930086,Dawson Knox,Tight End,2025,Bills,2,Active,76.0,254.0,29,2019.0,3.0,96.0,16,18,101.70000004768372,6.356250002980232,4.8084536,9.775000095367432,0,0,0,0,0,,,,0,0,0,,,49,36,417,4,0.7346938775510204,8.510204081632653,11.583333333333334,0,0,64.0625,5.912500023841858,10.375,0.6557377049180327,1993.625,1.1875,
4027873,Samori Toure,Wide Receiver,2025,Saints,18,Active,73.0,196.0,28,2022.0,7.0,258.0,1,18,1.2999999523162842,1.2999999523162842,0.0,1.2999999523162842,0,0,0,0,0,,,,0,0,0,,,3,1,3,0,0.3333333333333333,1.0,3.0,0,0,65.0,5.199999809265137,11.0,0.6666666666666666,1879.0,2.0,
4032473,Rashid Shaheed,Wide Receiver,2025,Seahawks,26,Active,72.0,180.0,27,,,,18,18,144.599999666214,8.033333314789665,5.4902945,4.550000071525574,0,0,0,0,0,,,,9,69,0,7.666666666666667,0.0,92,59,687,2,0.6413043478260869,7.467391304347826,11.64406779661017,2,1,61.55555555555556,5.2166666984558105,10.61111111111111,0.4107142857142857,1755.6666666666667,1.6111111111111112,
4034704,Michael Bandy,Wide Receiver,2025,Broncos,7,Active,70.0,190.0,28,,,,3,17,13.00000011920929,4.333333373069763,3.4922135,4.333333373069763,0,0,0,0,0,,,,0,0,0,,,4,4,50,1,1.0,12.5,12.5,1,1,65.66666666666667,4.900000095367432,11.0,0.6666666666666666,1908.0,1.3333333333333333,
4034862,Jack Stoll,Tight End,2025,Saints,18,Active,76.0,245.0,28,,,,8,16,16.600000500679016,2.075000062584877,3.1263998,1.2000000178813934,0,0,0,0,0,,,,0,0,0,,,11,6,46,1,0.5454545454545454,4.181818181818182,7.666666666666667,0,0,66.625,4.562500029802322,10.5,0.3809523809523809,1765.125,1.75,
4034948,Feleipe Franks,Tight End,2025,Falcons,1,Active,78.0,228.0,28,,,,2,12,0.4000000059604645,0.2000000029802322,0.0,0.2000000029802322,0,0,0,0,0,,,,2,4,0,2.0,0.0,0,0,0,0,,,,0,0,60.5,6.099999904632568,12.0,0.4,1764.0,0.5,
4035004,Mecole Hardman Jr.,Wide Receiver,2025,Bills,2,Active,70.0,187.0,28,2019.0,2.0,56.0,1,11,-2.0,-2.0,0.0,-2.0,0,0,0,0,0,,,,0,0,0,,,1,0,0,0,0.0,0.0,,1,1,53.0,7.800000190734863,11.0,0.75,1493.0,3.0,
4035020,Charlie Woerner,Tight End,2025,Falcons,1,Active,77.0,250.0,28,2020.0,6.0,190.0,6,16,12.800000190734863,2.133333365122477,1.8162848,3.075000047683716,0,0,0,0,0,,,,0,0,0,,,9,8,48,0,0.8888888888888888,5.333333333333333,6.0,0,0,63.333333333333336,5.349999984105428,10.666666666666666,0.8571428571428571,1765.8333333333333,1.5,
4035115,Albert Okwuegbunam Jr.,Tight End,2025,Raiders,13,Active,77.0,258.0,28,2020.0,4.0,118.0,1,5,8.600000381469727,8.600000381469727,0.0,8.600000381469727,0,0,0,0,0,,,,0,0,0,,,6,5,36,0,0.8333333333333334,6.0,7.2,0,0,65.0,4.599999904632568,9.0,0.0,2005.0,2.0,
4035222,Trayveon Williams,Running Back,2025,Browns,5,Free Agent,68.0,206.0,28,2019.0,6.0,182.0,5,18,17.100000023841858,3.4200000047683714,3.1581006,4.050000011920929,0,0,0,0,0,,,,10,36,0,3.6,0.0,9,8,55,0,0.8888888888888888,6.111111111111111,6.875,0,0,53.4,3.999999952316285,10.2,0.25,1660.6,1.8,
4035537,Kene Nwangwu,Running Back,2025,Jets,20,Active,73.0,210.0,28,2021.0,4.0,119.0,2,18,4.8999998569488525,2.4499999284744263,0.65000045,2.4499999284744263,0,0,0,0,0,,,,13,49,0,3.769230769230769,0.0,1,0,0,0,0.0,0.0,,0,0,54.5,3.8000000715255737,9.0,0.3333333333333333,1492.5,0.5,
4035538,David Montgomery,Running Back,2025,Lions,8,Active,71.0,230.0,29,2019.0,3.0,73.0,17,18,166.92000019550323,9.818823540911955,6.701099,5.77499994635582,2,1,3,1,0,1.5,0.5,0.5,158,716,8,4.531645569620253,0.050632911392405,29,24,192,0,0.8275862068965517,6.620689655172414,8.0,2,1,62.52941176470589,5.97058824931874,11.0,0.625,1833.235294117647,0.8823529411764706,
4035656,Ben Skowronek,Wide Receiver,2025,Steelers,23,Active,75.0,224.0,28,2021.0,7.0,249.0,6,14,16.899999618530273,2.816666603088379,3.0883744,1.924999952316284,0,0,0,0,0,,,,0,0,0,,,6,4,69,1,0.6666666666666666,11.5,17.25,0,0,54.5,5.199999968210856,10.5,0.6666666666666666,1573.5,0.8333333333333334,
4035671,Tyler Huntley,Quarterback,2025,Ravens,33,Active,73.0,204.0,28,,,,5,17,44.14000028371811,8.828000056743623,7.4607306,9.380000099539757,67,52,426,2,0,6.358208955223881,0.7761194029850746,0.0298507462686567,24,151,0,6.291666666666667,0.0,0,0,0,0,,,,0,0,60.4,5.9,9.0,0.4736842105263157,1890.6,1.2,
4035687,Michael Pittman Jr.,Wide Receiver,2025,Colts,11,Active,76.0,223.0,28,2020.0,2.0,34.0,17,18,200.39999747276303,11.788235145456651,7.135897,4.8749998807907104,0,0,0,0,0,,,,0,0,0,,,111,80,784,7,0.7207207207207207,7.063063063063063,9.8,0,0,59.88235294117647,5.770588257733514,10.176470588235292,0.6515151515151515,1777.3529411764705,1.3529411764705883,
4035693,Velus Jones Jr.,Wide Receiver,2025,Seahawks,26,Active,72.0,204.0,29,2022.0,3.0,71.0,1,14,3.200000047683716,3.200000047683716,0.0,3.200000047683716,0,0,0,0,0,,,,4,32,0,8.0,0.0,0,0,0,0,,,,0,0,58.0,6.300000190734863,11.0,0.5,1880.0,1.0,
4035886,Khalil Herbert,Running Back,2025,Jets,20,Free Agent,69.0,212.0,28,2021.0,6.0,217.0,3,18,6.599999904632568,2.199999968210856,2.4041631,2.199999968210856,0,0,0,0,0,,,,16,52,0,3.25,0.0,4,1,4,0,0.25,1.0,4.0,0,0,59.0,3.933333317438761,10.0,0.4,1657.3333333333333,1.3333333333333333,
4036032,Brittain Brown,Running Back,2025,Bears,3,Active,73.0,205.0,28,2022.0,7.0,250.0,1,9,9.699999809265137,9.699999809265137,0.0,9.699999809265137,0,0,0,0,0,,,,5,37,1,7.4,0.2,1,0,0,0,0.0,0.0,,0,0,76.0,7.599999904632568,11.0,0.6666666666666666,2070.0,0.0,
4036131,Noah Fant,Tight End,2025,Bengals,4,Active,76.0,249.0,28,2019.0,1.0,20.0,13,18,74.799999833107,5.75384614100823,4.5406904,0.824999988079071,0,0,0,0,0,,,,0,0,0,,,41,34,288,3,0.8292682926829268,7.024390243902439,8.470588235294118,3,3,63.38461538461539,5.284615424963144,10.538461538461538,0.6363636363636364,1817.7692307692307,1.4615384615384617,
4036133,T.J. Hockenson,Tight End,2025,Vikings,16,Active,77.0,248.0,28,2019.0,1.0,8.0,15,16,112.80000042915344,7.520000028610229,3.9026802,8.224999964237213,0,0,0,0,0,,,,1,0,0,0.0,0.0,66,51,438,3,0.7727272727272727,6.636363636363637,8.588235294117647,0,0,55.93333333333333,4.873333326975504,10.866666666666667,0.5869565217391305,1682.2,1.9333333333333331,
4036335,Cedrick Wilson Jr.,Wide Receiver,2025,Dolphins,15,Active,74.0,197.0,30,2018.0,6.0,208.0,6,18,9.399999856948853,1.5666666428248088,0.8178562,1.6249999403953552,0,0,0,0,0,,,,0,0,0,,,9,5,44,0,0.5555555555555556,4.888888888888889,8.8,0,0,58.66666666666666,5.199999928474426,11.166666666666666,0.3888888888888889,1819.3333333333333,1.5,
4036378,Jordan Love,Quarterback,2025,Packers,9,Active,76.0,219.0,27,2020.0,1.0,26.0,15,16,277.1399943828583,18.475999625523887,9.315714,19.684999525547028,439,291,3381,23,6,7.7015945330296125,0.662870159453303,0.0523917995444191,47,199,0,4.23404255319149,0.0,0,0,0,0,,,,7,2,61.06666666666667,5.653333330154419,9.8,0.5892857142857143,1841.6,0.7333333333333333,
4037235,Greg Dortch,Wide Receiver,2025,Cardinals,22,Active,67.0,175.0,28,,,,12,13,75.09999912977219,6.258333260814349,5.7649016,11.24999988079071,0,0,0,0,0,,,,7,15,1,2.142857142857143,0.1428571428571428,33,29,206,3,0.8787878787878788,6.242424242424242,7.103448275862069,1,0,65.58333333333333,5.166666626930237,10.333333333333334,0.574468085106383,1913.0,1.25,
4037457,Travis Homer,Running Back,2025,Bears,3,Active,70.0,202.0,27,2019.0,6.0,204.0,1,11,-0.2000000029802322,-0.2000000029802322,0.0,-0.2000000029802322,0,0,0,0,0,,,,1,-2,0,-2.0,0.0,0,0,0,0,,,,0,0,73.0,4.400000095367432,12.0,0.5,2219.0,0.0,
4038441,Justice Hill,Running Back,2025,Ravens,33,Active,70.0,205.0,28,2019.0,4.0,113.0,9,10,65.20000062137842,7.244444513486491,8.247843,5.349999953061342,0,0,0,0,0,,,,18,93,2,5.166666666666667,0.1111111111111111,27,21,169,1,0.7777777777777778,6.25925925925926,8.047619047619047,1,0,56.22222222222222,5.766666730244954,10.555555555555555,0.5,1743.2222222222222,1.1111111111111112,
4038524,Gardner Minshew II,Quarterback,2025,Chiefs,12,Active,73.0,225.0,30,2019.0,6.0,178.0,4,16,-0.3200000524520874,-0.0800000131130218,0.91771454,-0.0800000131130218,13,6,37,0,1,2.8461538461538463,0.4615384615384615,0.0,6,2,0,0.3333333333333333,0.0,0,0,0,0,,,,0,0,62.25,4.574999928474426,9.75,0.6,1862.5,0.5,
4038815,Rico Dowdle,Running Back,2025,Panthers,29,Active,71.0,215.0,27,,,,17,18,216.30000352859497,12.723529619329115,9.509163,8.25,0,0,0,0,0,,,,236,1076,6,4.559322033898305,0.0254237288135593,50,39,297,1,0.78,5.94,7.615384615384615,2,1,59.47058823529412,4.923529442618875,9.823529411764708,0.5333333333333333,1790.764705882353,1.3529411764705883,
4038941,Justin Herbert,Quarterback,2025,Chargers,24,Active,78.0,236.0,28,2020.0,1.0,6.0,16,17,336.8800027370453,21.05500017106533,9.10893,19.47499990463257,512,340,3727,26,13,7.279296875,0.6640625,0.05078125,83,498,2,6.0,0.0240963855421686,0,0,0,0,,,,7,2,64.125,5.318750023841858,10.25,0.4909090909090909,1990.1875,1.1875,
4039034,Shane Buechele,Quarterback,2025,Chiefs,12,Active,72.0,210.0,28,,,,1,18,3.920000076293945,3.920000076293945,0.0,3.920000076293945,14,7,88,0,0,6.285714285714286,0.5,0.0,1,4,0,4.0,0.0,0,0,0,0,,,,0,0,62.0,2.700000047683716,15.0,0.0,1756.0,2.0,
4039050,Devin Duvernay,Wide Receiver,2025,Bears,3,Active,71.0,200.0,28,2020.0,3.0,92.0,3,17,4.600000143051148,1.533333381017049,1.4079139,1.533333381017049,0,0,0,0,0,,,,0,0,0,,,5,2,26,0,0.4,5.2,13.0,0,0,64.66666666666667,5.833333333333333,9.0,0.4,1788.6666666666667,0.6666666666666666,
4039057,Lil'Jordan Humphrey,Wide Receiver,2025,Broncos,7,Active,76.0,225.0,28,,,,7,17,34.59999978542328,4.942857112203326,4.599024,6.27499994635582,0,0,0,0,0,,,,0,0,0,,,25,13,156,1,0.52,6.24,12.0,0,0,68.28571428571429,5.55714293888637,10.142857142857142,0.7391304347826086,1964.7142857142856,0.8571428571428571,
4039160,Kylen Granson,Tight End,2025,Eagles,21,Active,75.0,242.0,28,2021.0,4.0,127.0,4,18,11.0,2.75,2.4581497,2.75,0,0,0,0,0,,,,0,0,0,,,9,7,40,0,0.7777777777777778,4.444444444444445,5.714285714285714,0,0,62.75,4.375000059604645,10.25,0.7272727272727273,1936.25,0.25,
4040612,Luke Farrell,Tight End,2025,49ers,25,Active,77.0,250.0,28,2021.0,5.0,145.0,11,16,29.49999976158142,2.6818181601437656,3.3069675,2.699999988079071,0,0,0,0,0,,,,0,0,0,,,14,11,85,2,0.7857142857142857,6.071428571428571,7.727272727272727,1,1,67.63636363636364,5.427272753282026,10.363636363636363,0.627906976744186,1977.909090909091,1.5454545454545454,
4040655,Darnell Mooney,Wide Receiver,2025,Falcons,1,Active,71.0,177.0,28,2020.0,5.0,173.0,15,18,82.29999959468842,5.486666639645894,3.6953783,5.350000023841858,0,0,0,0,0,,,,0,0,0,,,72,32,443,1,0.4444444444444444,6.152777777777778,13.84375,2,0,60.73333333333333,5.320000044504801,10.8,0.6444444444444445,1772.2,1.2,
4040715,Jalen Hurts,Quarterback,2025,Eagles,21,Active,73.0,223.0,27,2020.0,2.0,53.0,16,17,349.0600027143955,21.81625016964972,9.228006,15.89999971538782,454,294,3224,25,6,7.101321585903084,0.6475770925110133,0.0550660792951541,105,421,8,4.0095238095238095,0.0761904761904762,0,0,0,0,,,,8,4,59.25,5.287500038743019,10.5625,0.7073170731707317,1827.625,0.875,
4040761,Devin Singletary,Running Back,2025,Giants,19,Active,67.0,203.0,28,2019.0,3.0,74.0,17,18,106.80000181496143,6.282353047938908,6.0757217,8.400000095367432,0,0,0,0,0,,,,119,437,5,3.672268907563025,0.042016806722689,19,18,151,0,0.9473684210526316,7.947368421052632,8.38888888888889,0,0,63.8235294117647,5.1529411848853615,10.117647058823527,0.4745762711864407,1858.1176470588236,1.0,
4040774,Harrison Bryant,Tight End,2025,Texans,34,Active,77.0,243.0,28,2020.0,4.0,115.0,4,9,2.700000047683716,0.675000011920929,0.6832825,0.675000011920929,0,0,0,0,0,,,,0,0,0,,,6,2,7,0,0.3333333333333333,1.1666666666666667,3.5,0,0,64.75,5.525000154972076,11.25,0.3333333333333333,2030.5,0.25,
4043016,Dee Eskridge,Wide Receiver,2025,Dolphins,15,Free Agent,69.0,190.0,29,2021.0,2.0,56.0,5,9,8.199999928474426,1.6399999856948853,1.6523923,1.574999988079071,0,0,0,0,0,,,,0,0,0,,,7,4,62,0,0.5714285714285714,8.857142857142858,15.5,1,1,54.6,5.3599999904632565,9.8,0.3636363636363636,1557.0,2.8,
4044111,Chris Oladokun,Quarterback,2025,Chiefs,12,Active,73.0,213.0,28,2022.0,7.0,241.0,3,18,13.199999690055847,4.399999896685283,4.6914673,4.399999896685283,55,35,235,1,0,4.2727272727272725,0.6363636363636364,0.0181818181818181,5,18,0,3.6,0.0,0,0,0,0,,,,4,2,49.0,3.033333301544189,11.0,0.25,1435.6666666666667,0.6666666666666666,
4045163,Miles Sanders,Running Back,2025,Cowboys,6,Free Agent,71.0,211.0,29,2019.0,2.0,53.0,4,4,26.699999809265137,6.674999952316284,2.496372,6.674999952316284,0,0,0,0,0,,,,20,117,1,5.85,0.05,8,8,30,0,1.0,3.75,3.75,1,1,68.25,5.925000071525574,10.5,0.6666666666666666,1948.5,1.5,
4045305,Ian Thomas,Tight End,2025,Raiders,13,Active,75.0,253.0,30,2018.0,4.0,101.0,7,14,24.399999856948853,3.4857142652784074,2.0427072,4.024999976158142,0,0,0,0,0,,,,0,0,0,,,13,13,114,0,1.0,8.76923076923077,8.76923076923077,0,0,58.42857142857143,4.285714285714286,10.428571428571429,0.5,1719.571428571429,1.0,
4047365,Josh Jacobs,Running Back,2025,Packers,9,Active,70.0,223.0,28,2019.0,1.0,24.0,15,17,237.10000205039975,15.806666803359985,8.713397,11.625000417232512,0,0,0,0,0,,,,234,929,13,3.97008547008547,0.0555555555555555,44,36,282,1,0.8181818181818182,6.409090909090909,7.833333333333333,3,2,59.66666666666666,5.906666644414266,9.666666666666666,0.5925925925925926,1771.5333333333333,0.8666666666666667,
4047422,Tanner Conner,Tight End,2025,Dolphins,15,Active,75.0,232.0,28,,,,7,9,18.09999966621399,2.5857142380305698,1.3032146,2.049999952316284,0,0,0,0,0,,,,0,0,0,,,15,9,91,0,0.6,6.066666666666666,10.11111111111111,0,0,56.85714285714285,4.928571326392038,10.0,0.55,1701.0,2.0,
4047646,A.J. Brown,Wide Receiver,2025,Eagles,21,Active,73.0,226.0,28,2019.0,2.0,51.0,15,17,220.3000009059906,14.68666672706604,9.42089,14.600000143051147,0,0,0,0,0,,,,0,0,0,,,121,78,1003,7,0.6446280991735537,8.289256198347108,12.85897435897436,0,0,59.4,5.140000041325887,10.666666666666666,0.6842105263157895,1816.4666666666667,0.9333333333333332,
4047650,DK Metcalf,Wide Receiver,2025,Steelers,23,Active,76.0,229.0,28,2019.0,2.0,64.0,15,16,187.1999983787537,12.479999891916911,5.795882,12.674999713897703,0,0,0,0,0,,,,2,12,1,6.0,0.5,99,59,850,6,0.5959595959595959,8.585858585858587,14.40677966101695,0,0,56.66666666666666,5.266666682561239,10.4,0.6222222222222222,1673.2,1.0,
4048228,John Bates,Tight End,2025,Commanders,28,Active,78.0,256.0,28,2021.0,4.0,124.0,9,18,27.30000042915344,3.0333333810170493,2.4756596,3.775000095367432,0,0,0,0,0,,,,0,0,0,,,16,11,103,1,0.6875,6.4375,9.363636363636363,0,0,60.11111111111112,5.233333375718859,10.22222222222222,0.75,1774.7777777777778,1.4444444444444444,
4057082,Mason Kinsey,Wide Receiver,2025,Titans,10,Active,71.0,200.0,27,,,,2,17,6.800000190734863,3.400000095367432,1.0,3.400000095367432,0,0,0,0,0,,,,0,0,0,,,4,2,48,0,0.5,12.0,24.0,0,0,64.5,4.349999904632568,11.0,0.6666666666666666,1819.0,1.0,
4061956,Ashton Dulin,Wide Receiver,2025,Colts,11,Active,74.0,215.0,29,,,,7,18,20.000000193715096,2.8571428848164424,2.6108878,2.050000060349703,0,0,0,0,0,,,,3,44,0,14.666666666666666,0.0,10,5,106,0,0.5,10.6,21.2,0,0,60.42857142857143,6.171428612300328,10.285714285714286,0.6451612903225806,1858.0,1.1428571428571428,
4239934,AJ Dillon,Running Back,2025,Eagles,21,Active,72.0,247.0,28,2020.0,2.0,62.0,6,18,9.100000023841858,1.5166666706403096,0.3715584,1.550000011920929,0,0,0,0,0,,,,12,60,0,5.0,0.0,3,3,21,0,1.0,7.0,7.0,1,1,58.5,4.766666690508525,10.333333333333334,0.8125,1761.5,0.5,
4239944,Hunter Long,Tight End,2025,Jaguars,30,Active,77.0,243.0,27,2021.0,3.0,81.0,7,9,32.50000011920929,4.642857159887042,3.3212981,2.5999999940395355,0,0,0,0,0,,,,0,0,0,,,17,12,85,2,0.7058823529411765,5.0,7.083333333333333,1,0,66.42857142857143,5.01428576878139,10.714285714285714,0.5238095238095238,1948.857142857143,0.7142857142857143,
4239993,Tee Higgins,Wide Receiver,2025,Bengals,4,Active,76.0,220.0,27,2020.0,2.0,33.0,15,18,209.6000022888184,13.973333485921223,7.6379256,17.52500033378601,0,0,0,0,0,,,,0,0,0,,,98,59,846,11,0.6020408163265306,8.63265306122449,14.33898305084746,0,0,60.4,5.326666673024495,10.6,0.7446808510638298,1737.2,1.4,
4239996,Travis Etienne Jr.,Running Back,2025,Jaguars,30,Active,70.0,215.0,27,2021.0,1.0,25.0,17,18,253.90000104904172,14.935294179355395,6.7369847,16.02500009536743,0,0,0,0,0,,,,260,1107,7,4.257692307692308,0.0269230769230769,52,36,292,6,0.6923076923076923,5.615384615384615,8.11111111111111,1,0,64.29411764705883,5.270588257733514,11.117647058823527,0.6176470588235294,1916.470588235294,1.0588235294117647,
4240021,Cam Akers,Running Back,2025,Vikings,16,Free Agent,70.0,217.0,26,2020.0,2.0,52.0,2,5,9.180000185966492,4.590000092983246,2.6899998,4.590000092983246,1,1,32,1,0,32.0,1.0,1.0,5,19,0,3.8,0.0,1,0,0,0,0.0,0.0,,0,0,59.5,5.8999998569488525,12.0,0.8571428571428571,1813.5,1.0,
4240069,Malik Cunningham,Wide Receiver,2025,Lions,8,Active,73.0,198.0,27,,,,1,14,0.1000000014901161,0.1000000014901161,0.0,0.1000000014901161,0,0,0,0,0,,,,1,1,0,1.0,0.0,0,0,0,0,,,,0,0,57.0,7.199999809265137,12.0,0.8,1717.0,0.0,
4240472,Noah Gray,Tight End,2025,Chiefs,12,Active,75.0,240.0,27,2021.0,5.0,162.0,13,18,38.80000019073486,2.984615399287297,1.8695323,3.775000035762787,0,0,0,0,0,,,,0,0,0,,,37,21,178,0,0.5675675675675675,4.8108108108108105,8.476190476190476,0,0,64.3076923076923,5.007692300356352,10.076923076923077,0.5531914893617021,1865.8461538461536,0.9230769230769232,
4240603,Malik Davis,Running Back,2025,Cowboys,6,Active,71.0,202.0,27,,,,9,17,40.59999990463257,4.5111111005147295,4.593581,6.224999994039536,0,0,0,0,0,,,,52,250,2,4.807692307692308,0.0384615384615384,5,2,16,0,0.4,3.2,8.0,0,0,68.77777777777777,5.911111089918348,10.11111111111111,0.5,1880.0,1.4444444444444444,
4240631,DeeJay Dallas,Running Back,2025,Jaguars,30,Active,70.0,225.0,27,2020.0,4.0,144.0,2,17,2.0999999046325684,1.0499999523162842,1.05,1.0499999523162842,0,0,0,0,0,,,,3,21,0,7.0,0.0,1,0,0,0,0.0,0.0,,0,0,66.0,5.900000095367432,9.5,0.4444444444444444,1930.5,1.5,
4240657,Michael Carter,Running Back,2025,Cardinals,22,Active,68.0,201.0,27,2021.0,4.0,107.0,13,18,98.9999985769391,7.615384505918393,4.6938343,8.274999976158142,0,0,0,0,0,,,,92,333,1,3.619565217391304,0.0108695652173913,45,33,267,0,0.7333333333333333,5.933333333333334,8.090909090909092,0,0,64.3076923076923,5.238461531125582,10.384615384615383,0.5319148936170213,1744.8461538461538,1.5384615384615383,
4240703,Kenny Pickett,Quarterback,2025,Raiders,13,Active,75.0,220.0,28,2022.0,1.0,20.0,6,18,9.719999551773071,1.619999925295512,4.0797057,2.849999874830246,45,28,188,1,2,4.177777777777778,0.6222222222222222,0.0222222222222222,5,22,0,4.4,0.0,0,0,0,0,,,,1,1,48.833333333333336,3.433333396911621,10.166666666666666,0.4285714285714285,1485.6666666666667,1.1666666666666667,
4241263,Charlie Kolar,Tight End,2025,Ravens,33,Active,78.0,265.0,27,2022.0,4.0,128.0,11,17,36.20000004768372,3.290909095243974,3.1192815,2.100000023841858,0,0,0,0,0,,,,0,0,0,,,15,10,142,2,0.6666666666666666,9.466666666666669,14.2,0,0,61.09090909090909,5.545454545454546,10.545454545454543,0.4772727272727273,1850.5454545454545,1.6363636363636365,
4241372,Hollywood Brown,Wide Receiver,2025,Chiefs,12,Active,69.0,170.0,29,2019.0,1.0,25.0,16,18,137.6999990940094,8.606249943375587,5.506186,5.1999998688697815,0,0,0,0,0,,,,0,0,0,,,74,49,587,5,0.6621621621621622,7.932432432432432,11.979591836734691,1,0,62.625,5.112499982118607,10.0,0.5892857142857143,1827.5,0.8125,
4241374,Grant Calcaterra,Tight End,2025,Eagles,21,Active,76.0,240.0,27,2022.0,6.0,198.0,8,18,22.600000143051147,2.825000017881393,2.9328954,3.650000065565109,0,0,0,0,0,,,,0,0,0,,,13,9,76,1,0.6923076923076923,5.846153846153846,8.444444444444445,0,0,58.875,4.712500065565109,10.5,0.7142857142857143,1796.125,0.5,
4241389,CeeDee Lamb,Wide Receiver,2025,Cowboys,6,Active,74.0,200.0,27,2020.0,1.0,17.0,13,18,200.9000037908554,15.453846445450417,5.7497325,9.80000028014183,0,0,0,0,0,,,,1,2,0,2.0,0.0,117,75,1077,3,0.6410256410256411,9.205128205128204,14.36,0,0,67.23076923076923,5.876923084259033,10.461538461538462,0.5625,1858.692307692308,1.3076923076923077,
4241410,Jelani Woods,Tight End,2025,Jets,20,Active,79.0,253.0,27,2022.0,3.0,73.0,2,17,1.399999976158142,0.699999988079071,0.7,0.699999988079071,0,0,0,0,0,,,,0,0,0,,,3,1,4,0,0.3333333333333333,1.3333333333333333,4.0,0,0,63.0,4.0,10.5,0.0,1703.5,1.5,
4241416,Chuba Hubbard,Running Back,2025,Panthers,29,Active,73.0,210.0,26,2021.0,4.0,126.0,15,18,125.40000009536745,8.36000000635783,5.939113,3.9250000715255737,0,0,0,0,0,,,,134,511,1,3.8134328358208953,0.0074626865671641,39,30,223,3,0.7692307692307693,5.717948717948718,7.433333333333334,1,1,58.8,4.726666688919067,9.8,0.5277777777777778,1776.4666666666667,1.3333333333333333,
4241424,Tylan Wallace,Wide Receiver,2025,Ravens,33,Active,71.0,200.0,27,2021.0,4.0,131.0,6,12,14.50000011920929,2.4166666865348816,3.7311378,1.0000000298023224,0,0,0,0,0,,,,0,0,0,,,8,4,45,1,0.5,5.625,11.25,0,0,56.16666666666666,5.550000031789144,10.666666666666666,0.48,1754.0,1.0,
4241457,Najee Harris,Running Back,2025,Chargers,24,Free Agent,73.0,242.0,28,2021.0,1.0,24.0,3,3,11.600000143051147,3.8666667143503823,2.0997353,3.8666667143503823,0,0,0,0,0,,,,15,61,0,4.066666666666666,0.0,3,3,25,0,1.0,8.333333333333334,8.333333333333334,0,0,65.66666666666667,5.6333333651224775,10.333333333333334,0.4,1947.0,1.0,
4241463,Jerry Jeudy,Wide Receiver,2025,Browns,5,Active,73.0,195.0,27,2020.0,1.0,15.0,17,18,120.69999980926514,7.099999988780303,5.060924,5.749999761581421,0,0,0,0,0,,,,1,5,0,5.0,0.0,106,50,602,2,0.4716981132075472,5.679245283018868,12.04,1,1,60.588235294117645,4.329411745071411,11.470588235294118,0.5263157894736842,1758.1764705882354,1.4705882352941178,
4241464,Mac Jones,Quarterback,2025,49ers,25,Active,75.0,220.0,27,2021.0,1.0,15.0,11,16,154.04000003635883,14.003636366941713,10.959125,7.164999861270189,289,201,2151,13,6,7.442906574394463,0.6955017301038062,0.0449826989619377,36,60,0,1.6666666666666667,0.0,0,0,0,0,,,,4,2,63.36363636363637,5.409090909090909,10.272727272727272,0.6744186046511628,1795.6363636363635,0.9090909090909092,
4241474,Brian Robinson Jr.,Running Back,2025,49ers,25,Active,73.0,225.0,27,2022.0,3.0,98.0,16,18,62.49999988079071,3.9062499925494194,3.0590987,2.1999999582767487,0,0,0,0,0,,,,92,400,2,4.3478260869565215,0.0217391304347826,12,8,25,0,0.6666666666666666,2.083333333333333,3.125,0,0,64.875,5.518750011920929,10.125,0.640625,1899.5625,1.3125,
4241476,Tyrell Shavers,Wide Receiver,2025,Bills,2,Active,76.0,211.0,26,,,,10,17,45.49999976158142,4.5499999761581424,5.1769195,7.574999928474426,0,0,0,0,0,,,,0,0,0,,,23,15,245,1,0.6521739130434783,10.652173913043478,16.333333333333332,0,0,60.8,5.990000057220459,10.3,0.6470588235294118,1894.1,1.3,
4241479,Tua Tagovailoa,Quarterback,2025,Dolphins,15,Active,73.0,225.0,28,2020.0,1.0,5.0,14,15,198.70000088214877,14.192857205867767,9.338131,10.704999804496763,384,260,2660,20,15,6.927083333333333,0.6770833333333334,0.0520833333333333,20,43,0,2.15,0.0,0,0,0,0,,,,8,1,55.92857142857143,5.449999962534223,10.142857142857142,0.575,1742.857142857143,1.3571428571428572,
4241555,Elijah Mitchell,Running Back,2025,Chiefs,12,Active,70.0,215.0,28,2021.0,6.0,194.0,1,11,0.0,0.0,0.0,0.0,0,0,0,0,0,,,,0,0,0,,,1,0,0,0,0.0,0.0,,0,0,62.0,5.0,10.0,0.25,1831.0,1.0,
4241983,Cody White,Wide Receiver,2025,Seahawks,26,Active,75.0,227.0,27,,,,3,14,17.99999988079071,5.99999996026357,4.973932,5.99999996026357,0,0,0,0,0,,,,0,0,0,,,4,3,90,1,0.75,22.5,30.0,0,0,56.0,6.166666666666667,10.333333333333334,0.625,1859.6666666666667,1.3333333333333333,
4241985,J.K. Dobbins,Running Back,2025,Broncos,7,Active,70.0,212.0,27,2020.0,2.0,55.0,10,10,115.90000009536745,11.590000009536745,3.8895862,9.850000023841858,0,0,0,0,0,,,,153,772,4,5.045751633986928,0.0261437908496732,14,11,37,0,0.7857142857142857,2.642857142857143,3.363636363636364,0,0,63.1,5.300000047683716,11.9,0.6451612903225806,1795.9,1.2,
4242214,Clyde Edwards-Helaire,Running Back,2025,Chiefs,12,Free Agent,67.0,207.0,27,2020.0,1.0,32.0,2,12,4.200000047683716,2.100000023841858,1.6000003,2.100000023841858,0,0,0,0,0,,,,7,13,0,1.8571428571428568,0.0,2,2,9,0,1.0,4.5,4.5,0,0,74.0,5.400000095367432,10.5,0.3333333333333333,2035.0,1.5,
4242335,Jonathan Taylor,Running Back,2025,Colts,11,Active,70.0,226.0,27,2020.0,2.0,41.0,17,18,360.3000016212464,21.19411774242625,11.978586,13.324999928474426,0,0,0,0,0,,,,323,1585,18,4.907120743034056,0.0557275541795665,55,46,378,2,0.8363636363636363,6.872727272727273,8.217391304347826,2,1,59.88235294117647,5.770588257733514,10.176470588235292,0.6515151515151515,1777.3529411764705,1.3529411764705883,
4242355,Jake Ferguson,Tight End,2025,Cowboys,6,Active,77.0,244.0,27,2022.0,4.0,129.0,17,18,186.10000085830688,10.947058874018053,6.898347,4.399999976158142,0,0,0,0,0,,,,1,1,0,1.0,0.0,102,82,600,8,0.803921568627451,5.882352941176471,7.317073170731708,3,2,65.88235294117646,5.96470588796279,10.411764705882351,0.5692307692307692,1847.6470588235293,1.2352941176470589,
4242392,Brock Wright,Tight End,2025,Lions,8,Active,77.0,254.0,27,,,,7,12,36.79999995231629,5.257142850330898,3.7822351,2.699999988079071,0,0,0,0,0,,,,0,0,0,,,22,14,108,2,0.6363636363636364,4.909090909090909,7.714285714285714,0,0,62.71428571428572,6.628571510314941,11.714285714285714,0.6551724137931034,1823.7142857142856,0.8571428571428571,
4242431,Ty Chandler,Running Back,2025,Vikings,16,Active,71.0,205.0,28,2022.0,5.0,169.0,2,18,8.800000190734863,4.400000095367432,2.0,4.400000095367432,0,0,0,0,0,,,,17,47,0,2.764705882352941,0.0,4,3,11,0,0.75,2.75,3.6666666666666665,0,0,57.5,4.449999928474426,10.5,0.4,1830.0,0.5,
4242433,Joshua Palmer,Wide Receiver,2025,Bills,2,Active,73.0,210.0,26,2021.0,3.0,77.0,12,18,52.30000007152557,4.3583333392937975,2.9264479,1.7750000059604645,0,0,0,0,0,,,,0,0,0,,,37,22,303,0,0.5945945945945946,8.18918918918919,13.772727272727272,0,0,63.25,5.84166665871938,10.583333333333334,0.673469387755102,1949.8333333333333,1.0833333333333333,
4242512,Malik Willis,Quarterback,2025,Packers,9,Active,73.0,225.0,27,2022.0,3.0,86.0,4,17,57.180000364780426,14.295000091195108,12.25012,14.295000091195108,35,30,422,3,0,12.057142857142855,0.8571428571428571,0.0857142857142857,22,123,2,5.590909090909091,0.0909090909090909,0,0,0,0,,,,2,1,57.5,5.975000023841858,9.25,0.4666666666666667,1800.0,0.75,
4242536,Sal Cannella,Tight End,2025,Browns,5,Free Agent,77.0,242.0,29,,,,2,18,3.0999999046325684,1.5499999523162842,1.55,1.5499999523162842,0,0,0,0,0,,,,0,0,0,,,5,2,11,0,0.4,2.2,5.5,0,0,51.0,4.4999998807907104,10.0,0.0,1613.5,1.5,
4242540,Isaiah Hodgins,Wide Receiver,2025,Giants,19,Active,75.0,200.0,27,2020.0,6.0,207.0,6,18,27.49999952316284,4.583333253860474,4.9066,1.149999976158142,0,0,0,0,0,,,,0,0,0,,,19,10,115,1,0.5263157894736842,6.052631578947368,11.5,0,0,66.33333333333333,5.449999968210856,10.333333333333334,0.5454545454545454,1928.0,1.0,
4242546,Davis Mills,Quarterback,2025,Texans,34,Active,76.0,225.0,27,2021.0,3.0,67.0,6,18,76.60000133514404,12.766666889190674,10.244562,17.300000369548798,159,91,915,5,1,5.754716981132075,0.5723270440251572,0.0314465408805031,13,60,1,4.615384615384615,0.0769230769230769,0,0,0,0,,,,1,0,65.83333333333333,5.100000023841858,11.5,0.5652173913043478,1890.8333333333333,0.3333333333333333,
4242557,Colby Parkinson,Tight End,2025,Rams,14,Active,79.0,266.0,27,2020.0,4.0,133.0,14,18,129.80000030994415,9.27142859356744,7.007796,14.87500011920929,0,0,0,0,0,,,,0,0,0,,,56,43,408,8,0.7678571428571429,7.285714285714286,9.488372093023257,1,1,65.0,6.214285680225918,10.642857142857142,0.6885245901639344,1892.5,0.8571428571428571,
4242558,Tucker Fisk,Tight End,2025,Chargers,24,Free Agent,76.0,285.0,27,,,,4,10,3.900000095367432,0.975000023841858,0.9908961,0.975000023841858,0,0,0,0,0,,,,0,0,0,,,4,2,19,0,0.5,4.75,9.5,0,0,67.5,5.149999976158142,11.75,0.5454545454545454,1991.75,1.25,
4243003,Ronnie Rivers,Running Back,2025,Rams,14,Active,69.0,198.0,27,,,,2,17,4.599999904632568,2.299999952316284,1.8,2.299999952316284,0,0,0,0,0,,,,9,46,0,5.111111111111111,0.0,0,0,0,0,,,,0,0,64.0,6.950000047683716,11.0,0.5714285714285714,1959.5,1.5,
4243331,Cade Otton,Tight End,2025,Buccaneers,27,Active,77.0,247.0,27,2022.0,4.0,106.0,15,18,122.20000171661376,8.146666781107585,5.775912,9.524999976158142,0,0,0,0,0,,,,0,0,0,,,81,59,572,1,0.7283950617283951,7.061728395061729,9.694915254237287,0,0,62.86666666666667,5.080000019073486,10.8,0.5476190476190477,1927.2,1.0,
4243389,Calvin Austin III,Wide Receiver,2025,Steelers,23,Active,69.0,162.0,27,2022.0,4.0,138.0,14,18,86.20000004768372,6.157142860548837,5.302387,5.099999964237213,0,0,0,0,0,,,,0,0,0,,,55,31,372,3,0.5636363636363636,6.763636363636364,12.0,0,0,57.92857142857143,5.085714289120266,10.5,0.5909090909090909,1693.5,0.9285714285714286,
4243537,Gabe Davis,Wide Receiver,2025,Bills,2,Free Agent,74.0,225.0,27,2020.0,4.0,128.0,6,18,30.90000033378601,5.1500000556310015,4.9526925,5.175000071525574,0,0,0,0,0,,,,0,0,0,,,18,12,129,1,0.6666666666666666,7.166666666666667,10.75,0,0,66.33333333333333,5.933333396911621,10.0,0.625,2046.1666666666667,1.6666666666666667,
4244049,Quintin Morris,Tight End,2025,Jaguars,30,Active,74.0,243.0,27,,,,5,18,17.5,3.5,2.164255,3.850000023841858,0,0,0,0,0,,,,0,0,0,,,9,6,55,1,0.6666666666666666,6.111111111111111,9.166666666666666,0,0,62.2,5.560000038146972,11.2,0.8181818181818182,1950.0,0.4,
4244856,Austin Trammell,Wide Receiver,2025,Jaguars,30,Active,70.0,185.0,27,,,,5,13,7.6000001430511475,1.5200000286102295,2.0894017,1.9000000357627869,0,0,0,0,0,,,,0,0,0,,,10,3,46,0,0.3,4.6,15.333333333333334,0,0,63.8,4.920000076293945,11.0,0.6818181818181818,2038.2,1.6,
4245131,Tim Jones,Wide Receiver,2025,Jaguars,30,Active,73.0,200.0,28,,,,1,9,2.5,2.5,0.0,2.5,0,0,0,0,0,,,,0,0,0,,,1,1,15,0,1.0,15.0,15.0,0,0,77.0,4.800000190734863,9.0,0.6,2577.0,1.0,
4245144,Tay Martin,Wide Receiver,2025,Commanders,28,Free Agent,75.0,185.0,28,,,,2,5,4.300000071525574,2.150000035762787,0.24999905,2.150000035762787,0,0,0,0,0,,,,0,0,0,,,2,2,23,0,1.0,11.5,11.5,0,0,53.0,6.450000047683716,8.5,0.6666666666666666,1543.0,1.0,
4248528,Christian Watson,Wide Receiver,2025,Packers,9,Active,76.0,208.0,27,2022.0,2.0,34.0,10,17,132.39999842643738,13.239999842643735,7.276155,14.199999749660492,0,0,0,0,0,,,,1,3,0,3.0,0.0,55,35,611,6,0.6363636363636364,11.10909090909091,17.457142857142856,0,0,59.7,5.919999980926514,9.5,0.4848484848484848,1768.6,1.0,
4249417,Jalen Tolbert,Wide Receiver,2025,Cowboys,6,Active,73.0,195.0,27,2022.0,3.0,88.0,11,18,44.29999995231629,4.027272722937844,4.1387506,4.949999928474426,0,0,0,0,0,,,,0,0,0,,,34,18,203,1,0.5294117647058824,5.970588235294118,11.27777777777778,0,0,65.54545454545455,5.872727307406339,10.545454545454543,0.6428571428571429,1894.7272727272727,1.0,
4249616,Owen Wright,Running Back,2025,Buccaneers,27,Free Agent,69.0,217.0,27,,,,1,12,0.6000000238418579,0.6000000238418579,0.0,0.6000000238418579,0,0,0,0,0,,,,3,6,0,2.0,0.0,0,0,0,0,,,,0,0,67.0,2.900000095367432,11.0,0.3333333333333333,1908.0,2.0,
4250764,Stone Smartt,Tight End,2025,Jets,20,Active,76.0,226.0,27,,,,3,17,12.199999570846558,4.06666652361552,3.4344656,4.06666652361552,0,0,0,0,0,,,,0,0,0,,,9,7,52,0,0.7777777777777778,5.777777777777778,7.428571428571429,0,0,61.0,3.866666634877523,11.0,0.0,1613.3333333333333,2.0,
4257188,Charlie Jones,Wide Receiver,2025,Bengals,4,Active,72.0,190.0,27,2023.0,4.0,131.0,2,12,0.0,0.0,0.0,0.0,0,0,0,0,0,,,,0,0,0,,,1,0,0,0,0.0,0.0,,0,0,57.0,4.149999976158142,11.5,1.0,1675.0,3.0,
4257364,Zavier Scott,Running Back,2025,Vikings,16,Active,73.0,221.0,26,,,,9,18,39.19999973475933,4.35555552608437,4.5573173,2.75,0,0,0,0,0,,,,32,114,0,3.5625,0.0,16,14,98,1,0.875,6.125,7.0,2,1,59.77777777777778,4.933333264456855,10.22222222222222,0.5333333333333333,1826.7777777777776,1.6666666666666667,
4258173,Nico Collins,Wide Receiver,2025,Texans,34,Active,76.0,222.0,27,2021.0,3.0,89.0,15,17,224.19999980926517,14.94666665395101,6.1374116,14.549999952316284,0,0,0,0,0,,,,2,15,1,7.5,0.5,120,71,1117,6,0.5916666666666667,9.308333333333334,15.732394366197184,1,1,63.266666666666666,5.006666692097982,11.466666666666669,0.4782608695652174,1884.8666666666663,0.7333333333333333,
4258595,Cole Kmet,Tight End,2025,Bears,3,Active,78.0,257.0,27,2020.0,2.0,43.0,16,18,76.70000004768372,4.793750002980232,3.1481092,3.850000023841858,1,0,0,0,0,0.0,0.0,0.0,0,0,0,,,48,30,347,2,0.625,7.229166666666667,11.566666666666666,0,0,65.0625,5.693749994039536,11.0,0.5961538461538461,1864.125,0.625,
4259147,Jake Tonges,Tight End,2025,49ers,25,Active,76.0,240.0,26,,,,9,17,93.30000042915344,10.366666714350382,5.5445676,9.925000011920927,0,0,0,0,0,,,,0,0,0,,,46,34,293,5,0.7391304347826086,6.369565217391305,8.617647058823529,0,0,65.88888888888889,5.744444423251682,10.333333333333334,0.5882352941176471,1863.111111111111,1.4444444444444444,
4259545,D'Andre Swift,Running Back,2025,Bears,3,Active,68.0,204.0,27,2020.0,2.0,35.0,16,18,228.59999883174896,14.28749992698431,6.4595723,14.825000047683716,0,0,0,0,0,,,,223,1087,9,4.874439461883408,0.0403587443946188,48,34,299,1,0.7083333333333334,6.229166666666667,8.794117647058824,2,2,64.1875,5.59375,10.875,0.5714285714285714,1845.375,0.6875,
4260394,Aidan O'Connell,Quarterback,2025,Raiders,13,Active,75.0,206.0,27,2023.0,4.0,135.0,1,18,4.78000020980835,4.78000020980835,0.0,4.78000020980835,22,10,102,0,0,4.636363636363637,0.4545454545454545,0.0,1,7,0,7.0,0.0,0,0,0,0,,,,0,0,61.0,3.299999952316284,14.0,0.0,1844.0,2.0,
4360078,Alec Pierce,Wide Receiver,2025,Colts,11,Active,75.0,211.0,26,2022.0,2.0,53.0,15,18,183.2999997138977,12.219999980926511,8.020905,14.100000262260435,0,0,0,0,0,,,,0,0,0,,,84,47,1003,6,0.5595238095238095,11.94047619047619,21.34042553191489,0,0,60.333333333333336,5.773333358764648,10.2,0.6140350877192983,1794.9333333333334,1.3333333333333333,
4360086,Josh Whyle,Tight End,2025,Packers,9,Active,79.0,248.0,26,2023.0,5.0,147.0,6,18,14.59999966621399,2.4333332777023315,2.321398,1.5749999582767489,0,0,0,0,0,,,,0,0,0,,,6,5,36,1,0.8333333333333334,6.0,7.2,0,0,53.66666666666666,5.550000031789144,9.333333333333334,0.7142857142857143,1629.6666666666667,0.5,
4360175,Clayton Tune,Quarterback,2025,Packers,9,Free Agent,75.0,220.0,27,2023.0,5.0,139.0,2,18,1.980000138282776,0.990000069141388,2.67,0.990000069141388,15,7,42,0,1,2.8,0.4666666666666667,0.0,5,23,0,4.6,0.0,0,0,0,0,,,,1,0,47.0,5.299999952316284,9.5,0.3333333333333333,1387.0,1.0,
4360231,Lucas Krull,Tight End,2025,Broncos,7,Active,78.0,260.0,27,,,,2,3,3.5,1.75,0.15000013,1.75,0,0,0,0,0,,,,0,0,0,,,4,2,15,0,0.5,3.75,7.5,0,0,59.5,5.0,13.0,0.4,1668.0,2.0,
4360238,Dameon Pierce,Running Back,2025,Chiefs,12,Active,70.0,218.0,26,2022.0,4.0,107.0,3,18,3.5999999046325684,1.1999999682108562,0.6683312,1.1999999682108562,0,0,0,0,0,,,,14,36,0,2.571428571428572,0.0,1,0,0,0,0.0,0.0,,0,0,61.66666666666666,4.533333381017049,11.333333333333334,0.5,1944.6666666666667,1.3333333333333333,
4360248,Kyle Pitts Sr.,Tight End,2025,Falcons,1,Active,78.0,250.0,25,2021.0,1.0,4.0,17,18,210.7999987602234,12.399999927071963,9.643835,19.924999833106995,0,0,0,0,0,,,,0,0,0,,,118,88,928,5,0.7457627118644068,7.864406779661017,10.545454545454543,0,0,61.64705882352941,5.382352969225715,10.823529411764708,0.62,1799.6470588235295,1.0588235294117647,
4360290,Brayden Willis,Tight End,2025,49ers,25,Active,76.0,240.0,26,2023.0,7.0,247.0,1,2,0.0,0.0,0.0,0.0,0,0,0,0,0,,,,0,0,0,,,1,0,0,0,0.0,0.0,,0,0,68.0,5.099999904632568,11.0,1.0,1845.0,1.0,
4360294,Antonio Gibson,Running Back,2025,Patriots,17,Free Agent,72.0,228.0,27,2020.0,3.0,66.0,5,5,17.199999690055847,3.439999938011169,2.9883776,4.2249999195337296,0,0,0,0,0,,,,25,106,1,4.24,0.04,3,2,6,0,0.6666666666666666,2.0,3.0,2,1,59.6,5.719999980926514,10.0,0.631578947368421,1769.0,1.4,
4360310,Trevor Lawrence,Quarterback,2025,Jaguars,30,Active,78.0,220.0,26,2021.0,1.0,1.0,17,18,394.17999792099,23.187058701234704,10.461809,35.96999979019165,560,341,4007,29,12,7.155357142857143,0.6089285714285714,0.0517857142857142,82,359,9,4.378048780487805,0.1097560975609756,0,0,0,0,,,,5,3,64.29411764705883,5.270588257733514,11.117647058823527,0.6176470588235294,1916.470588235294,1.0588235294117647,
4360405,Jake Bobo,Wide Receiver,2025,Seahawks,26,Active,76.0,211.0,27,,,,2,7,4.0,2.0,0.70000017,2.0,0,0,0,0,0,,,,0,0,0,,,2,2,20,0,1.0,10.0,10.0,0,0,65.5,5.349999904632568,12.5,0.7142857142857143,1940.5,2.5,
4360423,Michael Penix Jr.,Quarterback,2025,Falcons,1,Active,75.0,220.0,26,2024.0,1.0,8.0,9,11,136.2799994945526,15.1422221660614,8.559146,15.464999794960022,276,166,1982,9,3,7.181159420289855,0.6014492753623188,0.0326086956521739,21,70,1,3.333333333333333,0.0476190476190476,0,0,0,0,,,,4,2,62.44444444444444,5.522222254011366,10.88888888888889,0.6296296296296297,1821.888888888889,0.8888888888888888,
4360516,Tyrone Tracy Jr.,Running Back,2025,Giants,19,Active,71.0,210.0,26,2024.0,5.0,166.0,15,18,160.80000126361847,10.720000084241232,7.4003773,17.27500009536743,0,0,0,0,0,,,,176,740,2,4.204545454545454,0.0113636363636363,48,36,288,2,0.75,6.0,8.0,1,1,63.06666666666667,5.280000003178914,10.066666666666666,0.48,1836.6666666666667,0.8,
4360569,Jordan Mason,Running Back,2025,Vikings,16,Active,71.0,230.0,27,,,,16,18,128.89999973773956,8.056249983608723,5.3250556,6.3999998569488525,0,0,0,0,0,,,,159,758,6,4.767295597484277,0.0377358490566037,16,14,51,0,0.875,3.1875,3.642857142857143,3,1,56.4375,4.924999982118607,10.75,0.56,1702.6875,1.875,
4360635,Chig Okonkwo,Tight End,2025,Titans,10,Active,75.0,238.0,26,2022.0,4.0,143.0,17,18,124.00000154972076,7.294117738218868,4.3488283,10.099999964237211,0,0,0,0,0,,,,0,0,0,,,79,56,560,2,0.7088607594936709,7.0886075949367084,10.0,0,0,59.05882352941177,4.376470579820521,10.764705882352942,0.5757575757575758,1748.1176470588234,1.1176470588235294,
4360689,Tyler Shough,Quarterback,2025,Saints,18,Active,77.0,219.0,26,2025.0,2.0,40.0,11,18,175.96000146865845,15.99636376987804,8.273992,22.22000026702881,327,221,2384,10,6,7.290519877675841,0.6758409785932722,0.0305810397553516,45,186,3,4.133333333333334,0.0666666666666666,0,0,0,0,,,,3,2,64.36363636363636,5.100000056353482,10.363636363636363,0.4285714285714285,1756.2727272727273,1.5454545454545454,
4360698,Joe Milton III,Quarterback,2025,Cowboys,6,Active,77.0,246.0,26,2024.0,6.0,193.0,4,18,12.31999945640564,3.07999986410141,3.853388,3.07999986410141,24,15,183,1,2,7.625,0.625,0.0416666666666666,5,50,0,10.0,0.0,0,0,0,0,,,,1,1,61.25,5.575000047683716,10.25,0.4,1784.0,2.25,
4360761,Michael Wilson,Wide Receiver,2025,Cardinals,22,Active,74.0,213.0,26,2023.0,3.0,94.0,17,18,220.59999895095825,12.976470526526956,10.286343,17.59999966621399,0,0,0,0,0,,,,0,0,0,,,126,78,1006,7,0.6190476190476191,7.984126984126984,12.897435897435898,0,0,63.1764705882353,5.17647056018605,10.117647058823527,0.5409836065573771,1787.8235294117646,1.2352941176470589,
4360763,Brycen Tremayne,Wide Receiver,2025,Panthers,29,Active,76.0,212.0,26,,,,8,18,29.99999988079071,3.749999985098839,2.4181604,2.549999952316284,0,0,0,0,0,,,,0,0,0,,,18,14,160,0,0.7777777777777778,8.88888888888889,11.428571428571429,1,0,61.5,5.000000029802322,10.125,0.6296296296296297,1851.875,1.375,
4360797,Tutu Atwell,Wide Receiver,2025,Rams,14,Active,69.0,165.0,26,2021.0,2.0,57.0,8,18,31.20000004768372,3.900000005960465,5.3218884,3.4999999701976776,0,0,0,0,0,,,,0,0,0,,,15,6,192,1,0.4,12.8,32.0,0,0,64.75,6.337499976158142,10.625,0.5294117647058824,1814.75,1.25,
4360939,Rashod Bateman,Wide Receiver,2025,Ravens,33,Active,73.0,193.0,26,2021.0,1.0,27.0,13,17,53.39999961853027,4.107692278348482,4.626589,1.5000000596046448,0,0,0,0,0,,,,0,0,0,,,38,19,224,2,0.5,5.894736842105263,11.789473684210526,0,0,59.07692307692308,5.784615406623254,10.538461538461538,0.5102040816326531,1776.4615384615386,1.3846153846153846,
4360967,Brevyn Spann-Ford,Tight End,2025,Cowboys,6,Active,79.0,270.0,26,,,,10,18,24.0,2.4,2.2485552,2.699999988079071,0,0,0,0,0,,,,0,0,0,,,13,9,90,1,0.6923076923076923,6.923076923076923,10.0,0,0,67.9,5.710000038146973,10.5,0.5789473684210527,1897.3,1.2,
4360978,David Martin-Robinson,Tight End,2025,Titans,10,Active,75.0,247.0,26,,,,4,18,13.0,3.25,2.2410934,3.25,0,0,0,0,0,,,,0,0,0,,,6,4,30,1,0.6666666666666666,5.0,7.5,0,0,62.0,4.199999928474426,11.75,0.7142857142857143,1772.0,1.5,
4361050,Isaiah Likely,Tight End,2025,Ravens,33,Active,76.0,241.0,26,2022.0,4.0,139.0,11,18,61.69999957084656,5.60909087007696,3.7698452,8.974999904632568,0,0,0,0,0,,,,0,0,0,,,37,27,307,1,0.7297297297297297,8.297297297297296,11.37037037037037,2,1,60.90909090909091,5.518181800842285,10.636363636363637,0.4523809523809524,1865.3636363636365,1.4545454545454546,
4361088,Colson Yankoff,Tight End,2025,Commanders,28,Active,76.0,225.0,26,,,,3,14,3.8000000715255737,1.2666666905085249,0.9843215,1.2666666905085249,0,0,0,0,0,,,,0,0,0,,,3,2,18,0,0.6666666666666666,6.0,9.0,0,0,66.0,5.0,8.666666666666666,0.3,1854.6666666666667,2.0,
4361112,Devin Culp,Tight End,2025,Buccaneers,27,Active,76.0,237.0,26,2024.0,7.0,246.0,1,15,7.599999904632568,7.599999904632568,0.0,7.599999904632568,0,0,0,0,0,,,,0,0,0,,,1,1,6,1,1.0,6.0,6.0,0,0,61.0,5.5,10.0,1.0,1689.0,1.0,
4361182,Adrian Martinez,Quarterback,2025,49ers,25,Active,74.0,220.0,26,,,,1,9,-0.1000000014901161,-0.1000000014901161,0.0,-0.1000000014901161,0,0,0,0,0,,,,1,-1,0,-1.0,0.0,0,0,0,0,,,,0,0,65.0,5.800000190734863,11.0,0.8,1991.0,1.0,
4361259,Zach Wilson,Quarterback,2025,Dolphins,15,Active,74.0,214.0,26,2021.0,1.0,2.0,4,18,1.380000039935112,0.345000009983778,0.71768725,0.345000009983778,11,6,32,0,0,2.909090909090909,0.5454545454545454,0.0,3,1,0,0.3333333333333333,0.0,0,0,0,0,,,,0,0,57.0,4.6999998688697815,10.25,0.6923076923076923,1868.25,1.25,
4361307,Trey McBride,Tight End,2025,Cardinals,22,Active,76.0,246.0,26,2022.0,2.0,55.0,17,18,315.90000438690186,18.58235319922952,8.116671,20.30000042915344,0,0,0,0,0,,,,0,0,0,,,169,126,1239,11,0.7455621301775148,7.331360946745562,9.833333333333334,0,0,63.1764705882353,5.17647056018605,10.117647058823527,0.5409836065573771,1787.8235294117646,1.2352941176470589,
4361332,Shedrick Jackson,Wide Receiver,2025,Raiders,13,Active,73.0,198.0,26,,,,3,18,15.900000095367432,5.300000031789144,3.0408335,5.300000031789144,0,0,0,0,0,,,,1,3,0,3.0,0.0,5,4,56,1,0.8,11.2,14.0,0,0,54.333333333333336,4.133333444595337,10.0,0.3333333333333333,1617.6666666666667,1.3333333333333333,
4361370,Chris Olave,Wide Receiver,2025,Saints,18,Active,72.0,187.0,25,2022.0,1.0,11.0,16,17,267.99999618530273,16.74999976158142,7.6629834,22.299999713897705,1,0,0,0,1,0.0,0.0,0.0,1,-3,0,-3.0,0.0,156,100,1163,9,0.6410256410256411,7.455128205128205,11.63,0,0,63.125,5.043750062584877,10.25,0.4285714285714285,1705.9375,1.375,
4361372,Jeremy Ruckert,Tight End,2025,Jets,20,Active,77.0,250.0,25,2022.0,3.0,101.0,13,17,46.90000057220459,3.6076923517080455,2.1254725,2.950000047683716,0,0,0,0,0,,,,0,0,0,,,29,23,179,1,0.7931034482758621,6.172413793103448,7.782608695652174,0,0,60.53846153846154,4.68461535527156,11.0,0.40625,1724.3846153846157,1.4615384615384617,
4361409,Jahan Dotson,Wide Receiver,2025,Eagles,21,Active,71.0,184.0,26,2022.0,1.0,16.0,14,18,50.200000166893005,3.5857142976352145,3.3553486,3.150000035762787,0,0,0,0,0,,,,0,0,0,,,36,18,262,1,0.5,7.277777777777778,14.555555555555555,0,0,59.785714285714285,5.207142880984715,10.714285714285714,0.7142857142857143,1798.7142857142858,1.0714285714285714,
4361411,Pat Freiermuth,Tight End,2025,Steelers,23,Active,77.0,258.0,27,2021.0,2.0,55.0,15,18,113.60000097751616,7.573333398501078,6.2297635,7.7250001430511475,0,0,0,0,0,,,,0,0,0,,,54,41,486,4,0.7592592592592593,9.0,11.853658536585366,0,0,59.46666666666667,5.266666682561239,10.4,0.6136363636363636,1754.7333333333331,0.8666666666666667,
4361432,Romeo Doubs,Wide Receiver,2025,Packers,9,Active,74.0,204.0,26,2022.0,4.0,132.0,16,17,163.39999961853027,10.212499976158142,7.063539,8.549999833106995,0,0,0,0,0,,,,0,0,0,,,85,55,724,6,0.6470588235294118,8.51764705882353,13.163636363636364,1,0,60.0,5.812499985098839,9.75,0.5862068965517241,1800.5,0.8125,
4361516,Daniel Bellinger,Tight End,2025,Giants,19,Active,78.0,255.0,25,2022.0,4.0,112.0,12,18,59.59999907016754,4.966666589180629,5.188341,5.350000023841858,0,0,0,0,0,,,,0,0,0,,,26,19,286,2,0.7307692307692307,11.0,15.052631578947368,0,0,66.33333333333333,5.133333305517833,10.25,0.4888888888888889,1902.3333333333333,1.1666666666666667,
4361529,Isiah Pacheco,Running Back,2025,Chiefs,12,Active,70.0,216.0,27,2022.0,7.0,251.0,13,17,87.3000009059906,6.7153846850762005,3.7420356,5.449999988079071,0,0,0,0,0,,,,118,462,1,3.915254237288136,0.0084745762711864,26,19,101,1,0.7307692307692307,3.8846153846153846,5.315789473684211,0,0,60.69230769230769,5.184615336931669,9.538461538461538,0.6818181818181818,1777.0,0.6923076923076923,
4361577,Dyami Brown,Wide Receiver,2025,Jaguars,30,Active,72.0,195.0,26,2021.0,3.0,82.0,11,18,49.70000064373016,4.518181876702742,5.1150074,0.0499999821186065,0,0,0,0,0,,,,6,30,0,5.0,0.0,37,20,227,1,0.5405405405405406,6.135135135135135,11.35,1,1,64.81818181818181,5.218181870200417,10.727272727272728,0.6136363636363636,1935.7272727272727,1.0,
4361579,Javonte Williams,Running Back,2025,Cowboys,6,Active,70.0,220.0,26,2021.0,2.0,35.0,16,17,242.79999828338623,15.17499989271164,5.8259673,11.875,0,0,0,0,0,,,,252,1201,11,4.765873015873016,0.0436507936507936,51,35,137,2,0.6862745098039216,2.6862745098039214,3.914285714285714,2,2,66.625,6.006249994039536,10.375,0.5737704918032787,1862.3125,1.1875,
4361741,Brock Purdy,Quarterback,2025,49ers,25,Active,73.0,220.0,26,2022.0,7.0,262.0,9,18,215.38000059127808,23.931111176808677,12.180026,30.300000071525574,284,197,2167,20,10,7.630281690140845,0.6936619718309859,0.0704225352112676,33,147,3,4.454545454545454,0.0909090909090909,0,0,0,0,,,,3,2,63.0,5.544444455040826,10.11111111111111,0.6410256410256411,1899.888888888889,1.4444444444444444,
4361777,Zamir White,Running Back,2025,Raiders,13,Free Agent,71.0,227.0,26,2022.0,4.0,122.0,5,18,9.59999991953373,1.9199999839067456,1.2671226,2.1999999769032,0,0,0,0,0,,,,12,32,0,2.6666666666666665,0.0,6,4,24,0,0.6666666666666666,4.0,6.0,0,0,60.8,4.600000047683716,11.2,0.3636363636363636,1841.4,1.6,
4361988,James Mitchell,Tight End,2025,Panthers,29,Active,76.0,249.0,26,2022.0,5.0,177.0,2,5,5.799999952316284,2.899999976158142,0.7999996,2.899999976158142,0,0,0,0,0,,,,0,0,0,,,3,3,28,0,1.0,9.333333333333334,9.333333333333334,0,0,65.0,5.700000047683716,11.0,0.7142857142857143,1994.0,1.0,
4362018,Blake Whiteheart,Tight End,2025,Browns,5,Active,76.0,250.0,26,,,,6,18,2.399999976158142,0.399999996026357,0.57735026,0.3499999940395355,0,0,0,0,0,,,,0,0,0,,,6,2,4,0,0.3333333333333333,0.6666666666666666,2.0,1,0,59.833333333333336,4.399999976158142,11.5,0.4615384615384615,1734.6666666666667,1.3333333333333333,
4362238,Chase Brown,Running Back,2025,Bengals,4,Active,70.0,210.0,26,2023.0,5.0,163.0,17,18,280.60000371932983,16.505882571725284,7.26842,24.25000047683716,0,0,0,0,0,,,,232,1019,6,4.392241379310345,0.0258620689655172,88,69,437,5,0.7840909090909091,4.965909090909091,6.333333333333333,2,0,62.1764705882353,5.229411770315731,10.588235294117649,0.6666666666666666,1808.4117647058824,1.411764705882353,
4362249,Jayden Reed,Wide Receiver,2025,Packers,9,Active,71.0,187.0,26,2023.0,2.0,50.0,5,17,48.50000047683716,9.700000095367432,2.216303,8.75000011920929,0,0,0,0,0,,,,3,28,0,9.333333333333334,0.0,22,19,207,1,0.8636363636363636,9.409090909090908,10.894736842105264,0,0,55.2,6.319999885559082,9.4,0.3529411764705882,1671.0,1.2,
4362452,Jaret Patterson,Running Back,2025,Chargers,24,Active,68.0,195.0,26,,,,6,18,25.699999526143078,4.283333254357179,3.9401422,4.574999857693911,0,0,0,0,0,,,,41,159,1,3.8780487804878048,0.024390243902439,4,3,8,0,0.75,2.0,2.6666666666666665,0,0,66.5,4.799999952316284,11.166666666666666,0.5652173913043478,2024.1666666666667,1.0,
4362477,Derius Davis,Wide Receiver,2025,Chargers,24,Active,68.0,165.0,25,2023.0,4.0,125.0,6,18,1.5000000596046448,0.2500000099341075,1.1206397,0.3000000119209289,0,0,0,0,0,,,,2,5,0,2.5,0.0,3,2,10,0,0.6666666666666666,3.333333333333333,5.0,1,1,63.333333333333336,4.599999984105428,10.833333333333334,0.375,1830.0,1.0,
4362478,Emari Demercado,Running Back,2025,Cardinals,22,Active,69.0,215.0,27,,,,11,18,58.29999981075525,5.299999982795932,4.0174623,3.9499999284744254,0,0,0,0,0,,,,44,312,0,7.090909090909091,0.0,20,13,101,1,0.65,5.05,7.769230769230769,1,1,63.36363636363637,5.18181813846935,10.272727272727272,0.5365853658536586,1745.090909090909,1.4545454545454546,
4362523,Will Mallory,Tight End,2025,Colts,11,Active,76.0,239.0,26,2023.0,5.0,162.0,1,17,2.5999999046325684,2.5999999046325684,0.0,2.5999999046325684,0,0,0,0,0,,,,0,0,0,,,1,1,16,0,1.0,16.0,16.0,0,0,55.0,3.700000047683716,11.0,0.6666666666666666,1661.0,2.0,
4362603,Brenden Bates,Tight End,2025,Browns,5,Active,77.0,255.0,26,,,,4,18,8.800000309944153,2.200000077486038,1.589025,2.200000077486038,0,0,0,0,0,,,,0,0,0,,,5,4,48,0,0.8,9.6,12.0,0,0,58.0,4.974999964237213,10.0,0.5454545454545454,1885.75,1.25,
4362617,Bryce Oliver,Wide Receiver,2025,Titans,10,Active,73.0,214.0,26,,,,1,1,1.7999999523162842,1.7999999523162842,0.0,1.7999999523162842,0,0,0,0,0,,,,0,0,0,,,1,1,8,0,1.0,8.0,8.0,0,0,55.0,2.400000095367432,14.0,0.0,1684.0,2.0,
4362619,Chris Rodriguez Jr.,Running Back,2025,Commanders,28,Active,71.0,224.0,26,2023.0,6.0,193.0,12,18,91.99999989569189,7.666666657974322,4.633814,11.125,0,0,0,0,0,,,,112,500,6,4.464285714285714,0.0535714285714285,4,3,30,0,0.75,7.5,10.0,0,0,58.41666666666666,5.37500003973643,9.583333333333334,0.6388888888888888,1735.0833333333333,1.5,
4362628,Ja'Marr Chase,Wide Receiver,2025,Bengals,4,Active,72.0,205.0,26,2021.0,1.0,5.0,16,18,313.59999990463257,19.599999994039536,9.936798,22.925000190734863,0,0,0,0,0,,,,3,14,0,4.666666666666667,0.0,185,125,1412,8,0.6756756756756757,7.632432432432433,11.296,1,1,62.1875,5.2437500059604645,10.625,0.660377358490566,1821.0625,1.4375,
4362748,Tyler Badie,Running Back,2025,Broncos,7,Active,68.0,197.0,26,2022.0,6.0,196.0,14,18,35.39999961853027,2.528571401323591,1.5130051,2.4999999701976776,0,0,0,0,0,,,,8,23,0,2.875,0.0,31,19,141,0,0.6129032258064516,4.548387096774194,7.421052631578948,0,0,65.42857142857143,5.457142898014614,11.285714285714286,0.5918367346938775,1871.142857142857,1.0714285714285714,
4362887,Justin Fields,Quarterback,2025,Jets,20,Active,75.0,227.0,27,2021.0,1.0,11.0,9,11,146.66000080108645,16.29555564456516,10.32569,13.300000190734863,204,128,1259,7,1,6.171568627450981,0.6274509803921569,0.034313725490196,71,383,4,5.394366197183099,0.056338028169014,1,0,0,0,0.0,0.0,,4,3,58.888888888888886,4.688888854450649,10.77777777777778,0.5,1744.111111111111,1.1111111111111112,
4362921,Tyquan Thornton,Wide Receiver,2025,Chiefs,12,Active,74.0,185.0,25,2022.0,2.0,50.0,11,15,80.80000019073486,7.345454562794078,5.2970605,4.424999952316284,0,0,0,0,0,,,,0,0,0,,,37,19,438,3,0.5135135135135135,11.83783783783784,23.05263157894737,0,0,65.9090909090909,5.336363619024104,10.0,0.5238095238095238,1893.1818181818185,1.0,
4363551,Dylan Drummond,Wide Receiver,2025,Falcons,1,Active,72.0,190.0,26,,,,3,14,11.200000047683716,3.733333349227905,1.7249799,3.733333349227905,0,0,0,0,0,,,,0,0,0,,,11,7,42,0,0.6363636363636364,3.8181818181818175,6.0,0,0,61.333333333333336,5.233333428700765,11.333333333333334,0.4444444444444444,1774.6666666666667,1.6666666666666667,
4365395,Julian Hill,Tight End,2025,Dolphins,15,Day-To-Day,76.0,251.0,25,,,,10,18,28.99999976158142,2.899999976158142,1.9783832,2.224999964237213,0,0,0,0,0,,,,0,0,0,,,20,15,140,0,0.75,7.0,9.333333333333334,0,0,55.0,5.0299999713897705,10.4,0.5,1711.4,1.2,
4366963,Dylan Laube,Running Back,2025,Raiders,13,Active,69.0,204.0,26,2024.0,6.0,208.0,5,18,3.700000032782554,0.7400000065565109,1.849973,-3.725290298461914e-09,0,0,0,0,0,,,,7,9,0,1.2857142857142858,0.0,4,3,18,0,0.75,4.5,6.0,1,1,52.0,3.4799999713897707,10.8,0.25,1593.4,1.4,
4367209,Greg Dulcich,Tight End,2025,Dolphins,15,Active,76.0,245.0,26,2022.0,3.0,80.0,9,18,62.799999713897705,6.977777745988634,3.735647,8.600000023841858,0,0,0,0,0,,,,1,-7,0,-7.0,0.0,33,26,335,1,0.7878787878787878,10.151515151515152,12.884615384615383,1,1,56.11111111111112,5.599999984105428,11.11111111111111,0.48,1766.6666666666667,1.3333333333333333,
4367567,Julius Chestnut,Running Back,2025,Titans,10,Active,71.0,228.0,25,,,,7,16,3.999999932944775,0.5714285618492535,0.8412818,0.3000000063329935,0,0,0,0,0,,,,11,40,0,3.636363636363636,0.0,2,0,0,0,0.0,0.0,,0,0,62.285714285714285,4.342857190540859,10.857142857142858,0.625,1869.857142857143,1.0,
4368003,Andrei Iosivas,Wide Receiver,2025,Bengals,4,Active,75.0,210.0,26,2023.0,6.0,206.0,15,18,89.90000033378601,5.993333355585734,5.006059,3.5500000715255737,0,0,0,0,0,,,,3,14,0,4.666666666666667,0.0,58,33,435,2,0.5689655172413793,7.5,13.181818181818182,0,0,63.73333333333333,5.513333336512248,10.466666666666669,0.66,1836.5333333333333,1.2666666666666666,
4369466,Ryan Miller,Wide Receiver,2025,Buccaneers,27,Active,74.0,221.0,26,,,,5,11,11.400000095367432,2.280000019073486,3.4862015,2.850000023841858,0,0,0,0,0,,,,0,0,0,,,4,2,34,1,0.5,8.5,17.0,0,0,65.2,4.840000009536743,11.6,0.4285714285714285,1891.2,0.8,
4369863,Cedric Tillman,Wide Receiver,2025,Browns,5,Active,75.0,215.0,26,2023.0,3.0,74.0,12,18,59.99999988079071,4.999999990065892,4.3927975,3.3999999165534973,0,0,0,0,0,,,,0,0,0,,,39,21,270,2,0.5384615384615384,6.923076923076923,12.857142857142858,0,0,60.583333333333336,4.508333285649617,11.583333333333334,0.56,1784.25,1.6666666666666667,
4371733,Kenneth Gainwell,Running Back,2025,Steelers,23,Active,69.0,200.0,27,2021.0,5.0,150.0,17,18,221.30000162124637,13.01764715419096,9.097914,17.899999856948853,0,0,0,0,0,,,,114,537,5,4.7105263157894735,0.043859649122807,85,73,486,3,0.8588235294117647,5.7176470588235295,6.657534246575342,2,1,58.11764705882353,5.223529437009026,10.411764705882351,0.5882352941176471,1705.1764705882354,0.8823529411764706,
4372016,Jaylen Waddle,Wide Receiver,2025,Dolphins,15,Active,70.0,185.0,27,2021.0,1.0,6.0,16,17,194.11999768018725,12.132499855011702,6.6530137,8.900000020861626,1,1,8,0,0,8.0,1.0,0.0,2,28,0,14.0,0.0,100,64,910,6,0.64,9.1,14.21875,1,0,55.9375,5.531249955296516,10.3125,0.5777777777777777,1736.375,1.375,
4372019,Jerome Ford,Running Back,2025,Browns,5,Active,70.0,210.0,26,2022.0,5.0,156.0,13,14,43.59999953955412,3.35384611842724,3.156828,1.89999995008111,0,0,0,0,0,,,,24,73,0,3.0416666666666665,0.0,32,26,103,0,0.8125,3.21875,3.9615384615384617,0,0,62.15384615384615,4.353846146510198,11.76923076923077,0.5806451612903226,1762.3846153846157,1.3076923076923077,
4372063,Ronnie Bell,Wide Receiver,2025,Saints,18,Active,72.0,192.0,26,2023.0,7.0,253.0,1,18,10.300000190734863,10.300000190734863,0.0,10.300000190734863,0,0,0,0,0,,,,0,0,0,,,4,2,23,1,0.5,5.75,11.5,0,0,65.0,5.199999809265137,11.0,0.6666666666666666,1879.0,2.0,
4372071,Hassan Haskins,Running Back,2025,Chargers,24,Free Agent,74.0,228.0,26,2022.0,4.0,131.0,5,18,9.999999940395355,1.999999988079071,1.0430722,1.8749999850988388,0,0,0,0,0,,,,17,47,0,2.764705882352941,0.0,4,4,13,0,1.0,3.25,3.25,0,0,66.8,5.580000019073486,9.4,0.4210526315789473,1962.2,1.4,
4372096,Luke Schoonmaker,Tight End,2025,Cowboys,6,Active,77.0,250.0,27,2023.0,2.0,58.0,14,18,27.200000166893005,1.942857154778072,1.3767012,2.950000047683716,0,0,0,0,0,,,,0,0,0,,,23,14,132,0,0.6086956521739131,5.739130434782608,9.428571428571429,0,0,66.92857142857143,5.9142857279096335,10.428571428571429,0.5660377358490566,1855.7142857142856,1.3571428571428572,
4372414,Elijah Moore,Wide Receiver,2025,Bills,2,Active,70.0,178.0,26,2021.0,2.0,34.0,9,12,28.599999606609344,3.177777734067705,3.2275817,2.424999997019768,0,0,0,0,0,,,,6,24,1,4.0,0.1666666666666666,17,9,112,0,0.5294117647058824,6.588235294117647,12.444444444444445,0,0,63.55555555555556,5.977777851952447,10.77777777777778,0.6333333333333333,1977.888888888889,1.0,
4372505,Payne Durham,Tight End,2025,Buccaneers,27,Active,77.0,255.0,25,2023.0,5.0,171.0,4,18,2.0999999046325684,0.5249999761581421,0.9093266,0.5249999761581421,0,0,0,0,0,,,,0,0,0,,,4,1,11,0,0.25,2.75,11.0,0,0,65.25,5.149999976158142,10.0,0.5384615384615384,2061.25,0.25,
4372716,Nikko Remigio,Wide Receiver,2025,Chiefs,12,Active,69.0,187.0,26,,,,4,16,4.199999928474426,1.0499999821186066,1.265899,1.0499999821186066,0,0,0,0,0,,,,1,11,0,11.0,0.0,1,1,21,0,1.0,21.0,21.0,2,0,61.0,4.6249998807907104,9.5,0.6363636363636364,1850.75,0.25,
4372758,Kevin Austin Jr.,Wide Receiver,2025,Saints,18,Active,74.0,200.0,26,,,,5,18,32.99999976158142,6.599999952316284,5.03309,8.249999940395355,0,0,0,0,0,,,,0,0,0,,,23,13,140,1,0.5652173913043478,6.086956521739131,10.76923076923077,0,0,65.6,5.600000095367432,10.6,0.5,1859.2,1.0,
4372780,Tommy Tremble,Tight End,2025,Panthers,29,Active,76.0,250.0,26,2021.0,3.0,83.0,15,18,63.90000021457672,4.260000014305115,4.3873763,4.825000047683716,0,0,0,0,0,,,,0,0,0,,,37,27,249,2,0.7297297297297297,6.72972972972973,9.22222222222222,0,0,61.2,4.993333355585734,9.8,0.5609756097560976,1833.7333333333331,1.2666666666666666,
4373030,Ben Sims,Tight End,2025,Vikings,16,Active,77.0,250.0,26,,,,3,18,5.9999998807907104,1.99999996026357,0.61644125,1.99999996026357,0,0,0,0,0,,,,0,0,0,,,6,3,30,0,0.5,5.0,10.0,0,0,58.66666666666666,4.666666587193807,9.666666666666666,0.6666666666666666,1917.3333333333333,0.3333333333333333,
4373273,British Brooks,Running Back,2025,Texans,34,Active,71.0,225.0,26,,,,3,18,7.800000190734863,2.600000063578288,2.687006,2.600000063578288,0,0,0,0,0,,,,17,78,0,4.588235294117647,0.0,0,0,0,0,,,,0,0,67.33333333333333,5.100000143051148,11.666666666666666,0.5454545454545454,1988.0,0.0,
4373626,Tyler Allgeier,Running Back,2025,Falcons,1,Active,70.0,220.0,26,2022.0,5.0,151.0,17,18,123.00000154972076,7.235294208807104,5.1901426,3.825000047683716,0,0,0,0,0,,,,143,514,8,3.5944055944055946,0.0559440559440559,16,14,96,0,0.875,6.0,6.857142857142857,0,0,61.64705882352941,5.382352969225715,10.823529411764708,0.62,1799.6470588235295,1.0588235294117647,
4373678,Khalil Shakir,Wide Receiver,2025,Bills,2,Active,72.0,190.0,26,2022.0,5.0,148.0,16,17,166.39999955892563,10.399999972432852,5.6164947,9.50000011920929,0,0,0,0,0,,,,1,5,0,5.0,0.0,95,72,719,4,0.7578947368421053,7.568421052631579,9.98611111111111,1,1,63.125,5.900000035762787,10.375,0.6440677966101694,1969.0625,1.1875,
4374187,Deven Thompkins,Wide Receiver,2025,Falcons,1,Free Agent,68.0,155.0,26,,,,2,14,6.200000166893005,3.1000000834465027,1.6999998,3.1000000834465027,0,0,0,0,0,,,,1,5,0,5.0,0.0,3,3,27,0,1.0,9.0,9.0,0,0,64.5,5.100000143051148,11.0,0.4285714285714285,1847.5,2.0,
4374302,Amon-Ra St. Brown,Wide Receiver,2025,Lions,8,Active,72.0,202.0,26,2021.0,4.0,112.0,17,18,324.00000190734863,19.058823641608743,10.60289,22.62500023841858,0,0,0,0,0,,,,3,9,0,3.0,0.0,172,117,1401,11,0.6802325581395349,8.145348837209303,11.974358974358974,1,0,62.52941176470589,5.97058824931874,11.0,0.625,1833.235294117647,0.8823529411764706,
4379399,James Cook III,Running Back,2025,Bills,2,Active,71.0,190.0,26,2022.0,2.0,63.0,17,18,302.19999837875366,17.776470492867862,8.92686,16.924999952316284,0,0,0,0,0,,,,309,1621,12,5.2459546925566345,0.0388349514563106,40,33,291,2,0.825,7.275,8.818181818181818,6,3,63.64705882352941,5.935294151306152,10.294117647058824,0.6615384615384615,1988.5294117647056,1.1176470588235294,
4379401,John FitzPatrick,Tight End,2025,Packers,9,Free Agent,79.0,262.0,26,2022.0,6.0,213.0,10,16,25.20000004768372,2.5200000047683715,2.614498,2.0500000715255737,0,0,0,0,0,,,,0,0,0,,,15,12,72,1,0.8,4.8,6.0,0,0,58.5,5.5499999761581424,9.8,0.5555555555555556,1809.6,0.5,
4382466,Jalen Nailor,Wide Receiver,2025,Vikings,16,Active,72.0,190.0,27,2022.0,6.0,191.0,17,18,98.69999861717224,5.805882271598367,6.4141817,6.850000023841858,0,0,0,0,0,,,,2,13,0,6.5,0.0,53,29,444,4,0.5471698113207547,8.377358490566039,15.310344827586206,0,0,56.11764705882353,4.823529397740083,10.823529411764708,0.5686274509803921,1699.5882352941176,1.7647058823529411,
4383351,Trey Lance,Quarterback,2025,Chargers,24,Active,76.0,226.0,26,2021.0,1.0,3.0,4,18,13.540000081062315,3.3850000202655792,2.9570384,3.3850000202655792,57,27,226,0,1,3.9649122807017534,0.4736842105263157,0.0,17,85,0,5.0,0.0,0,0,0,0,,,,1,1,61.5,4.099999904632568,10.0,0.4,1772.75,1.5,
4383396,Hunter Luepke,Running Back,2025,Cowboys,6,Active,73.0,238.0,26,,,,11,18,36.99999983608723,3.3636363487352026,2.6509938,3.850000023841858,0,0,0,0,0,,,,16,71,0,4.4375,0.0,15,13,109,1,0.8666666666666667,7.266666666666667,8.384615384615385,0,0,64.36363636363636,6.054545445875688,10.454545454545457,0.6,1849.636363636364,0.7272727272727273,
4383429,Jacob Saylors,Running Back,2025,Lions,8,Active,71.0,195.0,26,,,,1,4,1.100000023841858,1.100000023841858,0.0,1.100000023841858,0,0,0,0,0,,,,2,11,0,5.5,0.0,0,0,0,0,,,,0,0,56.0,4.900000095367432,13.0,1.0,1696.0,1.0,
4383440,Nate Adkins,Tight End,2025,Broncos,7,Active,75.0,252.0,26,,,,6,16,16.800000190734863,2.800000031789144,3.6810324,3.575000047683716,0,0,0,0,0,,,,0,0,0,,,11,6,48,1,0.5454545454545454,4.363636363636363,8.0,0,0,67.5,5.916666746139526,11.666666666666666,0.7142857142857143,1864.5,0.8333333333333334,
4385690,Dalton Kincaid,Tight End,2025,Bills,2,Active,75.0,246.0,26,2023.0,1.0,25.0,12,18,126.1000006198883,10.508333384990692,6.2827096,7.075000166893005,0,0,0,0,0,,,,0,0,0,,,49,39,571,5,0.7959183673469388,11.653061224489797,14.64102564102564,1,0,63.5,6.108333349227905,10.166666666666666,0.6938775510204082,2002.9166666666667,0.6666666666666666,
4386544,Xavier Smith,Wide Receiver,2025,Rams,14,Active,69.0,180.0,28,,,,10,18,48.299999475479126,4.829999947547913,3.5171154,5.399999916553497,0,0,0,0,0,,,,0,0,0,,,24,18,303,0,0.75,12.625,16.833333333333332,0,0,65.2,5.969999980926514,10.7,0.6888888888888889,1930.4,0.8,
4401805,Dareke Young,Wide Receiver,2025,Seahawks,26,Active,74.0,224.0,27,2022.0,7.0,233.0,3,17,6.799999952316284,2.2666666507720947,1.8785336,2.2666666507720947,0,0,0,0,0,,,,0,0,0,,,3,2,48,0,0.6666666666666666,16.0,24.0,0,0,58.0,6.300000190734863,10.333333333333334,0.7333333333333333,1776.6666666666667,1.6666666666666667,
4421446,Craig Reynolds,Running Back,2025,Lions,8,Free Agent,71.0,216.0,29,,,,1,2,0.4000000059604645,0.4000000059604645,0.0,0.4000000059604645,0,0,0,0,0,,,,3,4,0,1.3333333333333333,0.0,0,0,0,0,,,,0,0,58.0,8.800000190734863,12.0,0.8571428571428571,1820.0,0.0,
4424106,Gunner Olszewski,Wide Receiver,2025,Giants,19,Day-To-Day,72.0,190.0,29,,,,6,18,35.820000648498535,5.970000108083089,6.7298713,6.605000257492065,2,1,33,1,0,16.5,0.5,0.5,0,0,0,,,13,10,145,1,0.7692307692307693,11.153846153846152,14.5,1,1,64.66666666666667,5.599999984105428,10.333333333333334,0.45,1857.8333333333333,0.6666666666666666,
4426338,Bo Nix,Quarterback,2025,Broncos,7,Active,74.0,217.0,26,2024.0,1.0,12.0,17,18,346.8400011062622,20.40235300625072,9.246921,21.57000041007996,612,388,3931,25,11,6.423202614379085,0.6339869281045751,0.0408496732026143,83,356,5,4.289156626506024,0.0602409638554216,1,0,0,0,0.0,0.0,,4,2,64.23529411764706,5.323529467863195,11.176470588235292,0.5789473684210527,1873.6470588235293,1.0,
4426339,Spencer Rattler,Quarterback,2025,Saints,18,Active,72.0,211.0,25,2024.0,5.0,150.0,9,15,115.14000105857848,12.793333450953163,7.709936,7.060000121593475,257,174,1586,8,5,6.171206225680934,0.6770428015564203,0.0311284046692607,31,167,0,5.387096774193548,0.0,2,1,0,0,0.5,0.0,0.0,4,2,63.44444444444444,4.788888931274414,10.22222222222222,0.4583333333333333,1702.111111111111,1.3333333333333333,
4426348,Jayden Daniels,Quarterback,2025,Commanders,28,Active,76.0,210.0,25,2024.0,1.0,2.0,7,14,128.28000044822693,18.325714349746704,7.254412,16.32999986410141,188,114,1262,8,3,6.712765957446808,0.6063829787234043,0.0425531914893617,58,278,2,4.793103448275862,0.0344827586206896,0,0,0,0,,,,3,2,60.0,5.271428516932896,9.857142857142858,0.7222222222222222,1720.857142857143,1.5714285714285714,
4426354,George Pickens,Wide Receiver,2025,Cowboys,6,Active,75.0,200.0,25,2022.0,2.0,52.0,17,18,289.8999990224838,17.05294111896964,9.378961,11.500000089406967,0,0,0,0,0,,,,0,0,0,,,137,93,1429,9,0.6788321167883211,10.430656934306567,15.365591397849462,4,0,65.88235294117646,5.96470588796279,10.411764705882351,0.5692307692307692,1847.6470588235293,1.2352941176470589,
4426385,Zach Charbonnet,Running Back,2025,Seahawks,26,Active,73.0,220.0,25,2023.0,2.0,52.0,16,18,179.4000005722046,11.212500035762789,6.3865004,15.850000262260435,0,0,0,0,0,,,,184,730,12,3.967391304347826,0.0652173913043478,24,20,144,0,0.8333333333333334,6.0,7.2,0,0,60.0625,5.981250017881393,11.0,0.5185185185185185,1821.5625,1.6875,
4426386,Roschon Johnson,Running Back,2025,Bears,3,Active,72.0,227.0,25,2023.0,4.0,115.0,2,7,1.7000000476837158,0.8500000238418579,0.25,0.8500000238418579,0,0,0,0,0,,,,2,17,0,8.5,0.0,0,0,0,0,,,,0,0,63.0,6.150000095367432,11.0,0.3333333333333333,1942.5,0.5,
4426388,Jameson Williams,Wide Receiver,2025,Lions,8,Active,73.0,182.0,25,2022.0,1.0,12.0,17,18,219.8999981880188,12.935294011059929,8.695633,14.37499976158142,0,0,0,0,0,,,,6,12,0,2.0,0.0,102,65,1117,7,0.6372549019607843,10.950980392156865,17.184615384615384,0,0,62.52941176470589,5.97058824931874,11.0,0.625,1833.235294117647,0.8823529411764706,
4426485,Jonathan Mingo,Wide Receiver,2025,Cowboys,6,Active,74.0,220.0,25,2023.0,2.0,39.0,5,18,3.5,0.7,1.4,0.875,0,0,0,0,0,,,,0,0,0,,,5,1,25,0,0.2,5.0,25.0,0,0,68.4,5.7,10.0,0.4705882352941176,1861.8,1.2,
4426496,Cade Stover,Tight End,2025,Texans,34,Active,76.0,251.0,25,2024.0,4.0,123.0,6,18,19.899999737739563,3.316666622956594,2.0651207,3.4249999821186066,0,0,0,0,0,,,,4,3,0,0.75,0.0,16,12,76,0,0.75,4.75,6.333333333333333,0,0,62.0,5.066666682561238,10.666666666666666,0.4761904761904761,1863.3333333333333,0.5,
4426502,Drake London,Wide Receiver,2025,Falcons,1,Active,76.0,215.0,24,2022.0,1.0,8.0,12,18,199.89999663829803,16.6583330531915,10.8646555,10.949999660253525,0,0,0,0,0,,,,0,0,0,,,112,68,919,7,0.6071428571428571,8.205357142857142,13.514705882352942,1,1,62.41666666666666,5.358333349227905,10.75,0.6285714285714286,1836.4166666666667,0.9166666666666666,
4426515,Puka Nacua,Wide Receiver,2025,Rams,14,Active,74.0,216.0,25,2023.0,5.0,177.0,16,18,375.0,23.4375,9.884641,29.024999856948853,0,0,0,0,0,,,,10,105,1,10.5,0.1,166,129,1715,10,0.7771084337349398,10.33132530120482,13.294573643410851,1,1,64.0,6.256249964237213,10.5625,0.6111111111111112,1842.0,0.9375,
4426535,Theo Wease Jr.,Wide Receiver,2025,Dolphins,15,Active,74.0,210.0,24,,,,3,18,25.90000009536743,8.633333365122477,3.419876,8.633333365122477,0,0,0,0,0,,,,0,0,0,,,10,6,139,1,0.6,13.9,23.166666666666668,0,0,55.333333333333336,5.166666587193807,11.333333333333334,0.5,1711.0,1.6666666666666667,
4426553,Davis Allen,Tight End,2025,Rams,14,Active,78.0,253.0,25,2023.0,5.0,175.0,15,18,62.80000042915344,4.186666695276896,2.827688,3.524999976158142,0,0,0,0,0,,,,0,0,0,,,33,24,208,3,0.7272727272727273,6.303030303030303,8.666666666666666,0,0,65.0,6.23333330154419,10.6,0.6376811594202898,1882.1333333333332,0.7333333333333333,
4426689,Ulysses Bentley IV,Running Back,2025,Colts,11,Active,70.0,200.0,25,,,,1,1,0.0,0.0,0.0,0.0,0,0,0,0,0,,,,1,0,0,0.0,0.0,0,0,0,0,,,,0,0,70.0,6.0,7.0,0.5,2323.0,0.0,
4426844,Elijah Higgins,Tight End,2025,Cardinals,22,Active,75.0,245.0,25,2023.0,6.0,197.0,15,18,58.1000007390976,3.873333382606506,3.8582323,5.8000001311302185,0,0,0,0,0,,,,0,0,0,,,37,30,301,0,0.8108108108108109,8.135135135135135,10.033333333333331,1,1,62.266666666666666,5.313333288828532,9.933333333333334,0.5454545454545454,1766.0666666666666,1.2666666666666666,
4426948,Luke McCaffrey,Wide Receiver,2025,Commanders,28,Active,74.0,195.0,25,2024.0,3.0,100.0,7,8,49.30000114440918,7.042857306344168,4.592185,5.425000071525574,0,0,0,0,0,,,,0,0,0,,,15,11,203,3,0.7333333333333333,13.533333333333331,18.454545454545453,0,0,57.285714285714285,5.657142911638532,10.0,0.75,1656.7142857142858,1.4285714285714286,
4426990,Jalen Cropper,Wide Receiver,2025,Cowboys,6,Free Agent,72.0,172.0,25,,,,1,6,0.0,0.0,0.0,0.0,0,0,0,0,0,,,,0,0,0,,,0,0,0,0,,,,1,0,53.0,5.5,9.0,0.5,1678.0,0.0,
4427095,DeMario Douglas,Wide Receiver,2025,Patriots,17,Active,68.0,192.0,25,2023.0,6.0,210.0,16,18,95.80000007152556,5.987500004470348,5.035732,2.2500000298023224,0,0,0,0,0,,,,7,21,0,3.0,0.0,46,31,447,3,0.6739130434782609,9.717391304347826,14.419354838709678,0,0,62.25,6.21875,10.3125,0.5423728813559322,1902.1875,1.0,
4427238,Dillon Gabriel,Quarterback,2025,Browns,5,Active,71.0,205.0,25,2025.0,3.0,94.0,10,16,84.08000087738037,8.408000087738037,8.275739,6.75,185,110,937,7,2,5.064864864864865,0.5945945945945946,0.0378378378378378,14,86,0,6.142857142857143,0.0,0,0,0,0,,,,0,0,63.2,4.0699999809265135,11.3,0.5,1824.1,1.2,
4427278,Xavier Gipson,Wide Receiver,2025,Eagles,21,Active,69.0,189.0,25,,,,4,12,-1.4000000357627869,-0.3500000089406967,1.192686,-0.3500000089406967,0,0,0,0,0,,,,0,0,0,,,2,2,6,0,1.0,3.0,3.0,3,2,61.5,5.900000095367432,11.0,0.7692307692307693,2021.0,0.75,
4427366,Breece Hall,Running Back,2025,Jets,20,Active,71.0,217.0,25,2022.0,2.0,36.0,16,17,209.66000032424927,13.10375002026558,7.7240987,9.799999952316284,1,1,4,1,0,4.0,1.0,1.0,243,1065,4,4.382716049382716,0.0164609053497942,48,36,350,1,0.75,7.291666666666667,9.72222222222222,2,2,60.25,4.4624999687075615,11.0,0.4324324324324324,1719.4375,1.4375,
4427600,Terrell Jennings,Running Back,2025,Patriots,17,Active,72.0,217.0,25,,,,5,12,15.199999570846558,3.039999914169312,4.23065,3.3499999046325684,0,0,0,0,0,,,,23,73,1,3.1739130434782608,0.0434782608695652,1,1,9,0,1.0,9.0,9.0,0,0,64.6,6.140000057220459,10.8,0.4705882352941176,2019.6,1.2,
4427728,Bam Knight,Running Back,2025,Cardinals,22,Active,71.0,210.0,25,,,,10,15,92.8999979943037,9.28999979943037,4.884147,9.04999978467822,0,0,0,0,0,,,,82,269,4,3.2804878048780486,0.048780487804878,31,22,160,1,0.7096774193548387,5.161290322580645,7.272727272727272,1,1,67.4,5.32999997138977,10.7,0.5853658536585366,1874.8,1.5,
4428085,Luke Musgrave,Tight End,2025,Packers,9,Active,78.0,253.0,25,2023.0,2.0,42.0,13,16,49.199999928474426,3.7846153791134176,2.5215514,5.874999940395355,0,0,0,0,0,,,,0,0,0,,,31,24,252,0,0.7741935483870968,8.129032258064516,10.5,1,0,61.69230769230769,5.853846146510198,9.76923076923077,0.58,1847.692307692308,0.7692307692307693,
4428209,Ricky Pearsall,Wide Receiver,2025,49ers,25,Active,73.0,189.0,25,2024.0,1.0,31.0,9,17,88.60000157356262,9.844444619284737,6.1420426,8.82500010728836,0,0,0,0,0,,,,2,-2,0,-1.0,0.0,53,36,528,0,0.6792452830188679,9.962264150943396,14.666666666666666,0,0,65.44444444444444,5.544444455040826,10.444444444444445,0.631578947368421,1905.3333333333333,1.4444444444444444,
4428331,Rashee Rice,Wide Receiver,2025,Chiefs,12,Active,73.0,204.0,26,2023.0,2.0,55.0,8,15,148.1000018119812,18.51250022649765,7.4391594,17.75000011920929,0,0,0,0,0,,,,5,20,1,4.0,0.2,78,53,571,5,0.6794871794871795,7.32051282051282,10.773584905660377,2,0,67.125,5.275000035762787,10.125,0.5666666666666667,1927.25,1.375,
4428512,Kedon Slovis,Quarterback,2025,Cardinals,22,Active,74.0,223.0,25,,,,2,12,-0.0799999982118606,-0.0399999991059303,0.04,-0.0399999991059303,2,1,-2,0,0,-1.0,0.5,0.0,0,0,0,,,0,0,0,0,,,,0,0,74.5,4.450000047683716,12.0,0.4444444444444444,1913.0,1.0,
4428557,Tyjae Spears,Running Back,2025,Titans,10,Active,71.0,195.0,24,2023.0,3.0,81.0,13,18,111.69999933242798,8.592307640955998,5.3338485,9.47499993443489,0,0,0,0,0,,,,72,283,2,3.9305555555555554,0.0277777777777777,50,45,264,0,0.9,5.28,5.866666666666666,0,0,59.53846153846154,4.615384578704834,10.692307692307692,0.6153846153846154,1773.0,1.0769230769230769,
4428678,Jamari Thrash,Wide Receiver,2025,Browns,5,Active,72.0,190.0,25,2024.0,5.0,156.0,8,10,20.699999928474423,2.5874999910593037,1.4391292,2.924999952316284,0,0,0,0,0,,,,0,0,0,,,15,10,107,0,0.6666666666666666,7.133333333333334,10.7,0,0,64.625,4.137500017881393,11.0,0.5714285714285714,1812.25,0.875,
4428718,Tre Tucker,Wide Receiver,2025,Raiders,13,Active,68.0,182.0,25,2023.0,3.0,100.0,17,18,161.7000012397766,9.511764778810388,8.671041,6.174999833106995,0,0,0,0,0,,,,11,51,0,4.636363636363637,0.0,92,57,696,5,0.6195652173913043,7.565217391304348,12.210526315789474,0,0,55.76470588235294,4.352941204519833,10.705882352941176,0.5,1682.8823529411766,1.3529411764705883,
4428796,Casey Washington,Wide Receiver,2025,Falcons,1,Active,72.0,205.0,25,2024.0,6.0,187.0,5,8,15.40000033378601,3.080000066757202,2.0103729,2.275000035762787,0,0,0,0,0,,,,0,0,0,,,14,6,94,0,0.4285714285714285,6.714285714285714,15.666666666666666,0,0,62.0,5.540000057220459,10.4,0.5333333333333333,1811.6,0.6,
4428811,Xavier Weaver,Wide Receiver,2025,Cardinals,22,Active,73.0,185.0,25,,,,6,17,13.700000166893004,2.2833333611488342,1.786446,2.550000041723252,0,0,0,0,0,,,,0,0,0,,,13,7,67,0,0.5384615384615384,5.153846153846154,9.571428571428571,0,0,63.66666666666666,5.250000079472859,10.333333333333334,0.5294117647058824,1723.5,1.3333333333333333,
4428850,Dontayvion Wicks,Wide Receiver,2025,Packers,9,Active,73.0,206.0,24,2023.0,5.0,159.0,13,17,75.7999997138977,5.830769208761362,6.744158,8.625000029802322,0,0,0,0,0,,,,1,6,0,6.0,0.0,46,30,332,2,0.6521739130434783,7.217391304347826,11.066666666666666,0,0,60.15384615384615,5.646153835149912,9.846153846153848,0.6170212765957447,1807.6153846153843,0.7692307692307693,
4428943,Jacardia Wright,Running Back,2025,Seahawks,26,Active,72.0,218.0,25,,,,1,3,2.0,2.0,0.0,2.0,0,0,0,0,0,,,,5,20,0,4.0,0.0,0,0,0,0,,,,0,0,54.0,5.900000095367432,11.0,0.8,1664.0,1.0,
4429012,Kendall Milton,Running Back,2025,Bengals,4,Active,73.0,230.0,24,,,,1,11,0.2000000029802322,0.2000000029802322,0.0,0.2000000029802322,0,0,0,0,0,,,,2,2,0,1.0,0.0,0,0,0,0,,,,0,0,63.0,4.699999809265137,10.0,0.0,1795.0,2.0,
4429013,Tank Bigsby,Running Back,2025,Eagles,21,Active,71.0,215.0,23,2023.0,3.0,88.0,11,18,53.79999974370003,4.890909067609093,5.2507057,8.724999994039536,0,0,0,0,0,,,,63,356,2,5.650793650793651,0.0317460317460317,4,3,32,0,0.75,8.0,10.666666666666666,0,0,60.90909090909091,5.563636432994496,10.454545454545457,0.5806451612903226,1868.909090909091,1.0,
4429022,Kayshon Boutte,Wide Receiver,2025,Patriots,17,Active,71.0,197.0,24,2023.0,6.0,187.0,14,18,124.09999918937685,8.864285656384059,7.104183,6.125,0,0,0,0,0,,,,0,0,0,,,46,33,551,6,0.717391304347826,11.978260869565217,16.696969696969695,0,0,61.5,6.142857142857143,10.214285714285714,0.5294117647058824,1888.2142857142856,1.0714285714285714,
4429025,Quentin Johnston,Wide Receiver,2025,Chargers,24,Active,74.0,208.0,24,2023.0,1.0,21.0,13,17,171.19999814033508,13.169230626179624,7.150944,12.324999988079073,0,0,0,0,0,,,,2,7,0,3.5,0.0,85,51,735,8,0.6,8.647058823529411,14.411764705882351,1,1,63.84615384615385,5.230769230769231,10.384615384615383,0.5,1950.6153846153843,1.2307692307692308,
4429059,Woody Marks,Running Back,2025,Texans,34,Active,70.0,208.0,25,2025.0,4.0,116.0,16,18,145.10000091791153,9.06875005736947,6.7143235,8.925000190734863,0,0,0,0,0,,,,196,703,2,3.586734693877551,0.010204081632653,36,24,208,3,0.6666666666666666,5.777777777777778,8.666666666666666,1,0,64.1875,5.143750041723251,11.375,0.4615384615384615,1909.0,0.75,
4429084,Anthony Richardson Sr.,Quarterback,2025,Colts,11,Active,76.0,244.0,24,2023.0,1.0,4.0,2,5,2.1599999889731407,1.0799999944865704,1.18,1.0799999944865704,2,1,9,0,0,4.5,0.5,0.0,4,-1,0,-0.25,0.0,1,1,9,0,1.0,9.0,9.0,0,0,55.0,6.25,8.5,0.8,1658.0,0.0,
4429086,Michael Mayer,Tight End,2025,Raiders,13,Active,76.0,256.0,24,2023.0,2.0,35.0,12,18,73.7999997138977,6.149999976158142,5.336431,7.4999998807907104,0,0,0,0,0,,,,0,0,0,,,50,35,328,1,0.7,6.56,9.371428571428572,1,0,57.91666666666666,4.375000019868215,11.333333333333334,0.52,1754.1666666666667,1.25,
4429096,Blake Corum,Running Back,2025,Rams,14,Active,68.0,202.0,25,2024.0,3.0,83.0,17,18,122.2000014781952,7.188235381070306,6.2991014,8.975000202655792,0,0,0,0,0,,,,145,746,6,5.144827586206897,0.0413793103448275,14,8,36,0,0.5714285714285714,2.571428571428572,4.5,0,0,63.88235294117647,6.147058795480167,10.647058823529411,0.631578947368421,1845.764705882353,0.8823529411764706,
4429105,Arian Smith,Wide Receiver,2025,Jets,20,Active,72.0,179.0,24,2025.0,4.0,110.0,12,18,13.500000074505806,1.1250000062088172,1.023169,0.425000000745058,0,0,0,0,0,,,,4,13,0,3.25,0.0,16,7,52,0,0.4375,3.25,7.428571428571429,0,0,59.5,4.033333271741867,10.75,0.4583333333333333,1686.1666666666667,1.25,
4429121,Kalel Mullings,Running Back,2025,Titans,10,Active,74.0,226.0,23,2025.0,6.0,188.0,3,17,0.7000000178813934,0.2333333392937978,0.1699673,0.2333333392937978,0,0,0,0,0,,,,3,7,0,2.333333333333333,0.0,0,0,0,0,,,,0,0,63.66666666666666,5.433333237965901,10.666666666666666,0.6666666666666666,1852.3333333333333,0.3333333333333333,
4429148,Theo Johnson,Tight End,2025,Giants,19,Active,78.0,264.0,25,2024.0,4.0,107.0,15,16,127.7999987602234,8.519999917348226,5.626272,6.699999928474426,0,0,0,0,0,,,,0,0,0,,,74,45,528,5,0.6081081081081081,7.135135135135135,11.733333333333333,0,0,63.53333333333333,5.113333336512247,10.2,0.4693877551020408,1850.2,1.0666666666666669,
4429160,De'Von Achane,Running Back,2025,Dolphins,15,Active,69.0,191.0,24,2023.0,3.0,84.0,16,17,322.8000030517578,20.175000190734863,6.792586,17.100000143051147,0,0,0,0,0,,,,238,1350,8,5.6722689075630255,0.0336134453781512,85,67,488,4,0.788235294117647,5.741176470588235,7.2835820895522385,1,0,55.9375,5.531249955296516,10.3125,0.5777777777777777,1736.375,1.375,
4429205,Jordan Addison,Wide Receiver,2025,Vikings,16,Active,71.0,179.0,24,2023.0,1.0,23.0,14,18,135.099999666214,9.649999976158142,5.4555016,6.875000059604645,0,0,0,0,0,,,,2,81,1,40.5,0.5,79,42,610,3,0.5316455696202531,7.7215189873417724,14.523809523809524,0,0,57.21428571428572,4.742857132639204,10.642857142857142,0.5476190476190477,1714.428571428571,1.7857142857142858,
4429275,Trey Benson,Running Back,2025,Cardinals,22,Active,72.0,220.0,23,2024.0,3.0,66.0,4,4,35.39999961853027,8.849999904632568,0.9069106,8.849999904632568,0,0,0,0,0,,,,29,160,0,5.517241379310345,0.0,16,13,64,0,0.8125,4.0,4.923076923076923,0,0,59.25,4.674999952316284,9.5,0.5384615384615384,1841.5,0.75,
4429299,Tahj Brooks,Running Back,2025,Bengals,4,Active,69.0,220.0,24,2025.0,6.0,193.0,6,17,6.400000132620335,1.0666666887700558,0.9551032,1.1500000208616257,0,0,0,0,0,,,,16,45,0,2.8125,0.0,2,1,9,0,0.5,4.5,9.0,0,0,62.833333333333336,5.516666611035665,11.333333333333334,0.7894736842105263,1837.1666666666667,1.8333333333333333,
4429435,Brady Cook,Quarterback,2025,Jets,20,Active,74.0,215.0,24,,,,5,18,30.459999799728397,6.091999959945679,3.3043153,6.98499995470047,153,88,739,2,7,4.830065359477124,0.5751633986928104,0.0130718954248366,13,49,0,3.769230769230769,0.0,0,0,0,0,,,,3,1,59.4,3.699999952316284,10.6,0.2,1625.4,1.8,
4429466,Drake Dabney,Tight End,2025,Packers,9,Active,77.0,246.0,24,,,,1,18,1.2999999523162842,1.2999999523162842,0.0,1.2999999523162842,0,0,0,0,0,,,,0,0,0,,,2,1,3,0,0.5,1.5,3.0,0,0,50.0,2.400000095367432,10.0,0.0,1590.0,0.0,
4429501,Ray Davis,Running Back,2025,Bills,2,Active,68.0,211.0,26,2024.0,4.0,128.0,13,18,58.09999916702509,4.469230705155776,6.641523,8.92499989271164,0,0,0,0,0,,,,58,275,0,4.741379310344827,0.0,13,10,86,2,0.7692307692307693,6.615384615384615,8.6,0,0,64.53846153846153,5.769230769230769,10.23076923076923,0.6666666666666666,2029.0,0.9230769230769232,
4429615,Zay Flowers,Wide Receiver,2025,Ravens,33,Active,69.0,183.0,25,2023.0,1.0,22.0,17,18,243.30000054836276,14.311764738138985,7.2596273,19.95000004768372,0,0,0,0,0,,,,10,62,1,6.2,0.1,118,86,1211,5,0.7288135593220338,10.26271186440678,14.081395348837209,3,3,57.294117647058826,5.917647081262925,10.470588235294118,0.4745762711864407,1751.1764705882354,1.3529411764705883,
4429676,Tyler Goodson,Running Back,2025,Colts,11,Active,69.0,197.0,25,,,,7,18,5.19999997317791,0.7428571390254157,0.51229763,0.8499999865889549,0,0,0,0,0,,,,9,24,0,2.6666666666666665,0.0,3,2,8,0,0.6666666666666666,2.6666666666666665,4.0,0,0,61.57142857142857,6.257142952510288,10.857142857142858,0.6521739130434783,1830.142857142857,2.2857142857142856,
4429684,Anthony Gould,Wide Receiver,2025,Colts,11,Active,68.0,174.0,25,2024.0,5.0,142.0,2,14,2.5999999046325684,1.2999999523162842,0.0,1.2999999523162842,0,0,0,0,0,,,,0,0,0,,,2,2,6,0,1.0,3.0,3.0,0,0,60.5,5.700000047683716,10.5,0.6666666666666666,1664.0,1.5,
4429795,Jahmyr Gibbs,Running Back,2025,Lions,8,Active,69.0,202.0,24,2023.0,1.0,12.0,17,18,366.90000200271606,21.582353058983298,13.123317,14.824999690055847,0,0,0,0,0,,,,243,1223,13,5.032921810699588,0.0534979423868312,94,77,616,5,0.8191489361702128,6.553191489361702,8.0,2,1,62.52941176470589,5.97058824931874,11.0,0.625,1833.235294117647,0.8823529411764706,
4429835,George Holani,Running Back,2025,Seahawks,26,Active,71.0,210.0,26,,,,4,11,14.800000190734863,3.700000047683716,3.4227183,3.700000047683716,0,0,0,0,0,,,,22,73,1,3.3181818181818183,0.0454545454545454,2,2,15,0,1.0,7.5,7.5,1,1,60.0,6.524999976158142,11.0,0.6,1897.75,2.25,
4429939,Jawhar Jordan,Running Back,2025,Texans,34,Active,70.0,185.0,26,2024.0,6.0,205.0,4,18,29.70000010728836,7.42500002682209,5.6339927,7.42500002682209,0,0,0,0,0,,,,43,193,0,4.488372093023256,0.0,7,7,34,0,1.0,4.857142857142857,4.857142857142857,0,0,62.5,5.450000166893005,11.5,0.5454545454545454,1840.0,0.5,
4430027,Sam LaPorta,Tight End,2025,Lions,8,Active,75.0,245.0,25,2023.0,2.0,34.0,9,10,106.9000015258789,11.877777947319878,6.0850954,13.25000023841858,0,0,0,0,0,,,,0,0,0,,,49,40,489,3,0.8163265306122449,9.979591836734691,12.225,0,0,61.55555555555556,6.033333381017049,10.88888888888889,0.6842105263157895,1909.555555555556,0.6666666666666666,
4430034,Xavier Legette,Wide Receiver,2025,Panthers,29,Active,75.0,227.0,25,2024.0,1.0,32.0,15,18,89.30000013113022,5.953333342075348,6.627806,3.649999976158142,0,0,0,0,0,,,,1,0,0,0.0,0.0,64,35,363,3,0.546875,5.671875,10.371428571428572,1,0,59.4,4.97333337465922,9.8,0.5,1760.7333333333331,1.4666666666666666,
4430191,Skyy Moore,Wide Receiver,2025,49ers,25,Active,70.0,195.0,25,2022.0,2.0,54.0,10,17,14.799999810755253,1.479999981075525,1.330263,2.549999952316284,0,0,0,0,0,,,,2,11,0,5.5,0.0,7,5,87,0,0.7142857142857143,12.428571428571429,17.4,1,0,64.9,5.85,10.1,0.6428571428571429,1853.7,1.4,
4430539,Brenton Strange,Tight End,2025,Jaguars,30,Active,76.0,253.0,25,2023.0,2.0,61.0,12,18,117.99999976158142,9.833333313465118,4.539337,11.024999976158142,0,0,0,0,0,,,,0,0,0,,,60,46,540,3,0.7666666666666667,9.0,11.73913043478261,0,0,62.5,5.59166665871938,11.416666666666666,0.6274509803921569,1857.75,1.1666666666666667,
4430656,Myles Price,Wide Receiver,2025,Vikings,16,Active,69.0,183.0,24,,,,3,12,-6.0,-2.0,0.0,-2.0,0,0,0,0,0,,,,0,0,0,,,0,0,0,0,,,,4,3,50.333333333333336,4.533333381017049,10.666666666666666,0.4,1472.6666666666667,3.333333333333333,
4430681,Jared Wayne,Wide Receiver,2025,Texans,34,Active,75.0,210.0,25,,,,1,8,4.0,4.0,0.0,4.0,0,0,0,0,0,,,,0,0,0,,,2,2,20,0,1.0,10.0,10.0,0,0,75.0,6.300000190734863,10.0,0.2,2482.0,1.0,
4430723,Jared Wiley,Tight End,2025,Chiefs,12,Active,78.0,249.0,25,2024.0,4.0,131.0,1,13,1.399999976158142,1.399999976158142,0.0,1.399999976158142,0,0,0,0,0,,,,0,0,0,,,1,1,4,0,1.0,4.0,4.0,0,0,60.0,6.0,9.0,1.0,1746.0,0.0,
4430737,Kyren Williams,Running Back,2025,Rams,14,Active,69.0,207.0,25,2022.0,5.0,164.0,17,18,263.3000011444092,15.488235361435834,5.9322524,15.099999904632568,0,0,0,0,0,,,,259,1252,10,4.833976833976834,0.0386100386100386,50,36,281,3,0.72,5.62,7.805555555555555,2,2,63.88235294117647,6.147058795480167,10.647058823529411,0.631578947368421,1845.764705882353,0.8823529411764706,
4430802,Darnell Washington,Tight End,2025,Steelers,23,Active,79.0,264.0,24,2023.0,3.0,93.0,13,17,71.3999993801117,5.492307644623977,3.0401068,3.949999988079071,0,0,0,0,0,,,,0,0,0,,,43,31,364,1,0.7209302325581395,8.465116279069768,11.741935483870968,2,1,58.07692307692308,5.323076963424683,10.384615384615383,0.525,1702.1538461538462,1.0,
4430807,Bijan Robinson,Running Back,2025,Falcons,1,Active,71.0,215.0,24,2023.0,1.0,8.0,17,18,368.79999923706055,21.694117602180032,10.046862,26.62500023841858,0,0,0,0,0,,,,287,1478,7,5.149825783972125,0.024390243902439,103,79,820,4,0.7669902912621359,7.961165048543689,10.379746835443038,4,3,61.64705882352941,5.382352969225715,10.823529411764708,0.62,1799.6470588235295,1.0588235294117647,
4430834,Jalen McMillan,Wide Receiver,2025,Buccaneers,27,Active,73.0,192.0,24,2024.0,3.0,92.0,4,18,29.899999618530277,7.474999904632568,6.443359,7.474999904632568,0,0,0,0,0,,,,1,1,0,1.0,0.0,15,12,178,0,0.8,11.866666666666667,14.833333333333334,0,0,62.75,5.375,9.5,0.6666666666666666,1984.0,1.5,
4430870,KeAndre Lambert-Smith,Wide Receiver,2025,Chargers,24,Active,73.0,182.0,23,2025.0,5.0,158.0,7,18,16.100000500679016,2.3000000715255737,2.9640708,3.7500001192092896,0,0,0,0,0,,,,0,0,0,,,12,5,51,1,0.4166666666666667,4.25,10.2,0,0,63.285714285714285,5.414285796029227,10.142857142857142,0.4285714285714285,1938.571428571429,0.8571428571428571,
4430871,Sean Tucker,Running Back,2025,Buccaneers,27,Active,70.0,205.0,24,,,,14,18,91.39999936521052,6.528571383229324,8.365527,3.350000001490116,0,0,0,0,0,,,,86,320,7,3.72093023255814,0.0813953488372093,11,8,34,1,0.7272727272727273,3.090909090909091,4.25,2,0,61.71428571428572,5.085714306150164,10.642857142857142,0.6,1889.7142857142856,1.0,
4430878,Jaxon Smith-Njigba,Wide Receiver,2025,Seahawks,26,Active,72.0,197.0,24,2023.0,1.0,20.0,17,18,359.899998664856,21.17058815675623,7.257832,18.125,0,0,0,0,0,,,,7,36,0,5.142857142857143,0.0,163,119,1793,10,0.7300613496932515,11.0,15.067226890756302,3,1,59.70588235294117,5.976470610674689,11.0,0.5423728813559322,1812.2941176470588,1.6470588235294117,
4430968,Kimani Vidal,Running Back,2025,Chargers,24,Active,68.0,215.0,24,2024.0,6.0,181.0,12,18,117.89999997615814,9.824999998013178,7.893048,5.074999958276749,0,0,0,0,0,,,,155,643,3,4.148387096774194,0.0193548387096774,22,16,136,1,0.7272727272727273,6.181818181818182,8.5,1,0,65.25,5.050000031789144,10.166666666666666,0.5121951219512195,2025.8333333333333,1.25,
4431210,Beaux Collins,Wide Receiver,2025,Giants,19,Active,75.0,206.0,23,,,,3,8,4.5,1.5,1.15181,1.5,0,0,0,0,0,,,,0,0,0,,,6,2,25,0,0.3333333333333333,4.166666666666667,12.5,0,0,63.0,5.100000063578288,10.333333333333334,0.6666666666666666,1775.3333333333333,2.0,
4431268,Chimere Dike,Wide Receiver,2025,Titans,10,Active,73.0,196.0,23,2025.0,4.0,103.0,17,18,114.09999810904264,6.711764594649567,5.903226,8.474999904632568,0,0,0,0,0,,,,11,18,0,1.6363636363636365,0.0,74,48,423,4,0.6486486486486487,5.716216216216216,8.8125,2,1,59.05882352941177,4.376470579820521,10.764705882352942,0.5757575757575758,1748.1176470588234,1.1176470588235294,
4431280,Troy Franklin,Wide Receiver,2025,Broncos,7,Active,75.0,180.0,23,2024.0,4.0,102.0,17,18,171.09999775886536,10.064705750521492,7.461347,9.274999856948853,0,0,0,0,0,,,,5,12,0,2.4,0.0,104,65,709,6,0.625,6.8173076923076925,10.907692307692308,1,1,64.23529411764706,5.323529467863195,11.176470588235292,0.5789473684210527,1873.6470588235293,1.0,
4431299,Rome Odunze,Wide Receiver,2025,Bears,3,Active,75.0,214.0,24,2024.0,1.0,9.0,12,13,146.09999823570251,12.17499985297521,8.782192,9.45000010728836,0,0,0,0,0,,,,0,0,0,,,90,44,661,6,0.4888888888888889,7.344444444444444,15.022727272727272,0,0,66.25,5.675000031789144,11.416666666666666,0.5853658536585366,1916.6666666666667,0.75,
4431353,Xavier Restrepo,Wide Receiver,2025,Titans,10,Active,70.0,202.0,24,,,,2,13,7.099999904632568,3.549999952316284,1.05,3.549999952316284,0,0,0,0,0,,,,0,0,0,,,7,3,41,0,0.4285714285714285,5.857142857142857,13.666666666666666,0,0,61.5,3.900000095367432,9.5,0.5,1979.5,1.0,
4431431,Corey Kiner,Running Back,2025,Cardinals,22,Active,69.0,210.0,24,,,,4,18,9.30000026524067,2.3250000663101678,1.7963506,2.3250000663101678,0,0,0,0,0,,,,12,58,0,4.833333333333333,0.0,3,2,15,0,0.6666666666666666,5.0,7.5,0,0,56.5,5.225000023841858,9.25,0.4,1485.25,1.25,
4431452,Drake Maye,Quarterback,2025,Patriots,17,Active,76.0,225.0,23,2024.0,1.0,3.0,17,18,409.9599962234497,24.115293895497043,7.078108,26.59499979019165,492,354,4394,31,8,8.93089430894309,0.7195121951219512,0.0630081300813008,103,450,4,4.368932038834951,0.0388349514563106,1,1,2,0,1.0,2.0,2.0,8,3,61.41176470588236,6.229411770315731,10.294117647058824,0.5714285714285714,1877.7058823529408,0.9411764705882352,
4431459,Tyler Warren,Tight End,2025,Colts,11,Active,78.0,256.0,24,2025.0,1.0,14.0,17,18,188.49999690055847,11.088235111797555,4.732726,6.950000047683716,1,0,0,0,0,0.0,0.0,0.0,6,8,1,1.3333333333333333,0.1666666666666666,112,76,817,4,0.6785714285714286,7.294642857142857,10.75,1,0,59.88235294117647,5.770588257733514,10.176470588235292,0.6515151515151515,1777.3529411764705,1.3529411764705883,
4431466,Jordan Watkins,Wide Receiver,2025,49ers,25,Active,71.0,196.0,24,2025.0,4.0,138.0,2,9,4.600000143051148,2.3000000715255737,0.5999997,2.3000000715255737,0,0,0,0,0,,,,0,0,0,,,3,2,26,0,0.6666666666666666,8.666666666666666,13.0,0,0,54.5,5.450000047683716,10.0,0.8571428571428571,1554.5,1.0,
4431487,Savion Williams,Wide Receiver,2025,Packers,9,Active,76.0,222.0,24,2025.0,3.0,87.0,11,16,25.500000678002834,2.3181818798184395,2.4127762,1.8500000536441803,0,0,0,0,0,,,,11,37,0,3.363636363636364,0.0,10,10,78,1,1.0,7.8,7.8,1,1,62.54545454545455,5.609090913425792,9.818181818181818,0.5777777777777777,1907.3636363636365,0.7272727272727273,
4431492,Roman Wilson,Wide Receiver,2025,Steelers,23,Active,70.0,186.0,24,2024.0,3.0,84.0,9,13,38.59999978542328,4.288888865047031,5.7593293,3.550000011920929,0,0,0,0,0,,,,0,0,0,,,20,12,166,2,0.6,8.3,13.833333333333334,1,1,56.77777777777778,5.055555582046509,10.555555555555555,0.625,1640.0,1.4444444444444444,
4431545,Will Shipley,Running Back,2025,Eagles,21,Active,71.0,209.0,23,2024.0,4.0,127.0,11,18,17.499999850988388,1.5909090773625807,1.6648529,1.0249999798834324,0,0,0,0,0,,,,14,49,0,3.5,0.0,12,9,56,0,0.75,4.666666666666667,6.222222222222222,1,1,58.18181818181818,5.418181852860884,10.545454545454543,0.68,1717.4545454545455,0.9090909090909092,
4431562,Phil Mafah,Running Back,2025,Cowboys,6,Active,72.0,234.0,23,2025.0,7.0,239.0,1,18,10.899999618530272,10.899999618530272,0.0,10.899999618530272,0,0,0,0,0,,,,5,18,1,3.6,0.2,2,2,11,0,1.0,5.5,5.5,0,0,54.0,5.300000190734863,11.0,0.5,1613.0,2.0,
4431588,Ja'Tavion Sanders,Tight End,2025,Panthers,29,Active,76.0,252.0,23,2024.0,4.0,101.0,11,16,53.999998688697815,4.90909078988162,3.57172,4.799999862909317,0,0,0,0,0,,,,0,0,0,,,34,29,190,1,0.8529411764705882,5.588235294117647,6.551724137931035,0,0,59.45454545454545,4.690909082239324,9.727272727272728,0.4827586206896552,1774.5454545454545,1.3636363636363635,
4431611,Caleb Williams,Quarterback,2025,Bears,3,Active,73.0,226.0,24,2024.0,1.0,1.0,17,18,370.6799988746643,21.804705816156723,9.687018,23.3899998664856,568,330,3942,27,7,6.940140845070423,0.5809859154929577,0.0475352112676056,77,388,3,5.038961038961039,0.0389610389610389,2,2,22,1,1.0,11.0,11.0,9,1,64.88235294117646,5.711764700272504,10.882352941176473,0.5818181818181818,1858.5882352941176,0.6470588235294118,
4432577,C.J. Stroud,Quarterback,2025,Texans,34,Active,75.0,218.0,24,2023.0,1.0,2.0,14,18,246.5399966239929,17.609999758856638,8.380154,19.97499990463257,423,273,3041,19,8,7.1891252955082745,0.6453900709219859,0.0449172576832151,48,209,1,4.354166666666667,0.0208333333333333,0,0,0,0,,,,2,0,63.92857142857143,5.100000074931553,11.357142857142858,0.4285714285714285,1933.5,0.7142857142857143,
4432620,Parker Washington,Wide Receiver,2025,Jaguars,30,Active,70.0,204.0,24,2023.0,6.0,185.0,15,18,172.70000161975622,11.513333441317082,7.0842433,18.37500023841858,0,0,0,0,0,,,,7,0,0,0.0,0.0,95,58,847,5,0.6105263157894737,8.91578947368421,14.60344827586207,2,0,64.46666666666667,5.200000031789144,11.133333333333333,0.6379310344827587,1927.6666666666667,1.0666666666666669,
4432665,Brock Bowers,Tight End,2025,Raiders,13,Active,76.0,235.0,23,2024.0,1.0,13.0,12,16,174.20000004768372,14.51666667064031,9.791903,15.0,0,0,0,0,0,,,,2,2,0,1.0,0.0,86,64,680,7,0.7441860465116279,7.906976744186046,10.625,0,0,56.75,4.550000031789144,10.833333333333334,0.625,1665.8333333333333,1.25,
4432708,Marvin Harrison Jr.,Wide Receiver,2025,Cardinals,22,Active,75.0,220.0,23,2024.0,1.0,4.0,12,17,125.80000114440918,10.483333428700766,6.733973,6.899999976158142,0,0,0,0,0,,,,0,0,0,,,73,41,608,4,0.5616438356164384,8.32876712328767,14.829268292682928,0,0,62.5,5.066666603088379,9.916666666666666,0.5581395348837209,1772.0833333333333,1.0833333333333333,
4432710,TreVeyon Henderson,Running Back,2025,Patriots,17,Active,70.0,202.0,23,2025.0,2.0,38.0,17,18,206.19999957084656,12.12941173946156,9.31051,14.44999986886978,0,0,0,0,0,,,,180,911,9,5.061111111111111,0.05,42,35,221,1,0.8333333333333334,5.261904761904762,6.314285714285714,1,1,61.41176470588236,6.229411770315731,10.294117647058824,0.5714285714285714,1877.7058823529408,0.9411764705882352,
4432731,Moliki Matavao,Tight End,2025,Saints,18,Active,78.0,263.0,23,2025.0,7.0,248.0,1,17,3.0,3.0,0.0,3.0,0,0,0,0,0,,,,0,0,0,,,2,2,10,0,1.0,5.0,5.0,0,0,52.0,8.100000381469727,11.0,1.0,1699.0,1.0,
4432734,Jalen Milroe,Quarterback,2025,Seahawks,26,Active,74.0,216.0,23,2025.0,3.0,92.0,3,5,-1.599999986588955,-0.533333328862985,1.0402992,-0.533333328862985,0,0,0,0,0,,,,3,4,0,1.3333333333333333,0.0,0,0,0,0,,,,1,1,52.66666666666666,6.366666793823242,10.0,0.75,1531.3333333333333,1.6666666666666667,
4432762,Shedeur Sanders,Quarterback,2025,Browns,5,Active,74.0,212.0,24,2025.0,5.0,144.0,8,18,98.89999961853027,12.362499952316284,11.106248,8.284999966621399,212,120,1400,7,10,6.60377358490566,0.5660377358490566,0.0330188679245283,21,169,1,8.047619047619047,0.0476190476190476,0,0,0,0,,,,2,1,56.0,4.58749994635582,11.625,0.4666666666666667,1685.875,1.875,
4432773,Brian Thomas Jr.,Wide Receiver,2025,Jaguars,30,Active,74.0,209.0,23,2024.0,1.0,23.0,14,18,138.80000042915344,9.914285744939532,4.8312755,9.17500013113022,0,0,0,0,0,,,,3,21,1,7.0,0.3333333333333333,91,48,707,2,0.5274725274725275,7.769230769230769,14.729166666666666,0,0,64.85714285714286,5.328571455819266,11.071428571428571,0.6037735849056604,1918.0,0.7857142857142857,
4432775,Dont'e Thornton Jr.,Wide Receiver,2025,Raiders,13,Active,77.0,205.0,23,2025.0,4.0,108.0,11,18,23.50000011920929,2.1363636472008447,2.0763922,1.925000011920929,0,0,0,0,0,,,,0,0,0,,,30,10,135,0,0.3333333333333333,4.5,13.5,0,0,57.27272727272727,4.354545484889638,11.272727272727272,0.4545454545454545,1753.2727272727273,1.6363636363636365,
4433959,Ben Yurosek,Tight End,2025,Vikings,16,Active,76.0,251.0,24,,,,3,18,3.399999976158142,1.1333333253860474,0.8178562,1.1333333253860474,0,0,0,0,0,,,,0,0,0,,,3,2,14,0,0.6666666666666666,4.666666666666667,7.0,0,0,57.333333333333336,5.066666603088379,10.666666666666666,0.5,1637.0,1.6666666666666667,
4433970,J.J. McCarthy,Quarterback,2025,Vikings,16,Active,75.0,219.0,23,2024.0,1.0,10.0,10,18,145.37999841570854,14.537999841570857,9.6814785,17.554999947547913,243,140,1632,11,12,6.716049382716049,0.5761316872427984,0.0452674897119341,37,181,4,4.891891891891892,0.1081081081081081,0,0,0,0,,,,6,2,54.8,4.929999995231628,10.6,0.5806451612903226,1676.5,1.8,
4434153,Tyson Bagent,Quarterback,2025,Bears,3,Active,75.0,212.0,26,,,,2,9,2.5799999833106995,1.2899999916553495,0.49000004,1.2899999916553495,4,3,47,0,0,11.75,0.75,0.0,2,7,0,3.5,0.0,0,0,0,0,,,,1,0,70.0,6.450000047683716,12.0,0.75,1925.0,1.0,
4565185,Tai Felton,Wide Receiver,2025,Vikings,16,Active,73.0,186.0,23,2025.0,3.0,102.0,3,16,5.5,1.8333333333333333,0.16996771,1.8333333333333333,0,0,0,0,0,,,,0,0,0,,,3,3,25,0,1.0,8.333333333333334,8.333333333333334,0,0,59.0,5.099999904632568,9.666666666666666,0.75,1936.3333333333333,0.6666666666666666,
4567048,Kenneth Walker III,Running Back,2025,Seahawks,26,Active,69.0,211.0,25,2022.0,2.0,41.0,17,18,191.8999989032745,11.288235229604384,6.3346734,13.324999690055847,0,0,0,0,0,,,,221,1027,5,4.647058823529412,0.0226244343891402,36,31,282,0,0.8611111111111112,7.833333333333333,9.096774193548388,1,0,59.70588235294117,5.976470610674689,11.0,0.5423728813559322,1812.2941176470588,1.6470588235294117,
4567096,John Metchie III,Wide Receiver,2025,Jets,20,Active,71.0,187.0,25,2022.0,2.0,44.0,12,18,71.89999985694885,5.991666654745738,5.1601768,5.099999994039536,0,0,0,0,0,,,,3,-5,0,-1.6666666666666667,0.0,48,33,274,2,0.6875,5.708333333333333,8.303030303030303,0,0,58.333333333333336,3.941666682561239,10.75,0.5185185185185185,1680.1666666666667,1.1666666666666667,
4567156,Treylon Burks,Wide Receiver,2025,Commanders,28,Active,74.0,225.0,26,2022.0,1.0,18.0,8,18,29.00000023841858,3.6250000298023215,3.0408676,2.574999988079071,0,0,0,0,0,,,,0,0,0,,,22,10,130,1,0.4545454545454545,5.909090909090909,13.0,0,0,57.5,5.237500011920929,9.875,0.6521739130434783,1742.5,1.375,
4567506,Tahj Washington,Wide Receiver,2025,Dolphins,15,Active,70.0,174.0,25,2024.0,7.0,241.0,2,18,4.6999999061226845,2.3499999530613422,2.25,2.3499999530613422,0,0,0,0,0,,,,0,0,0,,,5,3,37,0,0.6,7.4,12.333333333333334,1,1,58.0,4.350000023841858,11.0,0.1666666666666666,1724.0,2.5,
4567750,Emeka Egbuka,Wide Receiver,2025,Buccaneers,27,Active,73.0,205.0,23,2025.0,1.0,19.0,17,18,193.6999990940094,11.39411759376526,7.893813,5.549999892711639,0,0,0,0,0,,,,2,9,0,4.5,0.0,127,63,938,6,0.4960629921259842,7.385826771653543,14.88888888888889,0,0,62.8235294117647,5.123529434204102,10.764705882352942,0.54,1913.4117647058824,0.9411764705882352,
4568024,Josh Williams,Running Back,2025,Buccaneers,27,Active,69.0,210.0,24,,,,1,8,1.100000023841858,1.100000023841858,0.0,1.100000023841858,0,0,0,0,0,,,,4,11,0,2.75,0.0,0,0,0,0,,,,0,0,56.0,3.799999952316284,10.0,0.5,1976.0,1.0,
4568490,RJ Harvey,Running Back,2025,Broncos,7,Active,68.0,205.0,25,2025.0,2.0,60.0,17,18,206.60000157356265,12.152941269033096,7.427385,13.87500023841858,1,0,0,0,0,0.0,0.0,0.0,146,540,7,3.6986301369863015,0.047945205479452,58,47,356,5,0.8103448275862069,6.137931034482759,7.574468085106383,1,1,64.23529411764706,5.323529467863195,11.176470588235292,0.5789473684210527,1873.6470588235293,1.0,
4569173,Rhamondre Stevenson,Running Back,2025,Patriots,17,Active,72.0,227.0,28,2021.0,4.0,120.0,14,18,174.79999947547913,12.48571424824851,9.512537,22.25,0,0,0,0,0,,,,130,603,7,4.638461538461539,0.0538461538461538,37,32,345,2,0.8648648648648649,9.324324324324325,10.78125,3,3,61.07142857142857,6.299999986376081,10.142857142857142,0.5576923076923077,1878.9285714285716,0.9285714285714286,
4569371,Isaiah Williams,Wide Receiver,2025,Jets,20,Active,70.0,185.0,25,,,,10,18,46.70000076293945,4.670000076293945,4.0583363,8.175000071525574,1,0,0,0,0,0.0,0.0,0.0,3,34,0,11.333333333333334,0.0,36,26,193,0,0.7222222222222222,5.361111111111111,7.423076923076923,1,1,59.1,4.499999976158142,10.7,0.3333333333333333,1676.4,1.4,
4569382,Jordan Whittington,Wide Receiver,2025,Rams,14,Active,73.0,202.0,25,2024.0,6.0,213.0,13,16,36.30000030994415,2.7923077161495504,2.013975,1.100000023841858,0,0,0,0,0,,,,3,12,0,4.0,0.0,25,18,171,0,0.72,6.84,9.5,0,0,62.23076923076923,6.253846131838285,10.76923076923077,0.6206896551724138,1772.8461538461538,0.9230769230769232,
4569547,Nick Kallerup,Tight End,2025,Seahawks,26,Active,77.0,266.0,25,,,,1,10,0.0,0.0,0.0,0.0,0,0,0,0,0,,,,0,0,0,,,1,0,0,0,0.0,0.0,,0,0,59.0,6.300000190734863,11.0,0.5,2020.0,3.0,
4569559,Devaughn Vele,Wide Receiver,2025,Saints,18,Active,77.0,210.0,28,2024.0,7.0,235.0,9,15,66.29999876022339,7.36666652891371,6.4091945,12.22499966621399,0,0,0,0,0,,,,0,0,0,,,39,25,293,2,0.6410256410256411,7.512820512820513,11.72,0,0,66.77777777777777,4.711111148198445,10.11111111111111,0.4166666666666667,1775.4444444444443,1.2222222222222223,
4569587,Wan'Dale Robinson,Wide Receiver,2025,Giants,19,Active,68.0,185.0,25,2022.0,2.0,43.0,16,17,217.89999914169312,13.61874994635582,7.9299455,13.574999570846558,0,0,0,0,0,,,,3,5,0,1.6666666666666667,0.0,140,92,1014,4,0.6571428571428571,7.242857142857143,11.021739130434783,1,0,63.5,5.131250008940697,10.125,0.4814814814814814,1850.0625,1.0,
4569603,Malik Washington,Wide Receiver,2025,Dolphins,15,Active,68.0,195.0,25,2024.0,6.0,184.0,17,18,110.7000002861023,6.5117647227119,3.2410755,6.375,0,0,0,0,0,,,,17,110,1,6.470588235294118,0.0588235294117647,65,46,317,3,0.7076923076923077,4.876923076923077,6.891304347826087,1,1,55.8235294117647,5.399999955121209,10.352941176470589,0.5625,1737.235294117647,1.411764705882353,
4569609,Evan Hull,Running Back,2025,Saints,18,Active,70.0,209.0,25,2023.0,5.0,176.0,6,18,6.400000095367432,1.0666666825612383,0.61282575,0.7250000238418579,0,0,0,0,0,,,,19,48,0,2.526315789473684,0.0,1,1,6,0,1.0,6.0,6.0,0,0,63.66666666666666,5.483333428700765,10.666666666666666,0.625,1803.3333333333333,1.1666666666666667,
4569618,Garrett Wilson,Wide Receiver,2025,Jets,20,Active,72.0,183.0,25,2022.0,1.0,10.0,7,10,99.50000095367432,14.214285850524902,8.941306,10.90000033378601,0,0,0,0,0,,,,0,0,0,,,59,36,395,4,0.6101694915254238,6.694915254237288,10.97222222222222,1,0,58.0,4.457142778805324,11.0,0.5333333333333333,1738.142857142857,1.2857142857142858,
4569682,Audric Estime,Running Back,2025,Saints,18,Active,71.0,227.0,22,2024.0,5.0,147.0,5,18,48.0999995470047,9.61999990940094,5.8591466,11.74999988079071,0,0,0,0,0,,,,46,198,1,4.304347826086956,0.0217391304347826,13,12,103,0,0.9230769230769232,7.923076923076923,8.583333333333334,0,0,62.6,5.720000076293945,10.4,0.5714285714285714,1805.6,1.0,
4569987,Jaylen Warren,Running Back,2025,Steelers,23,Active,68.0,215.0,27,,,,16,18,217.09999895095825,13.56874993443489,5.437107,14.550000071525574,0,0,0,0,0,,,,211,958,6,4.540284360189573,0.0284360189573459,45,40,333,2,0.8888888888888888,7.4,8.325,1,0,58.4375,5.181250020861626,10.375,0.6086956521739131,1712.625,0.9375,
4570037,Terrance Ferguson,Tight End,2025,Rams,14,Active,77.0,252.0,23,2025.0,2.0,46.0,11,17,52.10000002384186,4.736363638531078,4.9604387,6.824999958276749,0,0,0,0,0,,,,1,0,0,0.0,0.0,25,11,231,3,0.44,9.24,21.0,0,0,64.72727272727273,6.309090874411843,10.636363636363637,0.6730769230769231,1903.5454545454545,0.9090909090909092,
4570738,Ke'Shawn Williams,Wide Receiver,2025,Bengals,4,Active,69.0,189.0,24,,,,5,18,0.4999999776482582,0.0999999955296516,1.184905,0.6249999944120646,0,0,0,0,0,,,,2,10,0,5.0,0.0,1,1,5,0,1.0,5.0,5.0,2,1,64.0,5.480000019073486,10.8,0.8947368421052632,1963.2,1.4,
4572680,Tucker Kraft,Tight End,2025,Packers,9,Active,77.0,259.0,25,2023.0,3.0,78.0,8,9,117.19999837875366,14.649999797344208,9.232956,16.59999966621399,0,0,0,0,0,,,,1,3,0,3.0,0.0,44,32,489,6,0.7272727272727273,11.113636363636363,15.28125,0,0,61.125,5.862499982118607,10.0,0.6285714285714286,1855.0,0.625,
4573398,Max Brosmer,Quarterback,2025,Vikings,16,Active,74.0,218.0,25,,,,7,18,4.220000080764294,0.6028571543948991,1.8876268,0.6600000336766243,71,47,328,0,4,4.619718309859155,0.6619718309859155,0.0,7,11,0,1.5714285714285714,0.0,0,0,0,0,,,,2,1,55.57142857142857,4.499999931880406,11.0,0.5882352941176471,1706.142857142857,1.5714285714285714,
4573697,Mason Tipton,Wide Receiver,2025,Saints,18,Active,71.0,187.0,25,,,,6,16,20.40000069141388,3.4000001152356467,3.1927004,5.10000017285347,0,0,0,0,0,,,,4,18,0,4.5,0.0,17,11,76,0,0.6470588235294118,4.470588235294118,6.909090909090909,1,0,68.66666666666667,4.566666801770528,10.5,0.3846153846153846,1765.0,2.1666666666666665,
4573699,Jackson Hawes,Tight End,2025,Bills,2,Active,76.0,253.0,25,2025.0,5.0,173.0,13,18,52.700000405311584,4.053846185023968,2.523616,3.7000000178813934,0,0,0,0,0,,,,0,0,0,,,19,16,187,3,0.8421052631578947,9.842105263157896,11.6875,0,0,64.6923076923077,5.938461560469407,10.153846153846152,0.6666666666666666,2032.692307692308,0.7692307692307693,
4575131,Jacory Croskey-Merritt,Running Back,2025,Commanders,28,Active,71.0,208.0,25,2025.0,7.0,245.0,17,18,140.30000066757202,8.252941215739531,7.245618,12.37500011920929,0,0,0,0,0,,,,175,805,8,4.6,0.0457142857142857,13,9,68,0,0.6923076923076923,5.230769230769231,7.555555555555555,4,2,58.23529411764706,5.529411792755127,9.823529411764708,0.6521739130434783,1721.235294117647,1.3529411764705883,
4576297,AJ Barner,Tight End,2025,Seahawks,26,Active,78.0,251.0,24,2024.0,4.0,121.0,17,18,147.29999965429306,8.66470586201724,6.2990136,9.350000023841858,0,0,0,0,0,,,,10,14,1,1.4,0.1,68,52,519,6,0.7647058823529411,7.632352941176471,9.98076923076923,2,0,59.70588235294117,5.976470610674689,11.0,0.5423728813559322,1812.2941176470588,1.6470588235294117,
4578436,Coleman Owen,Wide Receiver,2025,Colts,11,Active,70.0,181.0,25,,,,1,16,0.0,0.0,0.0,0.0,0,0,0,0,0,,,,0,0,0,,,1,0,0,0,0.0,0.0,,0,0,58.0,5.400000095367432,10.0,1.0,1615.0,2.0,
4586312,Jaylin Noel,Wide Receiver,2025,Texans,34,Active,71.0,201.0,23,2025.0,3.0,79.0,14,18,68.40000051259995,4.885714322328568,4.8286133,5.050000071525574,0,0,0,0,0,,,,6,12,0,2.0,0.0,35,26,292,2,0.7428571428571429,8.342857142857143,11.23076923076923,0,0,65.57142857142857,5.014285734721592,11.428571428571429,0.4772727272727273,1945.357142857143,0.8571428571428571,
4595342,Oronde Gadsden,Tight End,2025,Chargers,24,Active,77.0,236.0,22,2025.0,5.0,165.0,15,18,131.40000176429749,8.760000117619832,7.2886024,7.075000107288361,0,0,0,0,0,,,,0,0,0,,,69,49,664,3,0.7101449275362319,9.623188405797102,13.551020408163266,1,1,65.2,5.066666666666666,10.466666666666669,0.48,1982.7333333333331,1.3333333333333333,
4595348,Malik Nabers,Wide Receiver,2025,Giants,19,Active,72.0,200.0,22,2024.0,1.0,6.0,4,4,57.10000109672546,14.275000274181366,13.959653,14.275000274181366,0,0,0,0,0,,,,0,0,0,,,35,18,271,2,0.5142857142857142,7.742857142857143,15.055555555555555,0,0,64.25,4.925000011920929,10.25,0.2666666666666666,1902.25,0.75,
4596334,Keaton Mitchell,Running Back,2025,Ravens,33,Active,68.0,191.0,24,,,,12,18,55.40000052750111,4.6166667106250925,3.007445,3.475000012665987,0,0,0,0,0,,,,59,341,1,5.779661016949152,0.0169491525423728,12,9,63,0,0.75,5.25,7.0,1,0,57.41666666666666,5.899999976158142,10.5,0.4883720930232558,1764.6666666666667,1.3333333333333333,
4596448,Bucky Irving,Running Back,2025,Buccaneers,27,Active,70.0,195.0,23,2024.0,4.0,125.0,10,18,138.50000143051147,13.850000143051147,5.320386,8.575000166893005,0,0,0,0,0,,,,173,588,1,3.398843930635838,0.0057803468208092,35,30,277,3,0.8571428571428571,7.914285714285715,9.233333333333333,1,1,63.7,5.130000019073487,10.3,0.5172413793103449,1925.4,0.9,
4596602,Brashard Smith,Running Back,2025,Chiefs,12,Active,70.0,196.0,23,2025.0,7.0,228.0,15,18,63.30000006407499,4.220000004271666,3.8766315,4.70000004209578,0,0,0,0,0,,,,44,151,0,3.4318181818181817,0.0,35,25,172,1,0.7142857142857143,4.914285714285715,6.88,1,0,62.86666666666667,4.926666641235352,10.2,0.5660377358490566,1825.0666666666664,1.0,
4597500,Adonai Mitchell,Wide Receiver,2025,Jets,20,Active,74.0,205.0,23,2024.0,2.0,52.0,16,18,87.90000057220459,5.493750035762787,6.5723357,7.474999904632568,0,0,0,0,0,,,,1,-4,0,-4.0,0.0,74,33,453,2,0.4459459459459459,6.121621621621622,13.727272727272728,1,1,60.0625,5.218750044703484,10.125,0.5660377358490566,1711.125,1.3125,
4597703,Tory Horton,Wide Receiver,2025,Seahawks,26,Active,74.0,196.0,23,2025.0,5.0,166.0,7,9,59.09999847412109,8.442856924874443,7.3519387,8.424999713897705,0,0,0,0,0,,,,0,0,0,,,22,13,161,5,0.5909090909090909,7.318181818181818,12.384615384615383,0,0,57.85714285714285,6.642857142857143,11.285714285714286,0.75,1752.428571428571,1.5714285714285714,
4599739,Kendre Miller,Running Back,2025,Saints,18,Active,72.0,220.0,23,2023.0,3.0,71.0,7,7,33.29999989271164,4.7571428418159485,3.623281,5.82499997317791,0,0,0,0,0,,,,47,193,1,4.1063829787234045,0.0212765957446808,5,5,30,0,1.0,6.0,6.0,0,0,62.42857142857143,4.842857156481061,10.428571428571429,0.45,1684.428571428571,1.1428571428571428,
4600981,Pat Bryant,Wide Receiver,2025,Broncos,7,Active,74.0,204.0,23,2025.0,3.0,74.0,12,18,74.79999911785126,6.233333259820938,3.7577326,7.674999833106995,0,0,0,0,0,,,,0,0,0,,,49,31,378,1,0.6326530612244898,7.714285714285714,12.193548387096774,0,0,63.91666666666666,5.425000071525574,11.083333333333334,0.5609756097560976,1854.9166666666667,0.9166666666666666,
4601080,Raheim Sanders,Running Back,2025,Browns,5,Active,72.0,230.0,24,,,,4,18,20.300000190734863,5.075000047683716,0.91207385,5.075000047683716,0,0,0,0,0,,,,27,92,1,3.4074074074074074,0.037037037037037,4,3,21,0,0.75,5.25,7.0,0,0,59.25,4.549999892711639,10.0,0.4444444444444444,1874.75,1.75,
4602667,Jaylin Lane,Wide Receiver,2025,Commanders,28,Active,70.0,196.0,24,2025.0,4.0,128.0,13,15,37.19999986886978,2.861538451451522,2.4637494,1.8499999642372127,0,0,0,0,0,,,,1,7,0,7.0,0.0,32,16,225,0,0.5,7.03125,14.0625,3,1,60.46153846153846,5.6307692527771,10.0,0.7058823529411765,1759.6153846153843,1.3076923076923077,
4603186,Jack Bech,Wide Receiver,2025,Raiders,13,Active,73.0,214.0,23,2025.0,2.0,58.0,12,18,42.39999985694885,3.5333333214124045,3.01229,5.250000059604645,0,0,0,0,0,,,,0,0,0,,,29,20,224,0,0.6896551724137931,7.724137931034483,11.2,0,0,53.5,4.191666682561238,10.75,0.4782608695652174,1629.25,1.0,
4605841,Nathan Carter,Running Back,2025,Falcons,1,Active,70.0,202.0,24,,,,2,8,3.9999998807907104,1.9999999403953552,0.5999997,1.9999999403953552,0,0,0,0,0,,,,9,60,0,6.666666666666667,0.0,0,0,0,0,,,,1,1,57.5,4.650000095367432,11.0,0.5,1502.0,2.0,
4608686,Kyle Monangai,Running Back,2025,Bears,3,Active,68.0,207.0,24,2025.0,7.0,233.0,17,18,142.69999885559082,8.394117579740637,6.176946,6.800000011920929,0,0,0,0,0,,,,169,783,5,4.633136094674557,0.029585798816568,30,18,164,0,0.6,5.466666666666667,9.11111111111111,0,0,64.88235294117646,5.711764700272504,10.882352941176473,0.5818181818181818,1858.5882352941176,0.6470588235294118,
4608810,Tez Johnson,Wide Receiver,2025,Buccaneers,27,Active,70.0,165.0,24,2025.0,7.0,235.0,15,18,92.40000104904176,6.160000069936117,6.287003,2.0000000298023224,0,0,0,0,0,,,,7,22,0,3.142857142857143,0.0,44,28,322,5,0.6363636363636364,7.318181818181818,11.5,0,0,61.8,5.180000019073487,10.8,0.5333333333333333,1891.1333333333332,1.0,
4612826,Ladd McConkey,Wide Receiver,2025,Chargers,24,Active,72.0,185.0,24,2024.0,2.0,34.0,16,17,180.89999985694885,11.306249991059303,6.637721,6.150000035762787,0,0,0,0,0,,,,0,0,0,,,106,66,789,6,0.6226415094339622,7.443396226415095,11.954545454545457,0,0,64.125,5.318750023841858,10.25,0.4909090909090909,1990.1875,1.1875,
4613050,Quentin Skinner,Wide Receiver,2025,Jets,20,Free Agent,77.0,195.0,24,,,,1,18,2.0,2.0,0.0,2.0,0,0,0,0,0,,,,0,0,0,,,1,1,10,0,1.0,10.0,10.0,0,0,46.0,2.700000047683716,8.0,1.0,1300.0,0.0,
4613104,Malachi Corley,Wide Receiver,2025,Browns,5,Active,71.0,215.0,24,2024.0,3.0,65.0,12,18,31.600000217556957,2.6333333514630795,1.8038538,3.8250000178813934,0,0,0,0,0,,,,13,127,0,9.76923076923077,0.0,14,11,79,0,0.7857142857142857,5.642857142857143,7.181818181818182,0,0,57.5,4.458333313465118,11.666666666666666,0.5384615384615384,1724.4166666666667,1.4166666666666667,
4613202,Kyle Williams,Wide Receiver,2025,Patriots,17,Active,71.0,190.0,23,2025.0,3.0,69.0,13,18,49.20000033080578,3.784615410061983,4.97298,7.100000143051148,0,0,0,0,0,,,,2,3,0,1.5,0.0,21,10,209,3,0.4761904761904761,9.952380952380953,20.9,0,0,62.84615384615385,6.138461553133451,10.23076923076923,0.5869565217391305,1901.2307692307693,0.9230769230769232,
4635008,Keon Coleman,Wide Receiver,2025,Bills,2,Active,75.0,213.0,23,2024.0,2.0,33.0,12,18,100.40000081062315,8.366666734218597,5.8092365,8.25,0,0,0,0,0,,,,0,0,0,,,59,38,404,4,0.6440677966101694,6.8474576271186445,10.63157894736842,1,1,64.41666666666667,6.108333388964335,10.083333333333334,0.6595744680851063,2054.75,1.0,
4678006,Elijah Arroyo,Tight End,2025,Seahawks,26,Active,77.0,254.0,23,2025.0,2.0,50.0,13,14,36.89999949932098,2.838461499947768,3.203733,0.375,0,0,0,0,0,,,,0,0,0,,,26,15,179,1,0.5769230769230769,6.884615384615385,11.933333333333334,1,1,58.46153846153846,6.146153853489802,11.0,0.6,1782.6153846153843,1.7692307692307692,
4682652,Devin Neal,Running Back,2025,Saints,18,Active,71.0,213.0,22,2025.0,6.0,184.0,9,15,59.99999926239252,6.66666658471028,4.9676743,11.649999856948853,0,0,0,0,0,,,,57,206,2,3.6140350877192975,0.0350877192982456,19,17,104,0,0.8947368421052632,5.473684210526316,6.117647058823529,0,0,62.77777777777778,4.755555603239271,10.0,0.4090909090909091,1658.0,1.7777777777777777,
4682745,Jaylen Wright,Running Back,2025,Dolphins,15,Active,70.0,208.0,23,2024.0,4.0,120.0,9,18,48.200000792741776,5.355555643637975,5.205363,6.0,0,0,0,0,0,,,,70,288,2,4.114285714285714,0.0285714285714285,9,5,44,0,0.5555555555555556,4.888888888888889,8.8,2,1,56.44444444444444,5.577777730094062,11.0,0.5555555555555556,1831.2222222222224,1.0,
4683062,Xavier Worthy,Wide Receiver,2025,Chiefs,12,Active,71.0,165.0,23,2024.0,1.0,28.0,14,17,109.90000066906214,7.850000047790153,4.3600063,5.049999976530671,0,0,0,0,0,,,,11,87,0,7.909090909090909,0.0,73,42,532,1,0.5753424657534246,7.287671232876712,12.666666666666666,0,0,62.5,5.242857132639204,9.714285714285714,0.5961538461538461,1817.571428571429,0.8571428571428571,
4683243,Mitchell Evans,Tight End,2025,Panthers,29,Active,77.0,258.0,23,2025.0,5.0,163.0,13,18,48.20000064373016,3.707692357210013,3.0492015,3.3500000536441803,0,0,0,0,0,,,,1,1,0,1.0,0.0,25,19,171,2,0.76,6.84,9.0,0,0,60.07692307692308,5.038461593481211,10.076923076923077,0.5263157894736842,1817.6153846153843,1.1538461538461535,
4683423,Riley Leonard,Quarterback,2025,Colts,11,Active,76.0,213.0,23,2025.0,6.0,189.0,5,18,33.000000573694706,6.6000001147389415,9.974568,8.225000143051147,67,39,415,2,3,6.1940298507462686,0.582089552238806,0.0298507462686567,6,27,2,4.5,0.3333333333333333,0,0,-3,0,,,,2,2,58.4,5.440000104904175,11.0,0.6470588235294118,1703.0,2.0,
4685201,Tanner McKee,Quarterback,2025,Eagles,21,Active,78.0,231.0,26,2023.0,6.0,188.0,4,18,15.759999603033066,3.9399999007582656,5.8574224,3.9399999007582656,43,24,274,1,1,6.372093023255814,0.5581395348837209,0.0232558139534883,8,8,0,1.0,0.0,0,0,0,0,,,,0,0,62.75,6.050000071525574,9.25,0.7857142857142857,1989.5,0.5,
4685247,Braelon Allen,Running Back,2025,Jets,20,Active,73.0,235.0,22,2024.0,4.0,134.0,4,4,15.299999952316284,3.824999988079071,2.981086,3.824999988079071,0,0,0,0,0,,,,18,76,1,4.222222222222222,0.0555555555555555,3,2,17,0,0.6666666666666666,5.666666666666667,8.5,1,1,57.25,5.249999940395355,10.5,0.6,1700.75,1.75,
4685278,Luther Burden III,Wide Receiver,2025,Bears,3,Active,72.0,210.0,22,2025.0,2.0,39.0,15,18,127.89999884366988,8.526666589577992,7.285281,15.174999713897703,0,0,0,0,0,,,,6,37,0,6.166666666666667,0.0,60,47,652,2,0.7833333333333333,10.866666666666667,13.872340425531917,0,0,64.46666666666667,5.520000012715657,11.0,0.574468085106383,1863.5333333333333,0.7333333333333333,
4685279,Jaydon Blue,Running Back,2025,Cowboys,6,Active,69.0,196.0,22,2025.0,5.0,149.0,5,18,20.399999797344208,4.079999959468841,4.4449525,4.924999952316284,0,0,0,0,0,,,,38,129,1,3.3947368421052637,0.0263157894736842,1,1,5,0,1.0,5.0,5.0,1,0,59.2,5.9,11.0,0.6,1741.6,0.8,
4685350,Trevor Etienne,Running Back,2025,Panthers,29,Active,68.0,198.0,21,2025.0,4.0,114.0,10,13,11.700000151991844,1.1700000151991845,1.5956503,0.8000000007450581,0,0,0,0,0,,,,20,94,0,4.7,0.0,3,3,13,0,1.0,4.333333333333333,4.333333333333333,2,1,62.6,5.240000009536743,10.0,0.5,1883.2,1.4,
4685382,Omarion Hampton,Running Back,2025,Chargers,24,Active,72.0,220.0,23,2025.0,1.0,22.0,9,17,135.69999980926514,15.077777756585014,7.613263,14.674999952316284,0,0,0,0,0,,,,124,545,4,4.395161290322581,0.032258064516129,35,32,192,1,0.9142857142857144,5.485714285714286,6.0,1,0,63.55555555555556,5.422222243414985,10.444444444444445,0.4074074074074074,1953.888888888889,1.3333333333333333,
4685415,Travis Hunter,Wide Receiver,2025,Jaguars,30,Active,73.0,185.0,23,2025.0,1.0,2.0,7,7,63.799999713897705,9.114285673413958,6.4687,11.549999952316284,0,0,0,0,0,,,,1,0,0,0.0,0.0,45,28,298,1,0.6222222222222222,6.622222222222222,10.642857142857142,1,0,65.42857142857143,5.142857142857143,11.142857142857142,0.5,1865.142857142857,0.8571428571428571,
4685472,Tetairoa McMillan,Wide Receiver,2025,Panthers,29,Active,77.0,212.0,23,2025.0,1.0,8.0,17,18,211.39999961853027,12.435294095207665,6.87296,8.949999809265137,0,0,0,0,0,,,,0,0,0,,,122,70,1014,7,0.5737704918032787,8.311475409836065,14.485714285714286,1,1,59.47058823529412,4.923529442618875,9.823529411764708,0.5333333333333333,1790.764705882353,1.3529411764705883,
4685702,Quinshon Judkins,Running Back,2025,Browns,5,Active,71.0,221.0,22,2025.0,2.0,36.0,14,16,167.80000019073486,11.985714299338204,6.4219313,9.524999856948853,0,0,0,0,0,,,,230,827,7,3.595652173913044,0.0304347826086956,36,26,171,0,0.7222222222222222,4.75,6.576923076923077,0,0,61.21428571428572,4.285714285714286,11.785714285714286,0.5454545454545454,1750.928571428571,1.4285714285714286,
4685720,Bryce Young,Quarterback,2025,Panthers,29,Active,70.0,204.0,24,2023.0,1.0,1.0,16,18,262.04000091552734,16.37750005722046,9.16117,17.115000009536743,478,304,3011,23,11,6.299163179916318,0.6359832635983264,0.0481171548117154,54,216,2,4.0,0.037037037037037,0,0,0,0,,,,7,4,59.5,4.975000038743019,9.75,0.5348837209302325,1803.4375,1.25,
4686422,Xavier Hutchinson,Wide Receiver,2025,Texans,34,Active,75.0,210.0,26,2023.0,6.0,205.0,16,18,97.99999833106996,6.124999895691872,5.1994586,5.574999898672104,0,0,0,0,0,,,,3,22,0,7.333333333333333,0.0,57,35,428,3,0.6140350877192983,7.508771929824562,12.228571428571428,0,0,63.6875,5.043750047683716,11.375,0.4285714285714285,1911.875,0.625,
4686472,Marvin Mims Jr.,Wide Receiver,2025,Broncos,7,Active,71.0,182.0,24,2023.0,2.0,63.0,15,18,87.0000000745058,5.800000004967054,5.522439,5.149999976158142,0,0,0,0,0,,,,12,78,1,6.5,0.0833333333333333,51,37,322,1,0.7254901960784313,6.313725490196078,8.702702702702704,2,1,64.93333333333334,5.48000005086263,10.933333333333334,0.6037735849056604,1898.8,0.8666666666666667,
4686612,Tre' Harris,Wide Receiver,2025,Chargers,24,Active,75.0,210.0,24,2025.0,2.0,55.0,16,18,69.40000009536743,4.3375000059604645,2.7847514,6.149999976158142,0,0,0,0,0,,,,2,10,0,5.0,0.0,43,30,324,1,0.6976744186046512,7.534883720930233,10.8,0,0,64.375,5.187500029802322,10.4375,0.4727272727272727,1958.9375,1.1875,
4686728,Gunnar Helm,Tight End,2025,Titans,10,Active,77.0,241.0,23,2025.0,4.0,120.0,16,17,91.70000040531158,5.731250025331974,3.8619494,5.174999922513962,0,0,0,0,0,,,,0,0,0,,,55,44,357,2,0.8,6.490909090909091,8.113636363636363,0,0,59.4375,4.418749988079071,10.8125,0.5625,1756.3125,1.125,
4688380,Cam Ward,Quarterback,2025,Titans,10,Active,74.0,219.0,24,2025.0,1.0,1.0,17,18,216.66000318527225,12.744706069721897,6.3712144,17.8100004196167,540,323,3169,15,7,5.868518518518519,0.5981481481481481,0.0277777777777777,39,159,2,4.076923076923077,0.0512820512820512,0,0,0,0,,,,11,7,59.05882352941177,4.376470579820521,10.764705882352942,0.5757575757575758,1748.1176470588234,1.1176470588235294,
4688552,Keleki Latu,Tight End,2025,Bills,2,Active,78.0,249.0,23,,,,2,18,7.4999998807907104,3.7499999403953552,2.35,3.7499999403953552,0,0,0,0,0,,,,0,0,0,,,4,4,35,0,1.0,8.75,8.75,0,0,62.5,7.150000095367432,10.0,0.8,1896.5,1.5,
4688813,Josh Downs,Wide Receiver,2025,Colts,11,Active,69.0,171.0,24,2023.0,3.0,79.0,16,18,136.4000015258789,8.525000095367432,4.3592567,9.27500021457672,0,0,0,0,0,,,,2,-2,0,-1.0,0.0,88,58,566,4,0.6590909090909091,6.431818181818182,9.758620689655173,1,1,60.0,5.700000017881393,10.25,0.639344262295082,1792.625,1.4375,
4689114,Jaxson Dart,Quarterback,2025,Giants,19,Active,74.0,223.0,23,2025.0,1.0,25.0,14,18,269.57999851182103,19.255714179415783,11.105386,18.909999732859436,339,216,2272,15,5,6.702064896755163,0.6371681415929203,0.0442477876106194,86,487,9,5.662790697674419,0.1046511627906976,0,0,0,0,,,,5,2,62.642857142857146,5.1642857279096335,10.142857142857142,0.4897959183673469,1812.071428571429,1.0,
4689334,Malik Heath,Wide Receiver,2025,Packers,9,Free Agent,74.0,213.0,26,,,,5,13,14.59999978542328,2.919999957084656,2.111303,2.4749999940395355,0,0,0,0,0,,,,0,0,0,,,7,6,86,0,0.8571428571428571,12.285714285714286,14.333333333333334,0,0,65.6,6.339999961853027,10.2,0.6363636363636364,1906.2,0.6,
4689988,Jason Brownlee,Wide Receiver,2025,Chiefs,12,Active,75.0,202.0,27,,,,1,1,0.0,0.0,0.0,0.0,0,0,0,0,0,,,,0,0,0,,,1,0,0,0,0.0,0.0,,0,0,58.0,6.0,8.0,0.3333333333333333,1636.0,0.0,
4690013,Rasheen Ali,Running Back,2025,Ravens,33,Active,71.0,210.0,25,2024.0,5.0,165.0,8,18,24.199999809265137,3.024999976158142,3.2633379,4.049999952316284,0,0,0,0,0,,,,7,24,0,3.4285714285714284,0.0,11,9,68,1,0.8181818181818182,6.181818181818182,7.555555555555555,0,0,57.5,6.637500047683716,10.375,0.44,1710.625,1.75,
4690070,Mitchell Tinsley,Wide Receiver,2025,Bengals,4,Active,73.0,205.0,26,,,,8,16,31.5999995470047,3.949999943375588,3.6155913,4.424999833106995,0,0,0,0,0,,,,0,0,0,,,24,8,116,2,0.3333333333333333,4.833333333333333,14.5,0,0,62.375,5.087499976158142,11.25,0.5833333333333334,1798.5,1.875,
4690143,LaJohntay Wester,Wide Receiver,2025,Ravens,33,Active,69.0,170.0,24,2025.0,6.0,203.0,2,11,-2.0,-1.0,1.0,-1.0,0,0,0,0,0,,,,0,0,0,,,0,0,0,0,,,,2,1,63.0,5.350000143051148,12.5,0.3333333333333333,1967.0,1.5,
4690923,Ben Sinnott,Tight End,2025,Commanders,28,Active,76.0,245.0,23,2024.0,2.0,53.0,8,18,28.40000009536743,3.550000011920929,2.0560884,3.574999988079071,0,0,0,0,0,,,,0,0,0,,,13,11,114,1,0.8461538461538461,8.76923076923077,10.363636363636363,0,0,53.75,5.100000023841858,9.625,0.631578947368421,1636.125,1.25,
4692590,Jalin Hyatt,Wide Receiver,2025,Giants,19,Active,72.0,185.0,24,2023.0,3.0,73.0,5,15,8.499999761581421,1.699999952316284,2.101428,2.1249999403953552,0,0,0,0,0,,,,0,0,0,,,14,5,35,0,0.3571428571428571,2.5,7.0,0,0,68.4,5.3,10.6,0.7222222222222222,1897.6,1.8,
4692835,Jalen Brooks,Wide Receiver,2025,Cardinals,22,Active,74.0,205.0,26,2023.0,7.0,244.0,2,15,6.099999785423279,3.0499998927116394,2.1499996,3.0499998927116394,0,0,0,0,0,,,,0,0,0,,,6,3,51,0,0.5,8.5,17.0,1,1,62.0,5.0,10.5,0.5714285714285714,1579.0,1.5,
4695193,Efton Chism III,Wide Receiver,2025,Patriots,17,Active,70.0,198.0,24,,,,2,18,16.5,8.25,3.75,8.25,0,0,0,0,0,,,,0,0,0,,,3,3,75,1,1.0,25.0,25.0,0,0,59.0,7.649999856948851,11.0,0.9,1882.0,0.0,
4695404,Isaiah Davis,Running Back,2025,Jets,20,Active,73.0,220.0,24,2024.0,5.0,173.0,15,17,69.19999939203262,4.613333292802175,4.7017536,7.175000011920929,0,0,0,0,0,,,,43,236,1,5.488372093023256,0.0232558139534883,28,21,186,0,0.75,6.642857142857143,8.857142857142858,0,0,60.06666666666667,4.479999979337056,11.0,0.4117647058823529,1722.8,1.4,
4695883,Jalen Coker,Wide Receiver,2025,Panthers,29,Active,75.0,213.0,24,,,,11,18,88.39999949932098,8.036363590847362,5.524701,10.50000011920929,0,0,0,0,0,,,,0,0,0,,,43,33,394,3,0.7674418604651163,9.16279069767442,11.93939393939394,1,1,56.72727272727273,4.818181883205067,9.727272727272728,0.4615384615384615,1716.3636363636365,1.2727272727272727,
4696700,Tip Reiman,Tight End,2025,Cardinals,22,Active,77.0,271.0,24,2024.0,3.0,82.0,3,5,4.799999952316284,1.599999984105428,1.1775681,1.599999984105428,0,0,0,0,0,,,,0,0,0,,,5,3,18,0,0.6,3.6,6.0,0,0,63.0,4.733333269755046,10.333333333333334,0.6,2021.6666666666667,1.0,
4696882,Devontez Walker,Wide Receiver,2025,Ravens,33,Active,73.0,198.0,24,2024.0,4.0,113.0,5,18,37.600000858306885,7.520000171661377,6.1143765,5.2500001192092896,0,0,0,0,0,,,,0,0,0,,,8,6,136,3,0.75,17.0,22.666666666666668,0,0,54.0,5.659999942779541,11.2,0.5333333333333333,1604.6,1.4,
4696981,Cam Skattebo,Running Back,2025,Giants,19,Active,71.0,215.0,24,2025.0,4.0,105.0,8,8,125.69999933242798,15.712499916553496,8.179918,18.449999809265137,0,0,0,0,0,,,,101,410,5,4.05940594059406,0.0495049504950495,32,24,207,2,0.75,6.46875,8.625,1,1,64.125,5.062500029802322,10.25,0.4814814814814814,1849.25,1.125,
4697815,Rachaad White,Running Back,2025,Buccaneers,27,Active,72.0,214.0,27,2022.0,3.0,91.0,17,18,143.00000071525574,8.41176474795622,5.3338966,5.349999964237213,0,0,0,0,0,,,,132,572,4,4.333333333333333,0.0303030303030303,45,40,218,0,0.8888888888888888,4.844444444444444,5.45,0,0,62.8235294117647,5.123529434204102,10.764705882352942,0.54,1913.4117647058824,0.9411764705882352,
4700712,Cam Grandy,Tight End,2025,Bengals,4,Active,77.0,253.0,26,,,,2,16,2.700000047683716,1.350000023841858,0.25,1.350000023841858,0,0,0,0,0,,,,0,0,0,,,2,2,7,0,1.0,3.5,3.5,1,0,56.5,4.9999998807907104,12.5,1.0,1818.0,2.5,
4701936,Matthew Golden,Wide Receiver,2025,Packers,9,Active,71.0,191.0,22,2025.0,1.0,23.0,14,18,70.00000038743019,5.000000027673585,4.1443596,3.225000001490116,0,0,0,0,0,,,,10,49,0,4.9,0.0,44,29,361,0,0.6590909090909091,8.204545454545455,12.448275862068966,0,0,58.5,5.785714268684387,9.714285714285714,0.5576923076923077,1768.142857142857,0.7857142857142857,
4708486,Jimmy Horn Jr.,Wide Receiver,2025,Panthers,29,Active,68.0,174.0,23,2025.0,6.0,208.0,10,18,28.699999690055847,2.8699999690055846,1.6444141,2.400000035762787,0,0,0,0,0,,,,8,69,0,8.625,0.0,15,11,108,0,0.7333333333333333,7.2,9.818181818181818,0,0,56.6,5.000000071525574,9.6,0.5384615384615384,1673.4,1.5,
4710855,Konata Mumpfield,Wide Receiver,2025,Rams,14,Active,73.0,188.0,23,2025.0,7.0,242.0,9,18,25.20000004768372,2.8000000052981906,2.7704792,2.5,0,0,0,0,0,,,,0,0,0,,,23,10,92,1,0.4347826086956521,4.0,9.2,0,0,65.77777777777777,6.077777756585015,10.88888888888889,0.65,1908.111111111111,0.5555555555555556,
4711533,Ollie Gordon II,Running Back,2025,Dolphins,15,Active,74.0,225.0,22,2025.0,6.0,179.0,16,18,54.10000015050173,3.381250009406358,4.268229,2.424999928101897,0,0,0,0,0,,,,70,199,3,2.842857142857143,0.0428571428571428,9,7,32,1,0.7777777777777778,3.555555555555556,4.571428571428571,0,0,55.9375,5.393749952316284,10.3125,0.5777777777777777,1741.1875,1.5,
4715355,Darius Cooper,Wide Receiver,2025,Eagles,21,Active,71.0,210.0,24,,,,5,18,18.200000405311584,3.640000081062317,1.7385055,3.875000089406967,0,0,0,0,0,,,,0,0,0,,,11,9,92,0,0.8181818181818182,8.363636363636363,10.22222222222222,0,0,61.2,5.140000057220459,10.8,0.6,1805.0,1.6,
4722893,Jaleel McLaughlin,Running Back,2025,Broncos,7,Active,67.0,187.0,25,,,,8,18,31.399999767541885,3.924999970942736,2.6508253,3.725000061094761,0,0,0,0,0,,,,37,187,1,5.054054054054054,0.027027027027027,6,4,27,0,0.6666666666666666,4.5,6.75,0,0,64.75,5.225000083446503,10.375,0.5,1970.125,0.75,
4722908,Drew Ogletree,Tight End,2025,Colts,11,Active,77.0,260.0,27,2022.0,6.0,192.0,4,16,12.700000047683716,3.175000011920929,3.345426,3.175000011920929,0,0,0,0,0,,,,0,0,0,,,6,4,27,1,0.6666666666666666,4.5,6.75,0,0,52.75,6.025000095367432,10.25,0.6428571428571429,1546.0,0.5,
4723086,Colston Loveland,Tight End,2025,Bears,3,Active,78.0,241.0,22,2025.0,1.0,10.0,16,18,165.09999918937683,10.318749949336052,8.2301445,15.650000095367432,0,0,0,0,0,,,,1,-2,0,-2.0,0.0,82,58,713,6,0.7073170731707317,8.695121951219512,12.29310344827586,0,0,64.9375,5.8062500059604645,10.875,0.6078431372549019,1850.375,0.625,
4808766,Mason Taylor,Tight End,2025,Jets,20,Active,77.0,251.0,22,2025.0,2.0,42.0,13,14,86.89999973773956,6.6846153644415045,4.6784024,6.575000047683716,0,0,0,0,0,,,,0,0,0,,,65,44,369,1,0.676923076923077,5.676923076923077,8.386363636363637,0,0,59.23076923076923,4.553846130004296,11.0,0.4838709677419355,1701.3076923076924,1.3076923076923077,
4808839,Isaiah Bond,Wide Receiver,2025,Browns,5,Active,71.0,180.0,22,,,,15,18,54.70000010728836,3.646666673819224,3.0970664,4.549999892711639,0,0,0,0,0,,,,5,29,0,5.8,0.0,44,18,338,0,0.4090909090909091,7.681818181818182,18.77777777777778,0,0,60.46666666666667,4.37999997138977,11.466666666666669,0.5151515151515151,1729.3333333333333,1.6666666666666667,
4819231,Kaleb Johnson,Running Back,2025,Steelers,23,Active,73.0,224.0,22,2025.0,3.0,83.0,10,15,8.80000003427267,0.880000003427267,0.86232245,0.6500000059604645,0,0,0,0,0,,,,28,69,0,2.4642857142857144,0.0,2,1,9,0,0.5,4.5,9.0,1,0,55.1,5.050000023841858,10.5,0.5806451612903226,1624.3,0.8,
4874509,DJ Giddens,Running Back,2025,Colts,11,Active,72.0,212.0,22,2025.0,5.0,151.0,5,18,9.599999964237211,1.9199999928474427,1.5689486,1.3750000149011612,0,0,0,0,0,,,,26,96,0,3.692307692307693,0.0,2,0,0,0,0.0,0.0,,0,0,62.2,6.219999980926514,9.0,0.5769230769230769,1894.2,0.6,
4876006,Zaire Mitchell-Paden,Tight End,2025,Saints,18,Active,77.0,257.0,26,,,,3,10,3.700000047683716,1.2333333492279053,0.9809292,1.2333333492279053,0,0,0,0,0,,,,0,0,0,,,3,2,17,0,0.6666666666666666,5.666666666666667,8.5,0,0,53.333333333333336,5.199999968210856,10.0,0.5,1699.6666666666667,1.3333333333333333,
4877203,Gage Larvadain,Wide Receiver,2025,Browns,5,Active,68.0,171.0,23,,,,7,15,12.399999678134918,1.7714285254478457,1.6359482,1.9749999642372127,0,0,0,0,0,,,,1,3,0,3.0,0.0,14,7,71,0,0.5,5.071428571428571,10.142857142857142,4,1,59.142857142857146,4.114285707473755,11.428571428571429,0.4666666666666667,1677.7142857142858,1.4285714285714286,
4877706,Jayden Higgins,Wide Receiver,2025,Texans,34,Active,76.0,215.0,23,2025.0,2.0,34.0,17,18,129.49999833106995,7.617646960651173,5.210196,7.799999862909317,0,0,0,0,0,,,,0,0,0,,,68,41,525,6,0.6029411764705882,7.720588235294118,12.804878048780488,0,0,64.0,5.100000044878791,11.352941176470589,0.4629629629629629,1908.8235294117649,0.7058823529411765,
4878878,Amar Johnson,Running Back,2025,Chargers,24,Active,70.0,205.0,23,,,,1,11,0.800000011920929,0.800000011920929,0.0,0.800000011920929,0,0,0,0,0,,,,2,8,0,4.0,0.0,1,0,0,0,0.0,0.0,,0,0,45.0,3.0,9.0,0.0,1325.0,1.0,
4882093,Bhayshul Tuten,Running Back,2025,Jaguars,30,Active,69.0,209.0,23,2025.0,4.0,104.0,15,18,88.60000026226044,5.906666684150696,4.751345,6.25,0,0,0,0,0,,,,83,307,5,3.6987951807228914,0.0602409638554216,14,10,79,2,0.7142857142857143,5.642857142857143,7.9,2,1,63.8,5.273333358764648,11.133333333333333,0.6206896551724138,1909.8666666666663,1.0666666666666669,
4883647,Elic Ayomanor,Wide Receiver,2025,Titans,10,Active,74.0,206.0,23,2025.0,4.0,136.0,16,18,116.49999976158142,7.281249985098839,4.1046047,8.300000011920929,0,0,0,0,0,,,,0,0,0,,,89,41,515,4,0.4606741573033708,5.786516853932584,12.560975609756095,0,0,58.5,4.374999985098839,10.9375,0.5666666666666667,1717.0625,1.1875,
4887558,Emanuel Wilson,Running Back,2025,Packers,9,Active,70.0,226.0,27,,,,16,18,92.49999997019768,5.781249998137355,6.659037,4.42500002682209,0,0,0,0,0,,,,125,496,3,3.968,0.024,17,15,99,0,0.8823529411764706,5.823529411764706,6.6,1,0,59.1875,5.562499985098839,9.625,0.5636363636363636,1778.25,0.8125,
4889929,Quinn Ewers,Quarterback,2025,Dolphins,15,Active,74.0,209.0,23,2025.0,7.0,231.0,4,18,39.18000078201294,9.795000195503237,6.467787,9.795000195503237,83,55,622,3,3,7.493975903614458,0.6626506024096386,0.036144578313253,8,19,0,2.375,0.0,1,1,-6,0,1.0,-6.0,-6.0,3,0,55.75,4.824999928474426,11.5,0.4,1707.0,2.25,
4890973,Ashton Jeanty,Running Back,2025,Raiders,13,Active,68.0,208.0,22,2025.0,1.0,6.0,17,18,245.0999984741211,14.417646969065949,8.4259615,15.424999713897703,0,0,0,0,0,,,,266,975,5,3.6654135338345855,0.018796992481203,73,55,346,5,0.7534246575342466,4.739726027397261,6.290909090909091,2,1,55.76470588235294,4.352941204519833,10.705882352941176,0.5,1682.8823529411766,1.3529411764705883,
4911851,LeQuint Allen Jr.,Running Back,2025,Jaguars,30,Active,72.0,201.0,21,2025.0,7.0,236.0,15,17,24.799999609589577,1.6533333073059715,0.9680676,1.6749999672174454,0,0,0,0,0,,,,23,94,0,4.086956521739131,0.0,11,10,54,0,0.9090909090909092,4.909090909090909,5.4,0,0,65.4,5.21333335240682,11.333333333333334,0.5901639344262295,1927.7333333333331,1.0666666666666669,
4912274,Sione Vaki,Running Back,2025,Lions,8,Active,71.0,216.0,24,2024.0,4.0,132.0,1,10,0.4000000059604645,0.4000000059604645,0.0,0.4000000059604645,0,0,0,0,0,,,,1,4,0,4.0,0.0,0,0,0,0,,,,0,0,68.0,8.0,9.0,0.6666666666666666,1956.0,0.0,
5081397,Dylan Sampson,Running Back,2025,Browns,5,Active,68.0,200.0,21,2025.0,4.0,126.0,15,18,87.59999990463257,5.839999993642171,5.40824,6.050000011920929,0,0,0,0,0,,,,65,175,0,2.6923076923076925,0.0,40,33,271,2,0.825,6.775,8.212121212121213,1,1,60.66666666666666,4.373333311080932,11.533333333333331,0.5454545454545454,1742.5333333333333,1.3333333333333333,
5082630,Jalen Royals,Wide Receiver,2025,Chiefs,12,Active,72.0,195.0,23,2025.0,4.0,133.0,1,18,2.400000095367432,2.400000095367432,0.0,2.400000095367432,0,0,0,0,0,,,,0,0,0,,,3,2,4,0,0.6666666666666666,1.3333333333333333,2.0,0,0,62.0,2.700000047683716,15.0,0.0,1756.0,2.0,
5083076,Harold Fannin Jr.,Tight End,2025,Browns,5,Active,76.0,241.0,21,2025.0,3.0,67.0,16,17,186.39999961853027,11.649999976158142,5.5471787,16.97499990463257,0,0,0,0,0,,,,7,13,1,1.8571428571428568,0.1428571428571428,107,72,731,6,0.6728971962616822,6.831775700934579,10.15277777777778,1,1,61.125,4.362499982118607,11.625,0.5405405405405406,1776.4375,1.5,
5083297,Jacoby Jones,Wide Receiver,2025,Commanders,28,Active,75.0,228.0,24,,,,1,11,3.5,3.5,0.0,3.5,0,0,0,0,0,,,,0,0,0,,,1,1,25,0,1.0,25.0,25.0,0,0,64.0,5.900000095367432,8.0,0.0,1956.0,2.0,
5083754,Ryan Flournoy,Wide Receiver,2025,Cowboys,6,Active,73.0,200.0,26,2024.0,6.0,216.0,13,18,113.99999976158142,8.769230750890879,6.78453,14.025000095367432,0,0,0,0,0,,,,4,25,0,6.25,0.0,56,40,475,4,0.7142857142857143,8.482142857142858,11.875,0,0,64.0,6.0,10.307692307692308,0.5094339622641509,1804.3076923076924,1.4615384615384617,
5097554,Kameron Johnson,Wide Receiver,2025,Buccaneers,27,Active,70.0,170.0,24,,,,6,15,17.699999645352364,2.9499999408920607,6.027644,0.2750000059604645,0,0,0,0,0,,,,2,13,0,6.5,0.0,7,4,64,1,0.5714285714285714,9.142857142857142,16.0,2,0,61.66666666666666,5.600000023841858,11.166666666666666,0.7058823529411765,1817.3333333333333,0.6666666666666666,
5123663,Isaac TeSlaa,Wide Receiver,2025,Lions,8,Active,76.0,214.0,24,2025.0,3.0,70.0,14,18,75.8999993801117,5.421428527150836,5.402404,7.974999845027924,0,0,0,0,0,,,,0,0,0,,,27,16,239,6,0.5925925925925926,8.851851851851851,14.9375,0,0,63.71428571428572,6.150000010217939,11.071428571428571,0.625,1845.571428571429,0.9285714285714286,
5155825,Carter Runyon,Tight End,2025,Raiders,13,Active,76.0,243.0,24,,,,1,7,1.2999999523162842,1.2999999523162842,0.0,1.2999999523162842,0,0,0,0,0,,,,0,0,0,,,1,1,3,0,1.0,3.0,3.0,0,0,30.0,3.200000047683716,10.0,,1072.0,1.0,
5160110,Jahdae Walker,Wide Receiver,2025,Bears,3,Active,75.0,206.0,23,,,,3,18,26.700000762939453,8.90000025431315,2.8248897,8.90000025431315,0,0,0,0,0,,,,0,0,0,,,10,6,87,2,0.6,8.7,14.5,0,0,58.66666666666666,6.266666571299235,8.666666666666666,0.5,1538.3333333333333,0.3333333333333333,
5178972,Jakobie Keeney-James,Wide Receiver,2025,Packers,9,Active,72.0,190.0,25,,,,1,18,3.5,3.5,0.0,3.5,0,0,0,0,0,,,,0,0,0,,,2,2,15,0,1.0,7.5,7.5,0,0,50.0,2.400000095367432,10.0,0.0,1590.0,0.0,
